tree
version=v4
num_class=1
num_tree_per_iteration=1
label_index=0
max_feature_idx=17
objective=binary sigmoid:1
feature_names=td_mean td_max td_slope_per_h td_mean_24h imb_mean imb_max imb_slope_per_h imb_mean_24h iso_min iso_mean iso_slope_per_h iso_min_24h hvil_false_frac hvil_flaps aux_min aux_mean soc_mean soc_gt80_frac
feature_infos=[0.89456018518518499:11.88599537037037] [3.1999999999999993:27] [-0.028950182742907421:0.22250116656284821] [0.97569444444444442:17.164236111111109] [9.4618055555555554:91.473379629629633] [12:164] [-0.0244305052277645:2.0249808549733528] [9.4340277777777786:136.04166666666666] [93:3998] [438.66550925925924:3998] [-61.286069899999355:9.8273752835127762e-14] [93:3998] [0:0.010416666666666666] [0:18] [11.220000000000001:12.6] [12.616689814814814:13.37777777777778] [65.344548611111108:94.500937499999992] [0.48842592592592593:0.875]
tree_sizes=1782 1830 1834 1842 1832 1850 1843 1851 1844 1853 1850 1859 1843 1840 1844 1840 1842 1845 1836 1838 1844 1836 1876 1848 1847 1838 1848 1841 1851 1837 1847 1844 1854 1839 1838 1829 1850 1847 1841 1843 1841 1862 1862 1845 1837 1851 1855 1844 1839 1845 1837 1838 1857 1854 1850 1837 1850 1843 1866 1838 1841 1853 1845 1853 1854 1842 1867 1833 1843 1871 1840 1850 1864 1852 1862 1866 1848 1839 1848 1847 1844 1842 1847 1850 1847 1876 1843 1834 1875 1843 1846 1868 1846 1850 1874 1842 1849 1850 1846 1854 1852 1844 1848 1842 1858 1868 1866 1858 1827 1846 1837 1846 1851 1846 1837 1857 1877 1866 1841 1831 1869 1849 1843 1853 1835 1865 1859 1840 1845 1831 1869 1824 1818 1835 1814 1825 1836 1858 1825 1845 1846 1825 1827 1838 1852 1850 1847 1839 1850 1836 1834 1819 1836 1857 1859 1832 1858 1832 1841 1835 1850 1824 1836 1857 1846 1831 1837 1840 1860 1830 1837 1831 1833 1837 1824 1839 1851 1850 1844 1835 1862 1839 1829 1847 1846 1837 1839 1828 1845 1824 1849 1854 1829 1855 1843 1854 1839 1859 1844 1851 1861 1835 1843 1850 1843 1839 1839 1833 1844 1841 1849 1860 1844 1816 1813 1802 1866 1841 1826 1836 1851 1851 1832 1840 1846 1844 1838 1843 1827 1855 1836 1841 1852 1848 1845 1845 1825 1830 1837 1839 1847 1855 1842 1820 1854 1850 1825 1851 1861 1854 1845 1835 1844 1841 1837 1825 1842 1852 1851 1828 1851 1829 1831 1827 1845 1842 1847 1826 1807 1823 1824 1841 1831 1834 1857 1834 1842 1838 1821 1820 1840 1821 1839 1850 1831 1836 1845 1860 1850 1854 1836 1838 1845 1842 1846 1824 1860 1829 1840 1817

Tree=0
num_leaves=16
num_cat=0
split_feature=6 10 3 14 12 7 1 16 15 10 8 10 2 7 8
split_gain=776.998 576.92 534.317 203.879 68.6146 41.3712 49.8911 47.6484 35.1679 22.9033 27.2583 18.4713 16.7885 18.925 16.6673
threshold=0.023533535611982289 -9.1350585052644827e-14 1.9423611111111116 12.160000000000002 1.0000000180025095e-35 18.883680555555561 3.9500000000000015 83.228518518518541 12.964872685185187 -3.3416832136077819e-14 3366.0000000000005 -7.6968159752068088e-15 -0.0024053018886038596 19.463541666666671 2732.5000000000005
decision_type=2 2 2 2 2 2 2 2 2 2 2 2 2 2 2
left_child=1 -1 3 -3 5 8 7 -7 14 -9 11 -11 13 -13 -5
right_child=-2 2 -4 4 -6 6 -8 9 -10 10 -12 12 -14 -15 -16
leaf_value=-1.2768872895551913 -1.2819092822294087 -1.2768872895551913 -1.2768872895551913 -1.453661431687638 -1.2768872895551913 -1.4418985787434919 -1.4551775049477789 -1.4697318082451329 -1.4477735523898303 -1.3436411614094019 -1.2768872895551913 -1.4215206785726475 -1.4413723202024946 -1.3025998920471837 -1.3475969464081701
leaf_weight=19.756848812103271 29.868621826171875 6.5337610244750968 17.578928470611572 1.8667888641357411 2.1779203414916983 15.089876651763914 24.734952449798584 2.0223546028137198 834.76575374603271 8.0894184112548881 2.8001832962036124 2.4890518188476598 5.2892351150512678 2.3334860801696777 4.6669721603393555
leaf_count=127 192 42 113 12 14 97 159 13 5366 52 18 16 34 15 30
internal_value=-1.43257 -1.43731 -1.44071 -1.44387 -1.44507 -1.44548 -1.422 -1.40047 -1.44723 -1.37331 -1.36402 -1.37743 -1.40446 -1.36398 -1.3779
internal_weight=980.064 950.196 930.439 912.86 906.326 904.148 62.8486 38.1136 841.3 23.0237 21.0014 18.2012 10.1118 4.82254 6.53376
internal_count=6300 6108 5981 5868 5826 5812 404 245 5408 148 135 117 65 31 42
is_linear=0
shrinkage=1


Tree=1
num_leaves=16
num_cat=0
split_feature=6 10 3 14 12 7 1 16 15 10 8 10 2 1 0
split_gain=669.095 497.846 462.963 177.132 59.6725 39.258 46.3124 42.5669 32.5627 20.39 21.6305 16.4795 24.832 15.9938 15.1562
threshold=0.023533535611982289 -9.1350585052644827e-14 1.9423611111111116 12.160000000000002 1.0000000180025095e-35 18.883680555555561 3.9500000000000015 83.228518518518541 12.964872685185187 -3.3416832136077819e-14 3366.0000000000005 4.4874000171117077e-14 -0.0050129661506998274 3.9000000000000008 1.0818865740740744
decision_type=2 2 2 2 2 2 2 2 2 2 2 2 2 2 2
left_child=1 -1 3 -3 5 8 7 -7 14 -9 13 -10 -13 -11 -5
right_child=-2 2 -4 4 -6 6 -8 9 11 10 -12 12 -14 -15 -16
leaf_value=0.13756385525091583 0.13351085754435243 0.13756385525091583 0.13756385525091583 -0.0039572132145052636 0.13756385525091583 -0.0091007231410791568 -0.022241667197670005 -0.036899612132214196 -0.01528140830403139 0.039813028172731073 0.13756385525091583 0.12516537299255542 -0.0027007114634109691 0.11615017335401222 0.087832414784828228
leaf_weight=21.656220749020576 32.647396087646484 7.1618997752666465 19.268920823931694 2.6917161792516699 2.3872999250888816 15.003413513302801 24.391728401184082 1.9762678444385517 819.88350987434387 15.895885691046724 3.0693856179714194 1.8493613004684446 5.2398570179939261 2.9246086180210105 4.0624703913927078
leaf_count=127 192 42 113 17 14 97 159 13 5320 99 18 12 34 18 25
internal_value=-2.08576e-05 -0.00462206 -0.00794803 -0.011041 -0.0122243 -0.012623 0.0101613 0.030495 -0.0143518 0.0553868 0.0637187 -0.0148876 0.0306557 0.0516754 0.0512519
internal_weight=980.11 947.463 925.806 906.537 899.376 896.988 63.2613 38.8696 833.727 23.8661 21.8899 826.973 7.08922 18.8205 6.75419
internal_count=6300 6108 5981 5868 5826 5812 404 245 5408 148 135 5366 46 117 42
is_linear=0
shrinkage=0.03


Tree=2
num_leaves=16
num_cat=0
split_feature=6 10 3 14 12 7 1 16 15 10 8 10 2 8 8
split_gain=585.93 437.087 407.947 156.463 52.757 37.274 43.0948 38.5249 30.2275 18.9981 15.555 15.4796 21.2552 14.5918 33.3147
threshold=0.023533535611982289 -9.1350585052644827e-14 1.9423611111111116 12.160000000000002 1.0000000180025095e-35 18.883680555555561 3.9500000000000015 82.90064814814815 12.964872685185187 -3.3416832136077819e-14 3366.0000000000005 4.4874000171117077e-14 -0.0050129661506998274 2628.0000000000005 2849.5000000000005
decision_type=2 2 2 2 2 2 2 2 2 2 2 2 2 2 2
left_child=1 -1 3 -3 5 8 7 -7 -5 -9 -11 13 -13 -10 -15
right_child=-2 2 -4 4 -6 6 -8 9 11 10 -12 12 -14 14 -16
leaf_value=0.12373961305137841 0.12032050803322344 0.12373961305137841 0.12373961305137841 0.04821220627284762 0.12373961305137841 -0.01236841187159817 -0.021881082954072345 -0.03667772920715992 -0.01936034554555835 0.047854307964811216 0.11659254381154897 0.11249774540101269 -0.0026241473142181435 0.010197743754750851 -0.014444154436110818
leaf_weight=23.325482428073883 35.098731994628906 7.7139390707015982 20.754169404506683 6.9588483572006217 2.5713130235671988 13.381089672446249 24.055012777447701 2.084547519683837 370.19160427153111 20.630140274763114 3.459779515862464 1.9934756755828855 5.2310946881771079 56.6354990452528 385.30458110570908
leaf_count=127 192 42 113 42 14 87 159 14 2425 125 19 12 34 371 2524
internal_value=-3.71049e-05 -0.00451073 -0.00775895 -0.0107906 -0.0119534 -0.0123454 0.00978323 0.0290393 -0.0140489 0.0502081 0.0577265 -0.0145777 0.0291414 -0.0149666 -0.0112862
internal_weight=979.389 944.291 920.965 900.211 892.497 889.926 63.6106 39.5556 826.315 26.1745 24.0899 819.356 7.22457 812.132 441.94
internal_count=6300 6108 5981 5868 5826 5812 404 245 5408 158 144 5366 46 5320 2895
is_linear=0
shrinkage=0.03


Tree=3
num_leaves=16
num_cat=0
split_feature=6 10 3 14 12 7 1 16 15 10 10 2 8 8 2
split_gain=519.741 388.785 364.055 139.935 47.2224 35.3995 40.1727 34.8998 28.1261 17.1807 14.5597 18.4578 14.1333 31.6561 36.9724
threshold=0.023533535611982289 -9.1350585052644827e-14 1.9423611111111116 12.160000000000002 1.0000000180025095e-35 18.883680555555561 3.9500000000000015 82.90064814814815 12.964872685185187 -3.3416832136077819e-14 4.4874000171117077e-14 -0.0050129661506998274 2628.0000000000005 2849.5000000000005 -0.012788514993402516
decision_type=2 2 2 2 2 2 2 2 2 2 2 2 2 2 2
left_child=1 -1 3 -3 5 8 7 -7 -5 -9 12 -12 -10 14 -14
right_child=-2 2 -4 4 -6 6 -8 9 10 -11 11 -13 13 -15 -16
leaf_value=0.11282924225105219 0.10984454191092079 0.11282924225105219 0.11282924225105219 0.045476521058970973 0.11282924225105219 -0.012091476149205308 -0.021524611532184046 -0.036437257791127907 -0.019012418750657106 0.054204892680946026 0.10235555965247109 -0.0025496345140744638 0.14198634322379997 -0.01414010131321331 0.0054107127145223855
leaf_weight=24.789360567927361 37.25709342956543 8.1980562508106214 22.056675150990486 7.1530522853136054 2.7326854169368735 13.27850805222988 23.724826902151108 2.0360880345106116 365.72542376816273 24.871020242571834 2.1231349110603333 5.2225831449031821 1.8435407280921925 381.8352352976799 55.152593448758125
leaf_count=127 192 42 113 42 14 87 159 14 2425 144 12 34 12 2524 359
internal_value=-5.00317e-05 -0.00440229 -0.00757504 -0.010546 -0.011688 -0.0120733 0.00943065 0.0277061 -0.0137513 0.0473459 -0.0142731 0.0277711 -0.0146569 -0.0110271 0.00982825
internal_weight=978 940.743 915.953 893.897 885.699 882.966 63.9104 40.1856 819.056 26.9071 811.903 7.34572 804.557 438.831 56.9961
internal_count=6300 6108 5981 5868 5826 5812 404 245 5408 158 5366 46 5320 2895 371
is_linear=0
shrinkage=0.03


Tree=4
num_leaves=16
num_cat=0
split_feature=6 10 3 14 12 7 1 16 15 10 8 10 8 8 0
split_gain=465.739 349.372 328.112 126.367 42.675 33.6251 37.494 31.7284 26.2152 15.0334 14.8401 14.3322 13.712 30.717 34.0982
threshold=0.023533535611982289 -9.1350585052644827e-14 1.9423611111111116 12.160000000000002 1.0000000180025095e-35 18.883680555555561 3.9500000000000015 83.228518518518541 12.964872685185187 -3.3416832136077819e-14 3366.0000000000005 -7.6968159752068088e-15 2628.0000000000005 2859.5000000000005 1.721354166666667
decision_type=2 2 2 2 2 2 2 2 2 2 2 2 2 2 2
left_child=1 -1 3 -3 5 8 7 -7 -5 -9 11 -11 -10 14 -14
right_child=-2 2 -4 4 -6 6 -8 9 12 10 -12 -13 13 -15 -16
leaf_value=0.10399162880358868 0.10131452178642526 0.10399162880358868 0.10399162880358868 0.042995841558603407 0.10399162880358868 -0.0085854075826179901 -0.021172104069942622 -0.036180817916230221 -0.018301191420238627 0.070447180567516948 0.1090217760144232 0.020110729720735382 0.0053291843020333617 -0.013580170338120541 0.13353551212501547
leaf_weight=26.068185731768608 39.151033401489258 8.6209748089313489 23.194527462124825 7.3358785659074774 2.8736582696437827 14.804176747798918 23.401177883148193 1.8414245098829258 362.27239280939102 9.3069916218519264 3.5901619791984549 11.237845435738565 58.699369728565216 381.6971300393343 1.9283823072910298
leaf_count=127 192 42 113 42 14 97 159 13 2431 52 18 65 380 2543 12
internal_value=-6.05346e-05 -0.00429691 -0.00739624 -0.010307 -0.011428 -0.0118066 0.00909732 0.0264669 -0.013459 0.0464434 0.0527474 0.0429136 -0.0139737 -0.0104294 0.00940703
internal_weight=976.023 936.872 910.804 887.61 878.989 876.115 64.1818 40.7806 811.933 25.9764 24.135 20.5448 804.597 442.325 60.6278
internal_count=6300 6108 5981 5868 5826 5812 404 245 5408 148 135 117 5366 2935 392
is_linear=0
shrinkage=0.03


Tree=5
num_leaves=16
num_cat=0
split_feature=6 10 3 14 12 7 1 16 15 10 10 2 8 8 1
split_gain=420.799 316.542 298.062 114.997 38.8606 31.9285 35.0498 29.1385 24.4694 14.2994 13.7389 16.2632 13.2424 28.5587 31.7886
threshold=0.023533535611982289 -9.1350585052644827e-14 1.9423611111111116 12.160000000000002 1.0000000180025095e-35 18.883680555555561 3.9500000000000015 82.90064814814815 12.964872685185187 -3.3416832136077819e-14 4.4874000171117077e-14 -0.0050129661506998274 2628.0000000000005 2849.5000000000005 4.9000000000000012
decision_type=2 2 2 2 2 2 2 2 2 2 2 2 2 2 2
left_child=1 -1 3 -3 5 8 7 -7 -5 -9 12 -12 -10 14 -14
right_child=-2 2 -4 4 -6 6 -8 9 10 -11 11 -13 13 -15 -16
leaf_value=0.096683681728864559 0.094229425056202035 0.096683681728864559 0.096683681728864559 0.040734833920864875 0.096683681728864559 -0.0116249608792739 -0.020823430807571302 -0.036000066877855751 -0.018335787113597474 0.048326688592066604 0.094724792163695906 -0.0021774142828601068 -0.0040729386883091032 -0.013553047582386886 0.046714172920062164
leaf_weight=27.179294630885124 40.804999351501465 8.9884281456470472 24.183151915669441 7.508040487766265 2.9961427152156821 13.107407748699186 23.084065720438957 1.9438082873821247 357.15564452111721 26.250140726566318 2.2297022491693497 5.1802489757537833 42.696665391325951 375.2179729193449 14.984700202941893
leaf_count=127 192 42 113 42 14 87 159 14 2425 144 12 34 276 2524 95
internal_value=-6.8839e-05 -0.0041943 -0.00722215 -0.0100732 -0.0111732 -0.0115449 0.00878371 0.0253317 -0.0131709 0.0425129 -0.0136784 0.0269811 -0.0140598 -0.0105319 0.00912074
internal_weight=973.51 932.705 905.526 881.343 872.355 869.358 64.3854 41.3014 804.973 28.1939 797.465 7.40995 790.055 432.899 57.6814
internal_count=6300 6108 5981 5868 5826 5812 404 245 5408 158 5366 46 5320 2895 371
is_linear=0
shrinkage=0.03


Tree=6
num_leaves=16
num_cat=0
split_feature=6 10 3 14 12 7 1 16 15 10 10 2 5 10 8
split_gain=382.792 288.735 272.516 105.307 35.6071 30.3258 32.7893 26.6346 22.8698 13.0857 12.9405 14.4091 12.8952 15.2506 12.812
threshold=0.023533535611982289 -9.1350585052644827e-14 1.9423611111111116 12.160000000000002 1.0000000180025095e-35 18.883680555555561 3.9500000000000015 82.90064814814815 12.964872685185187 -3.3416832136077819e-14 4.4874000171117077e-14 -0.0050129661506998274 15.500000000000002 -1.0364007625571203e-14 2628.0000000000005
decision_type=2 2 2 2 2 2 2 2 2 2 2 2 2 2 2
left_child=1 -1 3 -3 5 8 7 -7 12 -9 14 -12 -5 -14 -10
right_child=-2 2 -4 4 -6 6 -8 9 10 -11 11 -13 13 -15 -16
leaf_value=0.090538323952640221 0.088247878598799026 0.090538323952640221 0.090538323952640221 0.095764108802485759 0.090538323952640221 -0.011360665871571165 -0.020478465692002963 -0.035787934287692377 -0.018000142074891676 0.045728243016518622 0.087660977952865815 -0.0021150133294675351 -0.029356489688073618 0.075262763526020321 -0.010287465408783976
leaf_weight=28.137821167707443 42.240406036376953 9.3054211735725385 25.03601410984993 2.4313022792339316 3.1018070578575125 13.011442959308622 22.77347619831562 1.8973720818758 352.96506807208061 26.899209544062618 2.3353722542524338 5.1732012033462516 3.1596575826406479 2.0792404115200043 429.9828976392746
leaf_count=127 192 42 113 13 14 87 159 14 2425 144 12 34 18 11 2895
internal_value=-7.5546e-05 -0.00409457 -0.0070527 -0.00984466 -0.0109235 -0.0112883 0.00848488 0.0242617 -0.0128883 0.0403572 -0.0133886 0.0258078 0.0386645 0.0121653 -0.0137645
internal_weight=970.53 928.289 900.151 875.115 865.81 862.708 64.5815 41.808 798.127 28.7966 790.457 7.50857 7.6702 5.2389 782.948
internal_count=6300 6108 5981 5868 5826 5812 404 245 5408 158 5366 46 42 29 5320
is_linear=0
shrinkage=0.03


Tree=7
num_leaves=16
num_cat=0
split_feature=6 10 3 14 12 7 1 16 15 8 8 0 10 10 9
split_gain=350.212 264.852 250.496 96.9336 32.7931 28.7998 30.7049 24.4068 21.3931 12.3071 27.8344 28.3051 27.1488 17.4516 28.1829
threshold=0.023533535611982289 -9.1350585052644827e-14 1.9423611111111116 12.160000000000002 1.0000000180025095e-35 18.883680555555561 3.9500000000000015 82.90064814814815 12.964872685185187 2628.0000000000005 2859.5000000000005 1.7123263888888893 -3.9572157584075958e-14 -1.0873269802499943e-14 1542.0966435185187
decision_type=2 2 2 2 2 2 2 2 2 2 2 2 2 2 2
left_child=1 -1 3 -3 5 8 7 -7 -5 12 11 -11 -10 14 -14
right_child=-2 2 -4 4 -6 6 -8 -9 9 10 -12 -13 13 -15 -16
leaf_value=0.085298087704481398 0.083128904649822172 0.085298087704481398 0.085298087704481398 0.036792480952887216 0.085298087704481398 -0.011100935588240263 -0.020137104060745495 0.038383142207792126 0.0887907914595467 0.0049026364769397595 -0.012798471950998038 0.10938661672840158 0.10803998072562583 -0.022197544884908084 -0.0095307690753153873
leaf_weight=28.957196041941643 43.476290702819824 9.5763955414295179 25.76506419479847 7.8111718595027915 3.1921318471431723 12.917835026979445 22.469385623931885 29.357790276408195 2.1579330414533606 58.519444957375526 372.90817959606647 2.4304119050502768 1.8702086359262455 248.35025596618652 97.394711270928383
leaf_count=127 192 42 113 42 14 87 159 158 15 378 2543 14 13 1726 677
internal_value=-8.05575e-05 -0.00399712 -0.00688711 -0.00962046 -0.0106782 -0.011036 0.00820103 0.0232627 -0.0126097 -0.0131021 -0.00972646 0.009069 -0.0172894 -0.0179479 -0.00731567
internal_weight=967.154 923.678 894.721 868.956 859.379 856.187 64.745 42.2756 791.442 783.631 433.858 60.9499 349.773 347.615 99.2649
internal_count=6300 6108 5981 5868 5826 5812 404 245 5408 5366 2935 392 2431 2416 690
is_linear=0
shrinkage=0.03


Tree=8
num_leaves=16
num_cat=0
split_feature=6 10 3 14 12 7 1 16 7 10 15 1 10 5 10
split_gain=321.972 244.105 231.299 89.616 30.3316 27.4994 45.1098 39.6726 27.1289 16.4158 15.1802 15.3009 18.2877 19.7393 26.0107
threshold=0.023533535611982289 -9.1350585052644827e-14 1.9423611111111116 12.160000000000002 1.0000000180025095e-35 17.635416666666668 3.9500000000000015 82.90064814814815 18.336805555555561 -2.7259532804892743e-14 12.964872685185187 4.4000000000000012 5.0177080014496199e-15 16.500000000000004 2.258952460129663e-14
decision_type=2 2 2 2 2 2 2 2 2 2 2 2 2 2 2
left_child=1 -1 3 -3 5 10 7 -7 -9 -8 -5 -12 -13 -14 -15
right_child=-2 2 -4 4 -6 6 9 8 -10 -11 11 12 13 14 -16
leaf_value=0.08077683260802046 0.078697355924279441 0.08077683260802046 0.08077683260802046 0.034786781281932092 0.08077683260802046 -0.010889144100732554 0.032222874235190727 0.16401545382827182 0.033610267594215933 -0.029641155779331706 -0.01667501124679624 -0.012650033395371385 -0.0090893431060300716 0.032551084419301185 -0.026310151882186102
leaf_weight=29.64947035908699 44.529765129089355 9.805336654186247 26.381024807691574 6.000599578022956 3.2684455513954154 23.421919047832489 4.3860548287630072 1.4943830370903004 36.606722667813301 32.208636805415154 442.79671587049961 214.69585867226124 49.106755211949348 30.420325472950935 8.6859578639268857
leaf_count=127 192 42 113 32 14 160 31 10 201 228 3063 1484 335 209 59
internal_value=-8.51333e-05 -0.0039028 -0.00672611 -0.0094013 -0.0104378 -0.0107886 0.00414858 0.0198368 0.038725 -0.0222264 -0.0127383 -0.0131207 -0.00792506 0.00357473 0.0194773
internal_weight=963.458 918.928 889.279 862.898 853.092 849.824 98.1177 61.523 38.1011 36.5947 751.706 745.706 302.909 88.213 39.1063
internal_count=6300 6108 5981 5868 5826 5812 630 371 211 259 5182 5150 2087 603 268
is_linear=0
shrinkage=0.03


Tree=9
num_leaves=16
num_cat=0
split_feature=6 10 3 14 12 7 1 16 7 10 4 8 10 9 10
split_gain=297.254 225.899 214.393 83.1567 28.1568 26.1584 42.4729 36.3873 21.9188 15.6828 19.3316 15.2831 28.946 22.1571 17.3267
threshold=0.023533535611982289 -9.1350585052644827e-14 1.9423611111111116 12.160000000000002 1.0000000180025095e-35 17.635416666666668 3.9500000000000015 82.90064814814815 18.336805555555561 -2.7615055831679364e-14 19.876736111111114 2628.0000000000005 -3.9572157584075958e-14 2977.5000000000005 -4.998512130797359e-15
decision_type=2 2 2 2 2 2 2 2 2 2 2 2 2 2 2
left_child=1 -1 3 -3 5 11 7 -7 -9 10 -8 12 -5 -13 -15
right_child=-2 2 -4 4 -6 6 9 8 -10 -11 -12 13 -14 14 -16
leaf_value=0.076836529074726795 0.074822745570332264 0.076836529074726795 0.076836529074726795 0.085519446775622815 0.076836529074726795 -0.010638090574369395 0.11633464645314337 0.14376091344225628 0.032057175170372314 -0.027844282852726398 -0.036233786979203035 0.0039517843848302448 -0.018022530537743473 -0.019202136219136481 -0.0051633703700073455
leaf_weight=30.225550293922424 45.416333198547363 9.9958512783050519 26.89359986782074 2.4480203837156287 3.3319504261016837 23.257944002747536 1.5726799219846719 1.6511040925979603 37.219178915023804 33.063779100775719 1.4244455099105833 96.739520385861397 329.33542554080486 164.5329682379961 152.42072893679142
leaf_count=127 192 42 113 16 14 160 11 10 201 238 10 638 2334 1143 1051
internal_value=-8.89322e-05 -0.00381081 -0.00656864 -0.009186 -0.0102012 -0.0105449 0.00401055 0.0190426 0.036802 -0.0218878 0.0438234 -0.0124621 -0.0172586 -0.00861531 -0.012451
internal_weight=959.529 914.113 883.887 856.994 846.998 843.666 98.1891 62.1282 38.8703 36.0609 2.99713 745.477 331.783 413.693 316.954
internal_count=6300 6108 5981 5868 5826 5812 630 371 211 259 21 5182 2350 2832 2194
is_linear=0
shrinkage=0.03


Tree=10
num_leaves=16
num_cat=0
split_feature=6 10 3 14 12 7 1 16 15 10 2 1 10 5 8
split_gain=275.435 209.791 199.386 77.4094 26.2201 24.9144 25.4622 19.4338 18.4671 12.3546 12.93 12.2857 16.0289 21.3752 27.0307
threshold=0.023533535611982289 -9.1350585052644827e-14 1.9423611111111116 12.160000000000002 1.0000000180025095e-35 18.883680555555561 3.9500000000000015 83.228518518518541 12.964872685185187 4.4874000171117077e-14 -0.0050129661506998274 4.4000000000000012 5.0177080014496199e-15 16.500000000000004 3540.5000000000005
decision_type=2 2 2 2 2 2 2 2 2 2 2 2 2 2 2
left_child=1 -1 3 -3 5 8 7 -7 -5 11 -11 -10 -13 -14 -15
right_child=-2 2 -4 4 -6 6 -8 -9 9 10 -12 12 13 14 -16
leaf_value=0.07337255176133356 0.071405792940673798 0.07337255176133356 0.07337255176133356 0.033253535111516561 0.07337255176133356 -0.0077005803718917841 -0.019123918010594397 0.034882007292315845 -0.015786230643656418 0.083461541948702478 -0.0010799165648624712 -0.012327937038748408 -0.010722265401722024 0.03632110458233067 -0.017164924155636231
leaf_weight=30.695357948541641 46.150111198425293 10.151220738887785 27.311617702245712 8.0994751006364805 3.3837402462959281 14.441465020179747 21.57248766720295 29.046520307660103 453.9638759791851 2.4011793583631516 5.0575745403766623 217.05469553172588 46.750106945633888 26.742477402091026 12.468933403491972
leaf_count=127 192 42 113 42 14 97 159 148 3201 12 34 1527 324 182 86
internal_value=-9.19835e-05 -0.00372138 -0.00641526 -0.00897553 -0.00996953 -0.0103062 0.00752289 0.0207412 -0.0118077 -0.0122852 0.0261363 -0.0126637 -0.00798576 0.00297832 0.019313
internal_weight=955.291 909.141 878.445 851.134 840.983 837.599 65.0605 43.488 772.538 764.439 7.45875 756.98 303.016 85.9615 39.2114
internal_count=6300 6108 5981 5868 5826 5812 404 245 5408 5366 46 5320 2119 592 268
is_linear=0
shrinkage=0.03


Tree=11
num_leaves=16
num_cat=0
split_feature=6 10 3 14 12 7 1 16 4 10 8 10 9 10 0
split_gain=256.033 195.431 185.965 72.2582 24.4828 23.9542 38.4486 31.4625 19.0687 15.2677 14.8665 26.5424 20.9658 16.6646 22.1877
threshold=0.023533535611982289 -9.1350585052644827e-14 1.9423611111111116 12.160000000000002 1.0000000180025095e-35 17.635416666666668 3.9500000000000015 82.90064814814815 18.110532407407412 -2.7259532804892743e-14 2628.0000000000005 -3.9572157584075958e-14 2977.5000000000005 -4.998512130797359e-15 1.5500578703703705
decision_type=2 2 2 2 2 2 2 2 2 2 2 2 2 2 2
left_child=1 -1 3 -3 5 10 7 -7 -9 -8 11 -5 -12 -14 -15
right_child=-2 2 -4 4 -6 6 9 8 -10 -11 12 -13 13 14 -16
leaf_value=0.070304150292705925 0.068369574335948119 0.070304150292705925 0.070304150292705925 0.079439991937113916 0.070304150292705925 -0.010126924572154352 0.030364802815314552 0.13010903811283492 0.029490335021126322 -0.028862403346355807 0.0041062498304758714 -0.017479689123737097 -0.018614537136422155 0.0047837692453427333 -0.018647924834592152
leaf_weight=31.067965716123581 46.744019508361816 10.274445354938505 27.643150597810745 2.5632651001214972 3.4248151183128348 22.927526921033859 4.4915074110031119 1.7738155126571644 38.221275240182877 30.63390751183033 96.41525000333786 322.84736432135105 160.9581925868988 89.532318070530891 61.252778723835945
leaf_count=127 192 42 113 16 14 160 31 10 201 228 638 2334 1143 622 429
internal_value=-9.38623e-05 -0.00363386 -0.00626526 -0.0087692 -0.00974212 -0.0100718 0.00385503 0.0178912 0.0339529 -0.021289 -0.0119332 -0.0167163 -0.00811987 -0.0119011 -0.00473479
internal_weight=950.772 904.028 872.96 845.316 835.042 831.617 98.048 62.9226 39.9951 35.1254 733.569 325.411 408.159 311.743 150.785
internal_count=6300 6108 5981 5868 5826 5812 630 371 211 259 5182 2350 2832 2194 1051
is_linear=0
shrinkage=0.03


Tree=12
num_leaves=16
num_cat=0
split_feature=6 10 3 14 16 4 1 8 1 1 10 10 5 4 4
split_gain=238.673 182.551 173.889 67.6137 23.681 24.6894 41.4299 21.0747 17.6619 14.8609 17.0366 14.7656 13.555 13.2305 13.0771
threshold=0.023533535611982289 -9.1350585052644827e-14 1.9423611111111116 12.160000000000002 82.291886574074098 17.651041666666671 3.9500000000000015 3207.5000000000005 3.9000000000000008 4.4000000000000012 4.7423824639622641e-14 -1.0950071282200691e-14 13.500000000000002 19.526041666666668 18.110532407407412
decision_type=2 2 2 2 2 2 2 2 2 2 2 2 2 2 2
left_child=1 -1 3 -3 9 12 8 -8 14 10 -5 -9 -6 -10 -7
right_child=-2 2 -4 4 5 6 7 11 13 -11 -12 -13 -14 -15 -16
leaf_value=0.067567909835763759 0.065653530916775157 0.067567909835763759 0.067567909835763759 -0.019206883107807288 -0.024168183620869844 0.10356716918638222 -0.032495084198382554 0.091842008089501395 0.13773876627040238 -0.0079378709696175387 0.060699306383359929 -0.020023925820039298 -0.0048318949958966661 0.047145504298342966 0.017697328280282584
leaf_weight=31.351696580648422 47.209905624389648 10.368277609348295 27.89560404419899 266.72855953872204 37.841807961463928 1.6708127707242955 19.525037407875065 2.3360197842121124 2.0369438529014579 217.11657837033272 2.4232109785079947 1.9470432400703419 236.83469392359257 5.0425433665513992 35.716840952634811
leaf_count=127 192 42 113 1915 271 9 148 16 12 1535 15 15 1674 26 190
internal_value=-9.56714e-05 -0.00354904 -0.00611928 -0.00856756 -0.00951953 -0.00348272 0.0126623 -0.0192754 0.0297621 -0.0137771 -0.0184875 0.0409887 -0.00749583 0.0732114 0.0215348
internal_weight=946.046 898.836 867.484 839.588 829.22 342.952 68.2752 23.8081 44.4671 486.268 269.152 4.28306 274.677 7.07949 37.3877
internal_count=6300 6108 5981 5868 5826 2361 416 179 237 3465 1930 31 1945 38 199
is_linear=0
shrinkage=0.03


Tree=13
num_leaves=16
num_cat=0
split_feature=6 10 3 14 12 16 4 1 8 1 1 10 16 15 5
split_gain=223.045 170.923 162.953 63.3981 22.9226 21.8344 23.7822 38.1719 19.9818 15.7932 14.2778 15.9359 13.7681 14.3914 13.6483
threshold=0.023533535611982289 -9.1350585052644827e-14 1.9423611111111116 12.160000000000002 1.0000000180025095e-35 82.291886574074098 17.651041666666671 3.9500000000000015 3207.5000000000005 3.9000000000000008 4.4000000000000012 4.7423824639622641e-14 86.843842592592608 13.137384259259262 14.500000000000002
decision_type=2 2 2 2 2 2 2 2 2 2 2 2 2 2 2
left_child=1 -1 3 -3 5 10 14 9 -9 -8 11 -5 13 -10 -7
right_child=-2 2 -4 4 -6 6 7 8 12 -11 -12 -13 -14 -15 -16
leaf_value=0.06511338361196492 0.063209339995523056 0.06511338361196492 0.06511338361196492 -0.019119750068978616 0.067831755665252985 -0.01882618876235238 0.020368116746046966 -0.032247312417927936 0.14028044710094903 0.068504381747466578 -0.0080005276560795036 0.056871294886283411 -0.035862979531396458 0.0068551923157307891 -0.0036889469238748024
leaf_weight=31.554196029901505 47.55867862701416 10.435245931148527 28.075780719518661 262.59643429517746 3.4532898515462866 73.496630385518074 37.520400658249855 19.091372430324558 1.52244684100151 7.3333054631948462 215.24721503257751 2.507380247116088 1.4786884337663648 1.393503740429878 198.1008547693491
leaf_count=127 192 42 113 1912 14 532 198 148 10 38 1532 15 11 10 1406
internal_value=-9.67821e-05 -0.00346525 -0.00597489 -0.00836749 -0.00929836 -0.00962306 -0.00380486 0.012014 -0.018971 0.0282381 -0.0137405 -0.018401 0.0387045 0.0765178 -0.00778522
internal_weight=941.365 893.807 862.253 834.177 823.742 820.288 339.937 68.3397 23.486 44.8537 480.351 265.104 4.39464 2.91595 271.597
internal_count=6300 6108 5981 5868 5826 5812 2353 415 179 236 3459 1927 31 20 1938
is_linear=0
shrinkage=0.03


Tree=14
num_leaves=16
num_cat=0
split_feature=6 10 3 14 16 4 1 8 1 1 10 7 5 16 15
split_gain=208.911 160.385 153.015 59.5606 21.6672 21.8399 36.0137 18.9619 13.9547 13.9027 15.4208 29.8991 12.7673 12.3294 11.8022
threshold=0.023533535611982289 -9.1350585052644827e-14 1.9423611111111116 12.160000000000002 82.291886574074098 17.651041666666671 3.9500000000000015 3207.5000000000005 3.9000000000000008 4.4000000000000012 2.3464897047013668e-14 13.630208333333334 13.500000000000002 86.843842592592608 13.137384259259262
decision_type=2 2 2 2 2 2 2 2 2 2 2 2 2 2 2
left_child=1 -1 3 -3 9 12 8 -8 -7 10 -5 -12 -6 14 -9
right_child=-2 2 -4 4 5 6 7 13 -10 -11 11 -13 -14 -15 -16
leaf_value=0.062899873822958863 0.060997921432007017 0.062899873822958863 0.062899873822958863 -0.019189720972390766 -0.023565792348808932 0.019863122181113184 -0.032004617677616629 0.12495713668370595 0.064502295722841718 -0.0075485679729711012 0.075014623784545112 -0.035875063191467021 -0.0045557567637856122 -0.035658020547012156 0.0066191530368328814
leaf_weight=31.682515323162079 47.800386428833008 10.477682232856749 28.189954578876495 253.80548733472824 36.767378240823746 38.122367456555367 18.665507584810261 1.655628710985183 7.5511663556098929 214.85657349228859 4.5169249922037107 4.2449578791856766 235.16673918068409 1.4431099221110342 1.3998024165630338
leaf_count=127 192 42 113 1870 271 199 148 10 38 1535 29 31 1674 11 10
internal_value=-9.74421e-05 -0.00338414 -0.00583499 -0.00817323 -0.00908338 -0.00330488 0.0117901 -0.0186795 0.0272433 -0.0132079 -0.0178389 0.0212908 -0.00712605 0.0366096 0.0707423
internal_weight=936.346 888.546 856.863 828.673 818.196 340.772 68.8376 23.164 45.6735 477.424 262.567 8.76188 271.934 4.49854 3.05543
internal_count=6300 6108 5981 5868 5826 2361 416 179 237 3465 1930 60 1945 31 20
is_linear=0
shrinkage=0.03


Tree=15
num_leaves=16
num_cat=0
split_feature=6 10 3 14 12 16 5 8 17 15 10 16 4 4 4
split_gain=196.068 150.784 143.937 56.0484 21.4948 19.973 21.7087 18.858 24.7426 29.4849 15.394 28.1272 18.2256 23.1446 19.5921
threshold=0.023533535611982289 -9.1350585052644827e-14 1.9423611111111116 12.160000000000002 1.0000000180025095e-35 82.291886574074098 14.500000000000002 1636.0000000000002 0.72280092592592604 13.022048611111112 -8.2262657544828189e-16 92.329837962962984 15.79340277777778 12.692129629629632 16.576967592592599
decision_type=2 2 2 2 2 2 2 2 2 2 2 2 2 2 2
left_child=1 -1 3 -3 5 -5 -7 8 -8 -10 12 -12 13 -9 -14
right_child=-2 2 -4 4 -6 6 7 10 9 -11 11 -13 14 -15 -16
leaf_value=0.060894219594388746 0.058987351939374669 0.060894219594388746 0.060894219594388746 -0.013178577914995519 0.065588146753537274 -0.018248683459376261 0.12098604727132121 0.015127918080826357 0.10492677237330711 -0.013986421482286694 -0.014174585216370024 0.072131446667217824 0.06201594494245339 -0.016810925115076824 0.010238755317332083
leaf_weight=31.743153125047684 47.94429874420166 10.497735679149626 28.243907898664474 471.6897654235363 3.4743540585041037 71.881286308169365 2.484590269625186 32.596064493060112 2.4903083145618421 7.6155967563390732 91.697137370705605 3.5292984098196021 7.3384273648262015 54.66508461534977 63.413449078798294
leaf_count=127 192 42 113 3459 14 532 18 230 15 51 639 22 53 395 398
internal_value=-9.78565e-05 -0.0033047 -0.00569765 -0.00798193 -0.00887142 -0.00919104 -0.00362154 0.000333689 0.036169 0.0153163 -0.00144796 -0.0109759 0.00429404 -0.00488029 0.0156091
internal_weight=931.304 883.36 851.617 823.373 812.875 809.401 337.711 265.83 12.5905 10.1059 253.239 95.2264 158.013 87.2611 70.7519
internal_count=6300 6108 5981 5868 5826 5812 2353 1821 84 66 1737 661 1076 625 451
is_linear=0
shrinkage=0.03


Tree=16
num_leaves=16
num_cat=0
split_feature=6 10 3 14 12 16 5 8 17 15 10 16 4 4 17
split_gain=184.35 142.004 135.613 52.8219 20.1854 19.1033 20.7204 17.3329 20.7219 25.1071 14.5629 25.7682 16.9916 21.8769 17.8732
threshold=0.023533535611982289 -9.1350585052644827e-14 1.9423611111111116 12.160000000000002 1.0000000180025095e-35 82.291886574074098 14.500000000000002 1636.0000000000002 0.7216435185185186 13.022048611111112 -8.2262657544828189e-16 92.329837962962984 15.79340277777778 12.692129629629632 0.71006944444444453
decision_type=2 2 2 2 2 2 2 2 2 2 2 2 2 2 2
left_child=1 -1 3 -3 5 -5 -7 8 -8 -10 12 -12 13 -9 -14
right_child=-2 2 -4 4 -6 6 7 10 9 -11 11 -13 14 -15 -16
leaf_value=0.059069070864814145 0.05715126847984036 0.059069070864814145 0.059069070864814145 -0.01289909125561977 0.063329242270896924 -0.017925547875076258 0.11404838171521291 0.014528649803827613 0.09638818282554569 -0.010748557555055788 -0.01387664326656759 0.067156098935701514 0.076958966596096315 -0.016493771412365656 0.011360217878600087
leaf_weight=31.742114171385765 47.998990058898926 10.497392088174818 28.242983475327492 467.51666704565287 3.4900699257850638 70.995288535952568 2.3873973935842505 32.917333602905273 2.6273427307605726 7.8519177883863449 90.868660166859627 3.674704670906066 3.9574139267206183 54.054083898663521 67.458830006420612
leaf_count=127 192 42 113 3459 14 532 16 230 15 53 639 22 27 395 424
internal_value=-9.8307e-05 -0.00322705 -0.00556293 -0.00779366 -0.00866254 -0.00897493 -0.00352763 0.000318091 0.0342845 0.0161126 -0.00140979 -0.0107271 0.0041518 -0.00475227 0.0149953
internal_weight=926.281 878.282 846.54 818.297 807.8 804.31 336.793 265.798 12.8667 10.4793 252.931 94.5434 158.388 86.9714 71.4162
internal_count=6300 6108 5981 5868 5826 5812 2353 1821 84 68 1737 661 1076 625 451
is_linear=0
shrinkage=0.03


Tree=17
num_leaves=16
num_cat=0
split_feature=5 10 3 14 12 6 15 0 5 10 3 7 8 10 7
split_gain=173.883 131.408 130.826 46.8991 17.8949 16.9096 15.8968 13.379 23.8127 23.0548 32.7633 14.8842 31.7016 30.3577 14.4592
threshold=23.500000000000004 -9.1350585052644827e-14 1.9423611111111116 12.160000000000002 1.0000000180025095e-35 0.013551329881646902 12.964872685185187 1.5485532407407412 14.500000000000002 -4.1501528847619061e-14 1.6998263888888892 11.390625000000002 2498.5000000000005 6.3102686309897374e-15 10.977430555555557
decision_type=2 2 2 2 2 2 2 2 2 2 2 2 2 2 2
left_child=1 -1 3 -3 6 -2 -5 8 -8 10 -9 12 -10 14 -14
right_child=5 2 -4 4 -6 -7 7 9 11 -11 -12 -13 13 -15 -16
leaf_value=0.057401716948754393 0.024488272688978071 0.057401716948754393 0.057412195465378416 0.031454374851145162 0.061404642566241445 0.059197768640156967 -0.018543357073087775 -0.0063020512001423822 0.13506885561796703 -0.016912716556373431 0.12902718311041059 -0.0044437666814606579 -0.035996255326792924 0.11093788921785457 0.068908770216950507
leaf_weight=30.686996027827263 17.917918890714645 9.7300231307744962 28.441974461078644 8.5810905545949918 3.2481930255889884 42.821715474128723 121.76288442313671 5.0589685738086692 2.1020122319459906 242.70894992351532 2.3617282509803772 395.29576183110476 6.9176231920719129 2.0439822077751151 1.4262919723987577
leaf_count=123 102 39 114 43 13 172 915 37 15 1806 17 2829 50 15 10
internal_value=-9.83078e-05 -0.0035616 -0.00581642 -0.00806088 -0.00886562 0.0489586 -0.00915518 -0.00960213 -0.00690125 -0.0153201 0.0367681 -0.00342497 0.028819 0.00731915 -0.018064
internal_weight=921.106 860.366 829.679 801.238 791.507 60.7396 788.259 779.678 529.549 250.13 7.4207 407.786 12.4899 10.3879 8.34392
internal_count=6300 6026 5903 5789 5750 274 5737 5694 3834 1860 54 2919 90 75 60
is_linear=0
shrinkage=0.03


Tree=18
num_leaves=16
num_cat=0
split_feature=6 10 3 14 16 4 1 8 1 10 7 1 5 7 16
split_gain=164.402 126.678 120.915 47.2121 18.4749 18.3249 32.7263 17.413 13.9144 14.8857 27.2575 12.4615 11.3438 11.2259 10.7148
threshold=0.023533535611982289 -9.1350585052644827e-14 1.9423611111111116 12.160000000000002 82.291886574074098 17.651041666666671 3.9500000000000015 3207.5000000000005 4.4000000000000012 2.3464897047013668e-14 13.630208333333334 3.9000000000000008 13.500000000000002 18.336805555555561 86.843842592592608
decision_type=2 2 2 2 2 2 2 2 2 2 2 2 2 2 2
left_child=1 -1 3 -3 8 12 11 -8 9 -5 -11 13 -6 -7 -9
right_child=-2 2 -4 4 5 6 7 14 -10 10 -12 -13 -14 -15 -16
leaf_value=0.055900429155911487 0.054022302934990239 0.055935067374760478 0.055872831987488193 -0.018260262551414979 -0.022453393515740501 0.091394458301082102 -0.031779165510529658 0.063071277938228532 -0.00642177269855667 0.071086578024061042 -0.035445768420074346 0.059780922244357125 -0.0040962333555633378 0.014706439947831964 -0.035555078952382586
leaf_weight=31.578936368227005 47.875307530164719 10.444330126047133 28.095858722925186 244.43629848212004 34.844232998788357 1.8015853464603413 18.255813993513588 3.2584689557552329 208.4473641961813 4.6618642807006818 4.0302430391311646 7.8187169283628455 232.11171631515026 37.004349648952484 1.4249005913734434
leaf_count=127 192 42 113 1870 271 9 148 20 1535 29 31 38 1674 190 11
internal_value=-9.83644e-05 -0.0030827 -0.00530903 -0.00743503 -0.00826432 -0.00291867 0.0107954 -0.0185404 -0.0121617 -0.0168884 0.021691 0.0252284 -0.00649229 0.0182667 0.0330645
internal_weight=916.09 868.215 836.636 808.54 798.096 336.52 69.5638 22.9392 461.576 253.128 8.69211 46.6247 266.956 38.8059 4.68337
internal_count=6300 6108 5981 5868 5826 2361 416 179 3465 1930 60 237 1945 199 31
is_linear=0
shrinkage=0.03


Tree=19
num_leaves=16
num_cat=0
split_feature=5 10 3 14 12 6 15 0 5 10 3 7 8 10 7
split_gain=155.471 117.473 116.99 41.9444 16.8834 15.382 14.6935 12.6678 22.5143 21.8428 28.0145 13.8573 25.8747 26.9379 15.4712
threshold=23.500000000000004 -9.1350585052644827e-14 1.9423611111111116 12.160000000000002 1.0000000180025095e-35 0.013551329881646902 12.964872685185187 1.5485532407407412 14.500000000000002 -4.1501528847619061e-14 1.6998263888888892 11.390625000000002 2498.5000000000005 6.3102686309897374e-15 11.15104166666667
decision_type=2 2 2 2 2 2 2 2 2 2 2 2 2 2 2
left_child=1 -1 3 -3 6 -2 -5 8 -8 10 -9 12 -10 14 -14
right_child=5 2 -4 4 -6 -7 7 9 11 -11 -12 -13 13 -15 -16
leaf_value=0.054466468991991049 0.023136948105890839 0.054465621817406537 0.054476686638363754 0.030015141602521181 0.059771166021850522 0.05613725205518201 -0.018014877087691436 -0.0058032359387466996 0.11844463761897621 -0.01640272371161575 0.11652837578325943 -0.0041788042855659801 -0.03574134434755024 0.10112648981481588 0.076019351554166489
leaf_weight=30.432612106204033 18.122445210814476 9.6493305265903455 28.206881493330002 8.7009930014610273 3.2497029304504386 42.581075221300125 119.20011018961668 4.9931706339120856 2.3118700981140128 238.11024202406406 2.5427884161472321 392.23982834070921 6.8454122841358167 2.1808022111654273 1.3316394686698911
leaf_count=123 102 39 114 43 13 172 915 37 15 1806 17 2829 51 15 9
internal_value=-9.77814e-05 -0.00341029 -0.00555941 -0.00769933 -0.00846668 0.0462853 -0.00875155 -0.00918975 -0.006555 -0.0148112 0.035474 -0.00318136 0.0276984 0.00744392 -0.017541
internal_weight=910.699 849.995 819.563 791.356 781.707 60.7035 778.457 769.756 524.11 245.646 7.53596 404.91 12.6697 10.3579 8.17705
internal_count=6300 6026 5903 5789 5750 274 5737 5694 3834 1860 54 2919 90 75 60
is_linear=0
shrinkage=0.03


Tree=20
num_leaves=16
num_cat=0
split_feature=6 10 3 14 16 4 1 8 1 10 7 10 1 5 4
split_gain=147.405 113.6 108.337 42.3885 17.2161 16.7678 30.2333 16.6884 13.6603 14.0934 24.5792 11.9633 20.5705 10.6434 10.5361
threshold=0.023533535611982289 -9.1350585052644827e-14 1.9423611111111116 12.160000000000002 82.291886574074098 17.651041666666671 3.9500000000000015 3207.5000000000005 4.4000000000000012 2.3464897047013668e-14 13.630208333333334 -3.6869847417112602e-14 3.9000000000000008 13.500000000000002 19.712962962962965
decision_type=2 2 2 2 2 2 2 2 2 2 2 2 2 2 2
left_child=1 -1 3 -3 8 13 11 -8 9 14 -11 -7 -13 -6 -5
right_child=-2 2 -4 4 5 6 7 -9 -10 10 -12 12 -14 -15 -16
leaf_value=0.053218265083984397 0.051352416684025508 0.053279269938303106 0.053169666866379646 -0.018613785171728625 -0.02186861885411687 -0.037965054948508409 -0.031524223481033821 0.031760900578300513 -0.0059697875093463592 0.065967170802865141 -0.03518612877367755 0.01919331991315126 0.07652591786807382 -0.0038585121734675126 0.029849560825616076
leaf_weight=31.233153641223907 47.489099636673927 10.332024693489073 27.783797651529312 235.65092642605305 33.868724688887596 2.6448543518781653 17.808186009526256 4.7506086230278006 205.93102537840605 4.8600288629531843 3.8943804502487183 37.935643181204796 6.6142847239971152 230.62441164255142 4.1077181994915
leaf_count=127 192 42 113 1840 271 16 148 31 1535 29 31 191 30 1674 30
internal_value=-9.73045e-05 -0.00294484 -0.00506644 -0.00709144 -0.00788231 -0.00271408 0.0103702 -0.0181971 -0.0116836 -0.0164183 0.0209693 0.0240252 0.0277054 -0.00616473 -0.0177835
internal_weight=905.529 858.04 826.807 799.023 788.691 334.247 69.7536 22.5588 454.444 248.513 8.75441 47.1948 44.5499 264.493 239.759
internal_count=6300 6108 5981 5868 5826 2361 416 179 3465 1930 60 237 221 1945 1870
is_linear=0
shrinkage=0.03


Tree=21
num_leaves=16
num_cat=0
split_feature=6 10 3 14 0 5 10 3 5 7 8 10 7 4 6
split_gain=139.541 107.698 102.784 38.3836 17.056 24.9385 22.1807 23.8338 13.2613 13.2818 21.1103 23.2893 15.87 13.1389 29.0379
threshold=0.023533535611982289 -9.1350585052644827e-14 1.8491319444444447 12.160000000000002 1.5485532407407412 14.500000000000002 -4.1501528847619061e-14 1.6998263888888892 23.500000000000004 11.390625000000002 2498.5000000000005 6.3102686309897374e-15 11.15104166666667 10.026620370370372 0.0083848518744265698
decision_type=2 2 2 2 2 2 2 2 2 2 2 2 2 2 2
left_child=1 -1 3 -3 5 -5 7 -6 9 10 -7 12 -12 14 -8
right_child=-2 2 -4 4 6 8 13 -9 -10 -11 11 -13 -14 -15 -16
leaf_value=0.052015012300603097 0.050108033779155695 0.052076836316217248 0.049202665870951408 -0.017069305490568766 -0.00531185324278726 0.10574101570093471 -0.0086785336202112266 0.10242650371072852 0.025768329498723003 -0.0034418794254173035 -0.035472473101358537 0.093056630072800212 0.068747063531743494 -0.017478070752490797 0.12496528224904573
leaf_weight=31.000460937619209 47.212489351630211 9.7675875723361951 30.382504753768444 116.98020555824041 4.9293522536754599 2.4976456314325324 6.759927920997141 2.956243634223938 15.550592087209223 395.24198093265295 6.6197756454348546 2.3060873746871939 1.6409595906734464 224.28887495398521 1.8674398958683012
leaf_count=127 192 40 132 916 37 15 53 18 85 2860 51 15 10 1735 14
internal_value=-9.64289e-05 -0.00287587 -0.00494652 -0.00702534 -0.0077639 -0.00480688 -0.0144053 0.0350784 -0.00142258 -0.00245816 0.0273024 0.00876215 -0.0147697 -0.0160806 0.0202494
internal_weight=900.002 852.79 821.789 791.407 781.639 540.837 240.802 7.8856 423.857 408.306 13.0645 10.5668 8.26074 232.916 8.62737
internal_count=6300 6108 5981 5849 5809 3952 1857 55 3036 2951 91 76 61 1802 67
is_linear=0
shrinkage=0.03


Tree=22
num_leaves=16
num_cat=0
split_feature=6 10 3 14 12 0 5 10 3 10 8 8 10 10 7
split_gain=132.238 102.204 97.6975 38.121 16.7742 15.6652 25.1281 19.6202 21.178 12.4421 13.0934 14.9587 28.0768 25.8882 19.1424
threshold=0.023533535611982289 -9.1350585052644827e-14 1.9423611111111116 12.160000000000002 1.0000000180025095e-35 1.5485532407407412 14.500000000000002 -4.1501528847619061e-14 1.6998263888888892 4.7423824639622641e-14 3799.5000000000005 2628.0000000000005 -5.6597257848385692e-15 -6.8592978434315588e-15 15.852430555555557
decision_type=2 2 2 2 2 2 2 2 2 2 2 2 2 2 2
left_child=1 -1 3 -3 5 6 -5 8 -7 10 11 12 13 14 -8
right_child=-2 2 -4 4 -6 7 9 -9 -10 -11 -12 -13 -14 -15 -16
leaf_value=0.050899241318892681 0.048948825915085634 0.050954596334176955 0.050915108247447431 -0.017412400735854029 0.058072932603857493 -0.0051714373383248639 -0.0074893413080831606 -0.015749847626912436 0.097376267372831601 0.053127845212982819 -0.02184134358218932 0.0051709228004896282 -0.017650120777167263 0.13171204363743799 0.020753659012168538
leaf_weight=30.733617782592773 46.885538071393967 10.168143287301062 27.350574821233749 114.60024331510067 3.4941952973604193 4.9115725159645072 56.566482707858086 232.08322985470295 2.8725090622901917 3.7097938805818549 28.080506779253483 197.43341341614723 99.574262037873268 1.4350046068429936 34.938183702528477
leaf_count=127 192 42 113 912 14 37 431 1816 17 19 210 1392 758 11 209
internal_value=-9.59705e-05 -0.00280779 -0.00482758 -0.00675777 -0.00751041 -0.00780564 -0.00495549 -0.0141785 0.0326711 -0.00157053 -0.00205595 -0.000631183 -0.00658155 0.00527715 0.00329436
internal_weight=894.837 847.952 817.218 789.868 779.699 776.205 536.338 239.867 7.78408 421.738 418.028 389.947 192.514 92.9397 91.5047
internal_count=6300 6108 5981 5868 5826 5812 3942 1870 54 3030 3011 2801 1409 651 640
is_linear=0
shrinkage=0.03


Tree=23
num_leaves=16
num_cat=0
split_feature=5 10 3 14 12 6 15 10 8 8 10 10 1 8 15
split_gain=125.767 95.1702 94.9784 33.9514 14.9349 13.5095 13.2802 19.6362 15.729 23.1313 17.521 39.8649 21.8087 34.1362 20.8588
threshold=23.500000000000004 -9.1350585052644827e-14 1.9423611111111116 12.160000000000002 1.0000000180025095e-35 0.013551329881646902 13.024971064814816 -3.1256564295322239e-14 2572.0000000000005 2859.5000000000005 -3.621289559427209e-16 -3.4965524095278308e-15 5.6000000000000005 2808.5000000000005 13.073958333333335
decision_type=2 2 2 2 2 2 2 2 2 2 2 2 2 2 2
left_child=1 -1 3 -3 6 -2 7 -5 -8 10 11 12 -10 -14 -12
right_child=5 2 -4 4 -6 -7 8 -9 9 -11 14 -13 13 -15 -16
leaf_value=0.049820257926364388 0.020532347024057873 0.049818981893209935 0.049885394338099735 0.072651050253696073 0.056590321539844078 0.051373015495954522 -0.014484188313231505 0.0010006752692361786 0.0051001463044437981 -0.0087056771050377495 0.083446827594978637 0.1402795073239036 0.11729195875640455 -0.035937149028117794 -0.011057104773939301
leaf_weight=29.466172412037849 18.478986412286758 9.342808857560156 27.328160926699638 3.6508851498365393 3.2363373786211005 41.471004351973534 292.98438586294651 60.287045672535896 28.332852028310299 330.92463560402393 2.2446003407239905 2.495947338640689 4.0724979639053336 1.9279656410217283 33.084737524390221
leaf_count=123 102 39 114 20 13 172 2293 404 195 2521 15 15 26 14 234
internal_value=-9.5245e-05 -0.00312838 -0.00507883 -0.00702305 -0.00771885 0.0418667 -0.0079927 0.00509194 -0.0091946 -0.00534982 0.0100404 0.024519 0.0161035 0.068059 -0.00505293
internal_weight=889.329 829.379 799.913 772.585 763.242 59.95 760.006 63.9379 696.068 403.083 72.1586 36.8293 34.3333 6.00046 35.3293
internal_count=6300 6026 5903 5789 5750 274 5737 424 5313 3020 499 250 235 40 249
is_linear=0
shrinkage=0.03


Tree=24
num_leaves=16
num_cat=0
split_feature=6 10 3 14 16 4 1 8 1 10 7 10 1 10 1
split_gain=119.599 92.4167 88.201 34.4711 15.292 14.1397 26.5487 16.028 13.5723 13.509 22.4658 11.184 18.2166 10.2943 25.7232
threshold=0.023533535611982289 -9.1350585052644827e-14 1.9423611111111116 12.160000000000002 82.291886574074098 17.651041666666671 3.9500000000000015 3207.5000000000005 4.4000000000000012 2.3464897047013668e-14 13.630208333333334 -3.6869847417112602e-14 3.9000000000000008 3.8741847777034414e-15 5.4000000000000012
decision_type=2 2 2 2 2 2 2 2 2 2 2 2 2 2 2
left_child=1 -1 3 -3 8 -6 11 -8 9 -5 -11 -7 -13 -10 -15
right_child=-2 2 -4 4 5 6 7 -9 13 10 -12 12 -14 14 -16
leaf_value=0.048916328434543382 0.046944792932007685 0.048990015841431887 0.04890962807205565 -0.016988682514712319 -0.0054945746791867272 -0.037896227315452953 -0.031160785300862841 0.030827673579669354 -0.0095596189082015112 0.06265723177239825 -0.034844367073960679 0.017706955424686345 0.070924953819372263 0.026522992823938153 -0.012476076052469347
leaf_weight=30.116860494017601 46.108921527862549 9.9674678146839124 26.797480046749115 232.03650372475386 259.55070074647665 2.632895126938819 17.167826592922214 4.8046784922480574 139.39075364917517 4.989555358886717 3.7070496678352356 38.521442651748657 6.8126308470964423 27.814440950751305 33.620354652404785
leaf_count=127 192 42 113 1870 1945 16 148 31 1075 29 31 191 30 206 254
internal_value=-9.44552e-05 -0.00268289 -0.00460661 -0.00644281 -0.0071594 -0.00226854 0.00970354 -0.0176059 -0.0108089 -0.0156129 0.0210958 0.0222133 0.0257044 -0.00505041 0.00518065
internal_weight=884.04 837.931 807.814 781.016 771.049 329.49 69.9395 21.9725 441.559 240.733 8.69661 47.967 45.3341 200.826 61.4348
internal_count=6300 6108 5981 5868 5826 2361 416 179 3465 1930 60 237 221 1535 460
is_linear=0
shrinkage=0.03


Tree=25
num_leaves=16
num_cat=0
split_feature=5 10 3 14 12 15 6 0 5 10 3 4 4 7 8
split_gain=113.661 86.137 86.0948 29.2014 14.1563 12.8817 12.7288 10.9017 19.1485 18.8469 18.8056 12.7532 26.7322 12.1493 17.9916
threshold=23.500000000000004 -9.1350585052644827e-14 1.8491319444444447 12.160000000000002 1.0000000180025095e-35 12.964872685185187 0.013551329881646902 1.5485532407407412 14.500000000000002 -4.1501528847619061e-14 1.6998263888888892 10.026620370370372 9.9253472222222232 11.390625000000002 2498.5000000000005
decision_type=2 2 2 2 2 2 2 2 2 2 2 2 2 2 2
left_child=1 -1 3 -3 5 -5 -2 8 -7 10 -9 12 -11 14 -10
right_child=6 2 -4 4 -6 7 -8 9 13 11 -12 -13 -14 -15 -16
leaf_value=0.047956783977779992 0.01947404487891877 0.04795167872955209 0.045399886951578074 0.028316895841557624 0.055292567684543159 -0.016602828908842543 0.049433296901519805 -0.004412250646925955 0.095547080367215667 -0.011369333510033955 0.091359177659715241 -0.01657166589456268 0.10832757836869805 -0.0035438430796576369 0.0079775453214181238
leaf_weight=28.810767978429794 18.603642515838146 8.6660346239805204 29.536609575152397 8.8297005146741849 3.2241802960634223 112.54470854252577 40.657217115163803 4.8168679624795905 2.661988601088523 6.2476714923977834 2.9911049157381058 214.69149031490088 2.2964737936854362 383.6969883069396 10.212394051253794
leaf_count=123 102 37 133 43 13 915 172 37 15 49 17 1723 18 2828 75
internal_value=-9.32955e-05 -0.00299559 -0.00485281 -0.00680357 -0.00743439 -0.00770441 0.0400282 -0.00813413 -0.00568143 -0.0135388 0.0322762 -0.0151412 0.0208025 -0.002582 0.026084
internal_weight=878.488 819.227 790.416 760.88 752.214 748.989 59.2609 740.16 509.116 231.044 7.80797 223.236 8.54415 396.571 12.8744
internal_count=6300 6026 5903 5770 5733 5720 274 5677 3833 1844 54 1790 67 2918 90
is_linear=0
shrinkage=0.03


Tree=26
num_leaves=16
num_cat=0
split_feature=6 10 3 14 0 5 10 3 4 6 7 8 10 7 10
split_gain=108.488 83.8402 80.0667 31.2652 14.3633 21.7487 18.5938 16.4386 11.9309 23.737 10.6286 15.5144 20.8389 14.5999 11.8062
threshold=0.023533535611982289 -9.1350585052644827e-14 1.9423611111111116 12.160000000000002 1.5485532407407412 14.500000000000002 -4.1501528847619061e-14 1.6998263888888892 10.026620370370372 0.0083848518744265698 11.390625000000002 2498.5000000000005 6.3102686309897374e-15 11.15104166666667 -8.2262657544828189e-16
decision_type=2 2 2 2 2 2 2 2 2 2 2 2 2 2 2
left_child=1 -1 3 -3 5 -5 7 -6 9 -8 11 -7 13 -13 -12
right_child=-2 2 -4 4 6 10 8 -9 -10 -11 14 12 -14 -15 -16
leaf_value=0.047187969980503938 0.045172775950659695 0.047278652669954353 0.047207783193494619 -0.015871312021426692 -0.0042931163927401551 0.088277381742546762 -0.0078981511621499436 0.08206023836061116 -0.01604070838302795 0.10864169003714146 0.0021863962822950898 -0.03521365849143205 0.085741665668096587 0.063850481485680205 -0.0083609571795714866
leaf_weight=29.4038957208395 45.188224077224731 9.7358426004648191 26.175644546747208 111.47547367960215 4.8022463321685773 2.7926405668258658 6.6064833253622037 3.3807894885540009 215.89860823005438 2.0645212680101395 251.08083797991276 6.3858231306076032 2.4307507723569861 1.6941576749086378 154.15714572370052
leaf_count=127 192 42 113 916 37 15 53 18 1751 14 1804 51 15 10 1142
internal_value=-9.20838e-05 -0.00256217 -0.00439375 -0.00614222 -0.00682407 -0.00409601 -0.0130363 0.0313834 -0.0146549 0.0198494 -0.00095974 0.0254257 0.00872643 -0.0144425 -0.00182594
internal_weight=873.273 828.085 798.681 772.505 762.769 530.017 232.753 8.18304 224.57 8.671 418.541 13.3034 10.5107 8.07998 405.238
internal_count=6300 6108 5981 5868 5826 3953 1873 55 1818 67 3037 91 76 61 2946
is_linear=0
shrinkage=0.03


Tree=27
num_leaves=16
num_cat=0
split_feature=5 10 3 14 8 10 15 9 10 16 10 5 16 16 8
split_gain=103.485 78.2133 78.1063 27.8218 13.9813 30.9116 33.9269 28.3691 25.2616 24.7856 23.3988 41.1864 30.7332 48.4686 22.4944
threshold=23.500000000000004 -9.1350585052644827e-14 1.9423611111111116 12.160000000000002 2628.0000000000005 -1.0873269802499943e-14 13.024971064814816 1542.0966435185187 -1.4457661589187166e-14 92.329837962962984 -1.7284056048197756e-14 13.500000000000002 81.200966435185194 84.2459027777778 2830.0000000000005
decision_type=2 2 2 2 2 2 2 2 2 2 2 2 2 2 2
left_child=1 -1 3 -3 5 6 8 -8 9 -5 -9 -12 -13 -14 -6
right_child=-2 2 -4 4 14 -7 7 10 -10 -11 11 12 13 -15 -16
leaf_value=0.046327049537614629 0.038472162454311738 0.046325571594496025 0.046422013024782341 0.071548052753029376 0.013896411290202144 -0.017837046866467903 0.10651955833440144 -0.017862950748041728 0.16010052627020491 -0.028693635931318236 0.1495653211021917 -0.020045779376098562 0.10793551842988702 -0.011120430285479139 -0.006190514677269012
leaf_weight=28.07144683599472 58.414750531315804 8.9004592150449735 26.061553955078125 5.7284954637289029 58.333310000598431 226.69622995704412 2.0448522716760626 57.853050976991653 1.647528052330016 3.6245971620082855 1.9006340801715875 17.537421472370628 5.5194271802902204 6.9561009407043457 358.77817615121603
leaf_count=123 274 39 114 31 393 1824 14 453 11 25 14 144 38 50 2753
internal_value=-9.08983e-05 -0.00287314 -0.00464022 -0.00640161 -0.00703017 -0.0116491 0.00199515 -0.00397014 0.0517816 0.0327015 -0.00648706 0.0141352 0.0055588 0.0415523 -0.00338135
internal_weight=868.068 809.653 781.582 755.52 746.62 329.508 102.812 91.8115 11.0006 9.35309 89.7666 31.9136 30.0129 12.4755 417.111
internal_count=6300 6026 5903 5789 5750 2604 780 713 67 56 699 246 232 88 3146
is_linear=0
shrinkage=0.03


Tree=28
num_leaves=16
num_cat=0
split_feature=6 10 3 14 12 0 5 10 3 4 4 8 8 7 2
split_gain=99.4579 76.2665 72.7235 28.3932 13.9869 13.2497 21.746 16.7855 14.8731 11.3492 22.0261 10.4836 15.8476 13.271 18.51
threshold=0.023533535611982289 -9.1350585052644827e-14 1.9423611111111116 12.160000000000002 1.0000000180025095e-35 1.5485532407407412 14.500000000000002 -4.1501528847619061e-14 1.6998263888888892 10.026620370370372 9.9253472222222232 3977.0000000000005 3799.5000000000005 11.390625000000002 0.0023510483437040163
decision_type=2 2 2 2 2 2 2 2 2 2 2 2 2 2 2
left_child=1 -1 3 -3 5 6 -5 8 -7 10 -9 12 13 14 -8
right_child=-2 2 -4 4 -6 7 11 9 -10 -11 -12 -13 -14 -15 -16
leaf_value=0.045658502454789779 0.043715940551139434 0.045745957397584053 0.045669745401880166 -0.016096788409060803 0.053783836812294851 -0.0039466584488887417 -0.0059226717485342251 -0.011304728755137902 0.079280454806385778 -0.015749603817212455 0.093551408488732418 0.047584408126916937 -0.02406795923400596 -0.00094050229781707413 0.06958799430039575
leaf_weight=28.610922202467918 44.252036243677139 9.4758672565221769 25.468565091490746 108.72723303735256 3.4470691978931418 4.760908827185629 5.8914702162146551 6.2172699198126775 3.2527978718280792 211.64114987850189 2.5394027307629585 3.9552365541458121 26.199192836880684 372.89693655073643 5.7960443794727325
leaf_count=127 192 42 113 912 14 37 42 49 17 1749 18 23 202 2728 35
internal_value=-9.12937e-05 -0.00245862 -0.00420066 -0.00586139 -0.00650882 -0.00678524 -0.00415458 -0.0128141 0.0298356 -0.0143649 0.0191032 -0.00102383 -0.00149186 4.61054e-05 0.0315244
internal_weight=863.132 818.88 790.269 764.801 755.325 751.878 523.466 228.412 8.01371 220.398 8.75667 414.739 410.784 384.584 11.6875
internal_count=6300 6108 5981 5868 5826 5812 3942 1870 54 1816 67 3030 3007 2805 77
is_linear=0
shrinkage=0.03


Tree=29
num_leaves=16
num_cat=0
split_feature=6 10 3 14 8 7 8 1 10 10 4 4 8 6 4
split_gain=94.7593 72.775 69.5335 25.8603 13.6934 25.0859 22.7859 24.6949 20.4573 37.2587 39.7783 32.5961 29.0685 25.2733 22.7775
threshold=0.023533535611982289 -9.1350585052644827e-14 1.8491319444444447 12.160000000000002 2628.0000000000005 16.015625000000004 2830.0000000000005 4.9000000000000012 -1.2440587139225304e-14 -1.7567334612127807e-14 12.465856481481483 9.8877314814814827 1962.0000000000002 0.0078125662819800434 14.421296296296299
decision_type=2 2 2 2 2 2 2 2 2 2 2 2 2 2 2
left_child=1 -1 3 -3 5 8 7 -6 9 -5 11 -11 -13 -12 -15
right_child=-2 2 -4 4 6 -7 -8 -9 -10 10 13 12 -14 14 -16
leaf_value=0.044959808473600316 0.042944885270719081 0.045046042248374871 0.042419328692456799 -0.017563455981002354 0.0036119790744267104 0.004542352432286444 -0.0057029193999114172 0.048711011872174519 -0.020604142354653257 -0.034953391980507911 -0.035055149267951002 0.040274713364991707 0.140272738247599 0.13785925208218719 -0.034692841889257427
leaf_weight=28.190237477421761 43.703460067510605 8.8931751996278745 27.893239244818687 46.891773097217083 46.907967649400234 73.153401233255863 356.4761461392045 14.246000431478022 186.37753941863775 2.4164173975586918 9.3286215737462026 5.569413132965563 4.9340731203556061 1.6784448325633996 1.1673647835850713
leaf_count=127 192 40 132 378 311 506 2761 94 1560 20 76 45 36 12 10
internal_value=-8.9893e-05 -0.00240007 -0.00409879 -0.0058105 -0.00641422 -0.0109666 -0.00280053 0.0141179 -0.0153578 -0.00177461 0.0277287 0.0643937 0.0872494 -0.0111813 0.0670776
internal_weight=857.827 814.124 785.934 758.04 749.147 331.517 417.63 61.154 258.364 71.9861 25.0943 12.9199 10.5035 12.1744 2.84581
internal_count=6300 6108 5981 5849 5809 2643 3166 405 2137 577 199 101 81 98 22
is_linear=0
shrinkage=0.03


Tree=30
num_leaves=16
num_cat=0
split_feature=6 10 3 14 16 1 10 7 5 10 10 8 1 16 4
split_gain=90.3428 69.4874 66.3314 25.8143 13.4235 13.4382 12.9607 20.4989 12.6467 10.6769 23.7128 25.2853 29.1369 21.792 11.6369
threshold=0.023533535611982289 -9.1350585052644827e-14 1.9423611111111116 12.160000000000002 82.291886574074098 4.4000000000000012 2.3464897047013668e-14 13.630208333333334 13.500000000000002 -8.2262657544828189e-16 -3.0012836840295467e-15 2669.0000000000005 4.1000000000000005 92.329837962962984 15.79340277777778
decision_type=2 2 2 2 2 2 2 2 2 2 2 2 2 2 2
left_child=1 -1 3 -3 5 6 -5 -8 -6 10 14 12 -12 -11 -10
right_child=-2 2 -4 4 8 -7 7 -9 9 13 11 -13 -14 -15 -16
leaf_value=0.044302279255870533 0.042214172594859538 0.044381839356727383 0.044348462473319236 -0.015977695364185682 -0.019881405792986293 -0.0038794310034609243 0.060089158363152109 -0.034447902357174029 -0.0044463860048126044 -0.0099108171888538394 -0.021253913821210987 0.10794993974348351 0.10358891596998999 0.063479312127099591 0.011384949238294582
leaf_weight=27.7569250613451 43.134755998849869 9.1948539614677411 24.731355160474777 222.44575124233961 30.740650236606598 194.33858830481768 5.0768616646528226 3.4787802025675774 105.07294028997421 101.65867028385401 5.7618519961833936 3.9194841980934134 2.3764588236808777 3.7766450047492972 69.37974988669157
leaf_count=127 192 42 113 1870 271 1535 29 31 796 760 42 21 19 22 430
internal_value=-9.00853e-05 -0.00234371 -0.0039995 -0.00557858 -0.0061927 -0.00969311 -0.0145841 0.0216498 -0.00157874 0.000348453 0.004662 0.04535 0.0152013 -0.00728202 0.00184973
internal_weight=852.844 809.71 781.953 757.221 748.026 425.34 231.001 8.55564 322.686 291.946 186.51 12.0578 8.13831 105.435 174.453
internal_count=6300 6108 5981 5868 5826 3465 1930 60 2361 2090 1308 82 61 782 1226
is_linear=0
shrinkage=0.03


Tree=31
num_leaves=16
num_cat=0
split_feature=5 10 3 14 8 10 15 9 10 5 16 16 8 1 10
split_gain=86.6958 65.0216 64.916 23.0274 12.9973 28.6216 30.3062 25.2595 21.2479 30.2145 27.2794 30.9015 19.811 27.1376 19.7276
threshold=23.500000000000004 -9.1350585052644827e-14 1.9423611111111116 12.160000000000002 2628.0000000000005 -1.0873269802499943e-14 13.024971064814816 1542.0966435185187 -1.7284056048197756e-14 13.500000000000002 80.568333333333342 84.2459027777778 2830.0000000000005 4.9000000000000012 -3.621289559427209e-16
decision_type=2 2 2 2 2 2 2 2 2 2 2 2 2 2 2
left_child=1 -1 3 -3 5 6 -5 -8 -9 -10 -11 -12 13 14 -6
right_child=-2 2 -4 4 12 -7 7 8 9 10 11 -13 -14 -15 -16
leaf_value=0.043620497652554144 0.035775084308010012 0.043617689121690256 0.043732966022249596 0.048548679738194787 0.017487625266522172 -0.017044739649976007 0.098018322235799246 -0.017178812197050315 0.12022651844379889 -0.021901246797503097 0.077828749613341075 -0.010569659488148447 -0.0055731915483903365 0.048080761766253789 -0.023718190725429397
leaf_weight=26.414236173033714 56.611543074250221 8.3745853602886182 24.55653490126133 11.293621420860289 26.655099913477898 219.04669979959726 2.1502386778593054 56.156205505132675 2.2189653664827338 15.619764760136606 7.430272310972212 6.8310768306255341 352.08247101306915 14.988547645509241 17.207171313464642
leaf_count=123 274 39 114 67 171 1824 14 453 14 133 49 50 2753 96 126
internal_value=-8.88596e-05 -0.00265554 -0.0042542 -0.00584651 -0.00641266 -0.0109384 0.00221366 -0.00357454 -0.0060497 0.0134197 0.00548823 0.0354866 -0.00288015 0.0132313 0.00132258
internal_weight=847.637 791.025 764.611 740.055 731.68 320.747 101.7 90.4065 88.2563 32.1001 29.8811 14.2613 410.933 58.8508 43.8623
internal_count=6300 6026 5903 5789 5750 2604 780 713 699 246 232 99 3146 393 297
is_linear=0
shrinkage=0.03


Tree=32
num_leaves=16
num_cat=0
split_feature=6 10 3 14 12 0 5 10 4 15 4 4 8 8 17
split_gain=83.2175 63.5222 60.5231 23.5462 12.8916 12.3621 20.5839 16.1613 13.8335 13.6668 10.5076 18.4549 10.0837 15.3671 13.7695
threshold=0.023533535611982289 -9.1350585052644827e-14 1.9423611111111116 12.160000000000002 1.0000000180025095e-35 1.5485532407407412 14.500000000000002 -4.1501528847619061e-14 14.587384259259261 13.222858796296299 10.026620370370372 9.9253472222222232 2088.5000000000005 3092.5000000000005 0.58506944444444453
decision_type=2 2 2 2 2 2 2 2 2 2 2 2 2 2 2
left_child=1 -1 3 -3 5 6 -5 8 9 -7 11 -9 -12 14 -14
right_child=-2 2 -4 4 -6 7 -8 10 -10 -11 12 -13 13 -15 -16
leaf_value=0.043102787720305735 0.041039264345451729 0.043180022477000486 0.043138689489829039 -0.015423733479962353 0.05231976066729651 -0.036143503066551681 -0.00057579136945745159 -0.010702969278317988 0.080764460772884669 0.068763882477400493 -0.027722927553626819 0.083095756207053756 0.029313745597453939 -0.020460921378936642 -0.0070409668126818013
leaf_weight=26.862734362483025 42.067282721400261 8.9011580944061262 23.934141904115677 105.72511120140553 3.4066684395074835 3.3131844252347937 409.50860525667667 6.0802425891160947 2.9961810111999512 1.6865469217300413 44.175959967076778 2.7378911972045898 10.908970132470129 83.743712522089481 66.745011739432812
leaf_count=127 192 42 113 912 14 25 3030 49 18 11 392 18 83 711 563
internal_value=-8.87653e-05 -0.00224948 -0.00382378 -0.00532259 -0.0059052 -0.00617411 -0.00362256 -0.0120856 0.0297913 -0.000755356 -0.0136474 0.0184201 -0.015023 -0.0115469 -0.00193379
internal_weight=842.793 800.726 773.863 749.929 741.028 737.621 515.234 222.388 7.99591 4.99973 214.392 8.81813 205.574 161.398 77.654
internal_count=6300 6108 5981 5868 5826 5812 3942 1870 54 36 1816 67 1749 1357 646
is_linear=0
shrinkage=0.03


Tree=33
num_leaves=16
num_cat=0
split_feature=6 10 3 14 8 7 8 1 10 10 4 4 6 8 8
split_gain=79.4509 60.7493 57.9115 21.4871 12.6591 22.8069 19.8194 20.1727 19.0552 33.4788 33.4093 26.3575 23.0382 21.142 19.6936
threshold=0.023533535611982289 -9.1350585052644827e-14 1.8491319444444447 12.160000000000002 2628.0000000000005 16.015625000000004 2830.0000000000005 4.9000000000000012 -1.2440587139225304e-14 -1.7567334612127807e-14 12.465856481481483 9.8877314814814827 0.0078125662819800434 1910.5000000000002 1777.0000000000002
decision_type=2 2 2 2 2 2 2 2 2 2 2 2 2 2 2
left_child=1 -1 3 -3 5 8 7 -6 9 -5 11 -11 -12 14 -13
right_child=-2 2 -4 4 6 -7 -8 -9 -10 10 12 13 -14 -15 -16
leaf_value=0.042550171451075695 0.040402891541589998 0.042625448828126876 0.040001829529676465 -0.016866369391399679 0.0036186900569774917 0.0044981306655949189 -0.005097043129088305 0.043591573870449526 -0.019783135127342741 -0.034644109618574108 -0.034789275411826776 0.10449821523597605 0.061780052791206179 0.10577872947104222 -0.034746851922207944
leaf_weight=26.402228012681007 41.457215964794159 8.3328558802604658 26.321319743990898 45.519301012158394 46.740706779062748 72.923310928046703 350.27783408761024 15.01191273331642 179.14847204089165 2.3024461269378689 8.9381288886070234 1.4955020993947967 2.9595700204372397 7.557038389146328 2.3514876067638397
leaf_count=127 192 40 132 378 311 506 2761 94 1560 20 76 11 22 50 20
internal_value=-8.7283e-05 -0.00219534 -0.00372984 -0.00527791 -0.00582083 -0.0102655 -0.00233441 0.013336 -0.0145673 -0.00142957 0.0260141 0.0579418 -0.0107675 0.0766347 0.0193841
internal_weight=837.739 796.282 769.88 743.559 735.226 323.195 412.03 61.7526 250.272 71.1235 25.6042 13.7065 11.8977 11.404 3.84699
internal_count=6300 6108 5981 5849 5809 2643 3166 405 2137 577 199 101 98 81 31
is_linear=0
shrinkage=0.03


Tree=34
num_leaves=16
num_cat=0
split_feature=6 10 3 14 0 5 10 3 8 8 8 17 4 10 1
split_gain=75.9999 57.7253 55.55 21.3382 12.9023 19.2736 16.0124 12.5559 10.2946 15.1527 15.425 27.4572 15.0175 14.5645 23.7017
threshold=0.071741382505352544 -9.1350585052644827e-14 1.9423611111111116 12.160000000000002 1.5485532407407412 14.500000000000002 -4.1501528847619061e-14 1.7178819444444446 1910.5000000000002 3092.5000000000005 2548.0000000000005 0.58506944444444453 9.9253472222222232 1.361222552039145e-14 4.4000000000000012
decision_type=2 2 2 2 2 2 2 2 2 2 2 2 2 2 2
left_child=1 -1 3 -3 5 -5 7 -6 -8 10 13 12 -12 -10 -15
right_child=-2 2 -4 4 6 -7 8 -9 9 -11 11 -13 -14 14 -16
leaf_value=0.042027498421053411 0.042952311943692145 0.042098384667754611 0.042096830252897621 -0.014296191075809796 0.009480490533419695 6.0518105782994606e-05 -0.029333915243002363 0.097829214292185981 -0.018481878919594075 -0.019696188847645013 -0.034778327828627068 -0.001712599422204922 0.070824847365322394 -0.022599898351770346 0.11521426188694833
leaf_weight=25.935716077685356 35.357802748680115 8.59562039375305 23.344931930303574 105.66015463322401 6.4508974552154523 413.54712770879269 30.237604439258575 1.8666662275791166 47.183254718780518 84.789508178830147 1.4208990558981884 35.681224703788757 8.2418136894702894 2.5695971772074691 1.9952330291271207
leaf_count=127 168 42 114 919 46 3055 278 9 421 729 12 286 54 24 16
internal_value=-8.70013e-05 -0.00199514 -0.00347489 -0.00489672 -0.00544287 -0.00286111 -0.0115238 0.0293081 -0.0131249 -0.0104302 -0.00233827 0.0104358 0.0552959 -0.0135315 0.037637
internal_weight=832.878 797.52 771.585 748.24 739.644 519.207 220.437 8.31756 212.119 181.882 97.092 45.3439 9.66271 51.7481 4.56483
internal_count=6300 6132 6005 5891 5849 3974 1875 55 1820 1542 813 352 66 461 40
is_linear=0
shrinkage=0.03


Tree=35
num_leaves=16
num_cat=0
split_feature=5 10 3 14 8 10 15 9 10 5 16 16 16 8 1
split_gain=73.0349 54.5151 54.3786 19.2029 11.7926 26.6037 27.4096 21.906 19.4874 23.9448 24.6832 32.5455 18.0827 16.84 22.3634
threshold=23.500000000000004 -9.1350585052644827e-14 1.9423611111111116 12.160000000000002 2628.0000000000005 -1.0873269802499943e-14 13.024971064814816 1542.0966435185187 -1.7284056048197756e-14 13.500000000000002 81.200966435185194 84.2459027777778 93.068686342592613 2830.0000000000005 4.9000000000000012
decision_type=2 2 2 2 2 2 2 2 2 2 2 2 2 2 2
left_child=1 -1 3 -3 5 6 12 -8 -9 -10 -11 -12 -5 14 -6
right_child=-2 2 -4 4 13 -7 7 8 9 10 11 -13 -14 -15 -16
leaf_value=0.041476192855231998 0.033457852957228529 0.04147286954577329 0.041598166571374676 0.06275269065197657 0.001231498279470365 -0.01625228396836962 0.08844835233710821 -0.016496412203547674 0.10314187750538668 -0.018925651180579758 0.08423739710889161 -0.01007294357412448 -0.037978619958339309 -0.005005767085995861 0.042858432136017831
leaf_weight=24.616506949067116 54.569265812635422 7.8042014688253394 22.922429814934731 9.6254105046391452 43.885300897061825 211.87320911884308 2.289017140865325 54.527348555624485 2.4477847814559928 16.504247874021534 6.4567665904760343 6.7212526947259903 1.9246017932891852 346.16876647621393 15.796140208840368
leaf_count=123 274 39 114 55 297 1824 14 453 14 144 38 50 12 2753 96
internal_value=-8.58117e-05 -0.00245207 -0.00389592 -0.00533228 -0.00584087 -0.0102226 0.00248959 -0.00315619 -0.00557589 0.0129571 0.00551995 0.0361358 0.0459676 -0.00246839 0.0122491
internal_weight=828.132 773.563 748.946 726.024 718.22 312.37 100.496 88.9464 86.6574 32.1301 29.6823 13.178 11.55 405.85 59.6814
internal_count=6300 6026 5903 5789 5750 2604 780 713 699 246 232 88 67 3146 393
is_linear=0
shrinkage=0.03


Tree=36
num_leaves=16
num_cat=0
split_feature=6 10 3 14 12 17 8 4 4 6 10 10 16 4 15
split_gain=70.4581 53.3569 50.7695 19.6758 11.9897 11.5129 25.1109 23.2671 19.4444 20.7697 17.8513 29.6415 30.5803 25.9443 18.0668
threshold=0.023533535611982289 -9.1350585052644827e-14 1.9423611111111116 12.160000000000002 1.0000000180025095e-35 0.67303240740740755 3925.5000000000005 13.398148148148151 11.884837962962964 -0.009222711918141932 -8.2262657544828189e-16 -1.2963333878930664e-15 90.480960648148155 12.074074074074074 12.964872685185187
decision_type=2 2 2 2 2 2 2 2 2 2 2 2 2 2 2
left_child=1 -1 3 -3 5 -5 8 -8 9 -7 11 -10 -13 -12 -15
right_child=-2 2 -4 4 -6 6 7 -9 10 -11 13 12 -14 14 -16
leaf_value=0.041067772316008361 0.038893311411856188 0.041137000063277078 0.041119786432858192 -0.010329878068286225 0.051161587056909048 0.029778382135102789 0.14432545306861314 0.021709548525027773 0.0040056298962103378 -0.018477594934538009 0.08802850588337377 0.2019649424806382 0.01230393183474209 0.090359557715020286 -0.012690608301968878
leaf_weight=24.993289440870285 39.723483487963676 8.285738453269003 22.294327720999718 283.84160319715738 3.3627043664455405 8.7348678931593877 1.8437982276082028 5.6942755803465843 205.39647740125656 99.101738214492798 2.4167664200067511 1.390327833592891 1.701444938778877 1.5521964728832234 113.10520966351032
leaf_count=127 192 42 113 2404 14 69 16 37 1493 854 18 11 9 7 894
internal_value=-8.53092e-05 -0.00206099 -0.0034817 -0.00483195 -0.00535505 -0.00561726 -0.00258364 0.0517012 -0.00352781 -0.0145688 0.000129316 0.00539347 0.0975919 -0.0092452 -0.0112955
internal_weight=823.438 783.715 758.721 736.427 728.141 724.779 440.937 7.53807 433.399 107.837 325.562 208.488 3.09177 117.074 114.657
internal_count=6300 6108 5981 5868 5826 5812 3408 53 3355 923 2432 1513 20 919 901
is_linear=0
shrinkage=0.03


Tree=37
num_leaves=16
num_cat=0
split_feature=6 10 3 14 0 5 10 4 10 8 8 8 17 10 1
split_gain=67.6816 50.7756 48.7125 18.6919 11.9491 17.9306 15.1723 11.7688 12.5664 9.9763 14.7613 14.446 25.0212 14.0273 20.7049
threshold=0.071741382505352544 -9.1350585052644827e-14 1.9423611111111116 12.160000000000002 1.5485532407407412 14.500000000000002 -4.1501528847619061e-14 14.587384259259261 -4.5367928673025246e-14 1910.5000000000002 3092.5000000000005 2548.0000000000005 0.58506944444444453 1.361222552039145e-14 4.4000000000000012
decision_type=2 2 2 2 2 2 2 2 2 2 2 2 2 2 2
left_child=1 -1 3 -3 5 -5 7 8 -6 -8 11 13 -13 -11 -15
right_child=-2 2 -4 4 6 -7 9 -9 -10 10 -12 12 -14 14 -16
leaf_value=0.040622582420719318 0.041553523489241566 0.040688432902632896 0.040677639768237135 -0.013747946929370869 -0.035864183674813109 0.00023614019414826712 -0.028896095477370775 0.071900170951304451 0.063919362629362209 -0.01794161195193366 -0.01919952943307502 0.052551413176548621 -0.0013985217073313877 -0.021938795292332045 0.10580233959137102
leaf_weight=24.516394719481468 33.688244000077248 8.128155976533888 22.068998023867607 103.24922404438257 3.2204369604587555 411.06413908302784 28.997721560299397 3.3759785294532776 1.7548382133245448 45.899972952902317 82.82598751783371 9.9018293470144254 35.386978939175606 2.4735108390450469 2.1213469654321671
leaf_count=127 168 42 114 919 25 3055 278 19 11 421 729 66 286 24 16
internal_value=-8.47576e-05 -0.0018717 -0.00324165 -0.00455429 -0.00505786 -0.00257119 -0.0109799 0.0286667 -0.00066935 -0.0125748 -0.00992498 -0.00190509 0.010397 -0.0129388 0.0370365
internal_weight=818.674 784.986 760.469 738.4 730.272 514.313 215.959 8.35125 4.97528 207.607 178.61 95.7836 45.2888 50.4948 4.59486
internal_count=6300 6132 6005 5891 5849 3974 1875 55 36 1820 1542 813 352 461 40
is_linear=0
shrinkage=0.03


Tree=38
num_leaves=16
num_cat=0
split_feature=6 10 3 14 0 5 10 3 5 8 8 4 10 7 8
split_gain=64.8901 48.671 46.787 17.093 11.6512 16.9263 14.3996 10.9086 9.95174 12.6291 22.2254 31.627 14.1744 22.8642 10.8484
threshold=0.071741382505352544 -9.1350585052644827e-14 1.8491319444444447 12.160000000000002 1.5485532407407412 14.500000000000002 -4.1501528847619061e-14 1.6998263888888892 17.500000000000004 3092.5000000000005 2995.5000000000005 13.24016203703704 -2.8833203368255315e-14 12.765625000000002 2123.0000000000005
decision_type=2 2 2 2 2 2 2 2 2 2 2 2 2 2 2
left_child=1 -1 3 -3 5 -5 7 -6 9 10 14 -12 13 -11 -8
right_child=-2 2 -4 4 6 -7 8 -9 -10 12 11 -13 -14 -15 -16
leaf_value=0.040199831930349893 0.041083744670047502 0.040263391070753551 0.037715028190735508 -0.013471119632265225 -0.0031888023224375265 0.00017028002326652489 -0.018854117272614979 0.065400052400593531 -0.019853083131035558 -0.01110595973142843 0.0074672212910514577 0.17579611948821955 -0.022661392253613716 0.15053980860968516 0.007606266011268091
leaf_weight=24.038219913840294 33.06074683368206 7.5905761867761603 24.390237353742123 102.22552248835564 4.6668368726968747 410.96949344873428 22.598290920257568 3.7750128656625748 91.341670028865337 2.5732957273721691 2.8150188624858847 1.5619986802339552 44.937409840524197 1.1348462477326391 36.417566768825054
leaf_count=127 168 40 133 919 37 3054 214 18 830 23 23 12 401 10 291
internal_value=-8.34892e-05 -0.00182607 -0.00316059 -0.00452144 -0.00499031 -0.00254701 -0.0109099 0.0274827 -0.0125034 -0.00651151 0.00231169 0.0675377 -0.0180095 0.0383644 -0.00252592
internal_weight=814.097 781.036 756.998 732.608 725.017 513.195 211.822 8.44185 203.38 112.038 63.3929 4.37702 48.6456 3.70814 59.0159
internal_count=6300 6132 6005 5872 5832 3973 1859 55 1804 974 540 35 434 33 505
is_linear=0
shrinkage=0.03


Tree=39
num_leaves=16
num_cat=0
split_feature=6 10 3 14 12 17 8 4 4 6 10 10 4 4 15
split_gain=62.2424 46.6717 44.7994 17.13 11.2677 10.7178 23.3987 18.9681 17.8995 19.6338 17.0799 25.7761 23.9713 23.9064 16.6
threshold=0.071741382505352544 -9.1350585052644827e-14 1.9423611111111116 12.160000000000002 1.0000000180025095e-35 0.67303240740740755 3925.5000000000005 13.398148148148151 11.884837962962964 -0.009222711918141932 -8.2262657544828189e-16 -1.2963333878930664e-15 18.813657407407408 12.074074074074074 12.964872685185187
decision_type=2 2 2 2 2 2 2 2 2 2 2 2 2 2 2
left_child=1 -1 3 -3 5 -5 8 -8 9 -7 11 -10 -13 -12 -15
right_child=-2 2 -4 4 -6 6 7 -9 10 -11 13 12 -14 14 -16
leaf_value=0.039798046424638404 0.040638057502212832 0.039858967493608788 0.039872570344588833 -0.0096525454336273322 0.050273219500311842 0.029029306324161883 0.1282102898659736 0.02186268448545492 0.0041235894283671373 -0.017713074448460264 0.078061891338598519 0.17305233470212905 0.015056400173591401 0.085125566287241633 -0.012270152529683668
leaf_weight=23.559711828827858 32.430171474814415 7.812376305460929 21.237347185611725 279.66128008812666 3.3277661055326453 8.823610305786131 2.018317759037016 5.986510694026947 207.12337142974138 96.974298477172852 2.7840155363082877 1.5746149644255631 1.9157523810863493 1.5972500890493382 112.8905086144805
leaf_count=127 168 42 114 2409 14 69 16 38 1500 857 19 11 10 7 899
internal_value=-8.25215e-05 -0.00178148 -0.00308115 -0.00432653 -0.00480287 -0.00505695 -0.00214718 0.0486769 -0.00308528 -0.0138147 0.000376764 0.005486 0.0863334 -0.00879915 -0.0109114
internal_weight=809.717 777.287 753.727 732.49 724.677 721.35 441.688 8.00483 433.683 105.798 327.886 210.614 3.49037 117.272 114.488
internal_count=6300 6132 6005 5891 5849 5835 3426 54 3372 926 2446 1521 21 925 906
is_linear=0
shrinkage=0.03


Tree=40
num_leaves=16
num_cat=0
split_feature=6 10 3 14 8 10 15 9 10 5 16 16 8 1 16
split_gain=59.769 45.092 42.8451 16.5263 11.5355 20.851 25.69 20.565 18.7981 23.0236 22.7424 19.3579 18.653 18.7049 16.5602
threshold=0.023533535611982289 -9.1350585052644827e-14 1.9423611111111116 12.160000000000002 2628.0000000000005 -1.0873269802499943e-14 13.024971064814816 1542.0966435185187 -1.7284056048197756e-14 13.500000000000002 79.54288194444446 85.475057870370378 2830.0000000000005 4.9000000000000012 93.068686342592613
decision_type=2 2 2 2 2 2 2 2 2 2 2 2 2 2 2
left_child=1 -1 3 -3 5 6 14 -8 -9 -10 -11 -12 13 -6 -5
right_child=-2 2 -4 4 12 -7 7 8 9 10 11 -13 -14 -15 -16
leaf_value=0.039415867908004561 0.037059338835146699 0.039473955363518762 0.039481482570281716 0.059425276939839171 0.0039445021935761012 -0.014467724236283806 0.088646308748651814 -0.016487783496007533 0.10426759380670676 -0.024792279050830812 0.048879732178595363 -0.023852917078924191 -0.0042493435619813608 0.041581833498822919 -0.037735951263841522
leaf_weight=23.081733882427216 37.194041773676872 7.6543084084987631 20.620020255446434 9.8585357367992366 46.36518357694149 212.8821390196681 2.1307643502950659 53.720103591680527 2.2928185611963299 12.609157279133798 11.901753522455694 4.553355708718299 342.45792088657618 15.979747489094732 1.8798296749591834
leaf_count=127 192 42 113 55 311 1866 13 459 13 118 79 34 2770 96 12
internal_value=-8.15842e-05 -0.00188034 -0.00315995 -0.00437393 -0.00484226 -0.00917893 0.00219987 -0.00340841 -0.00571393 0.0127436 0.00552341 0.0287536 -0.00150164 0.0135914 0.0438655
internal_weight=805.181 767.987 744.906 724.286 716.631 311.828 98.9463 87.208 85.0772 31.3571 29.0643 16.4551 404.803 62.3449 11.7384
internal_count=6300 6108 5981 5868 5826 2649 783 716 703 244 231 113 3177 407 67
is_linear=0
shrinkage=0.03


Tree=41
num_leaves=16
num_cat=0
split_feature=5 10 3 15 12 6 16 10 16 1 14 5 16 10 10
split_gain=57.9535 42.4065 42.1624 15.5017 10.2165 9.07746 9.43518 9.62873 12.724 9.15377 8.63011 8.15465 14.5829 13.1213 24.5504
threshold=23.500000000000004 -9.1350585052644827e-14 1.9423611111111116 12.964872685185187 1.0000000180025095e-35 0.013551329881646902 84.991875000000007 6.5775627867756445e-15 83.554282407407428 3.2999999999999994 12.160000000000002 14.500000000000002 75.612129629629649 -8.2262657544828189e-16 3.5139020509704052e-15
decision_type=2 2 2 2 2 2 2 2 2 2 2 2 2 2 2
left_child=1 -1 3 -3 10 6 7 8 9 -2 -5 -12 -13 -14 -15
right_child=5 2 -4 4 -6 -7 -8 -9 -10 -11 11 12 13 14 -16
leaf_value=0.039004230423246258 0.082727369494862341 0.029176764476928043 0.039119645126997719 0.038999299491935334 0.04948803659909258 0.040624465960662416 0.065376925392992002 -0.026037915036671352 -0.019858991084493561 0.012094425507203925 -0.012757728726795755 -0.013885432894128217 0.0022270443999092043 -0.026005798765771741 -0.0011437983022329799
leaf_weight=21.839841708540916 3.3635435253381782 11.987874701619146 20.380071043968201 3.9051441550254813 3.0574618577957144 31.984440878033638 2.7926225513219824 5.6267319768667212 3.9782369583845139 3.2438529282808304 122.06300932168961 112.35802415758371 278.90681160986423 50.054027751088142 125.05207514762878
leaf_count=123 16 60 114 22 13 172 12 29 26 19 1110 971 2157 443 1013
internal_value=-8.06854e-05 -0.00218582 -0.00342191 -0.00464755 -0.00523064 0.0308672 0.0144462 0.00567329 0.0225292 0.0480506 -0.00547229 -0.00572456 -0.00420878 -0.00181403 -0.00825059
internal_weight=800.594 749.604 727.764 707.384 695.397 50.9894 19.005 16.2124 10.5856 6.6074 692.339 688.434 566.371 454.013 175.106
internal_count=6300 6026 5903 5789 5729 274 102 90 61 35 5716 5694 4584 3613 1456
is_linear=0
shrinkage=0.03


Tree=42
num_leaves=16
num_cat=0
split_feature=5 10 3 14 10 12 4 16 4 10 10 16 8 10 10
split_gain=55.3113 40.7554 39.6928 14.7709 9.98963 9.66233 9.65336 20.6293 19.0438 26.579 36.4607 15.0198 22.9281 13.837 28.4053
threshold=25.500000000000004 -9.1350585052644827e-14 1.9423611111111116 12.160000000000002 4.4874000171117077e-14 1.0000000180025095e-35 11.884837962962964 75.612129629629649 12.074074074074074 -1.7567334612127807e-14 -8.8934824992446403e-15 79.37932291666668 2717.5000000000005 -8.2262657544828189e-16 -1.2963333878930664e-15
decision_type=2 2 2 2 2 2 2 2 2 2 2 2 2 2 2
left_child=1 -1 3 -3 5 6 -5 -8 9 -9 -11 -12 -13 14 -10
right_child=-2 2 -4 4 -6 -7 7 8 13 10 11 12 -14 -15 -16
leaf_value=0.038688310754903026 0.036751230814010959 0.03874302405372744 0.038769779976298782 -0.0108804157790614 0.026859973890183176 0.048562340459347916 -0.016512665757564254 -0.030491544859007163 0.001523575812826786 0.18110509865993757 -0.016802551967811538 -0.00091230062908934475 0.12007376012559795 -0.0087598174537131587 0.086614859594664154
leaf_weight=21.760712295770645 35.081801667809486 7.1619017273187628 19.953515902161598 193.94756253808737 8.9940410256385785 3.0227931290864936 84.766221463680267 4.2848257422447196 252.70194108784199 1.7990890443325032 3.38134618103504 2.6638497412204742 2.9944313243031502 150.00109297037125 3.580824948847293
leaf_count=125 191 41 114 1726 51 13 750 35 1901 14 30 23 21 1244 21
internal_value=-7.87086e-05 -0.00177652 -0.00296765 -0.00412545 -0.00455658 -0.00495843 -0.00518951 -0.00300896 -0.000292683 0.0327622 0.057768 0.0332212 0.063115 -0.00152312 0.00271249
internal_weight=796.096 761.014 739.253 719.3 712.138 703.144 700.121 506.174 421.407 15.1235 10.8387 9.03963 5.65828 406.284 256.283
internal_count=6300 6109 5984 5870 5829 5778 5765 4039 3289 123 88 74 44 3166 1922
is_linear=0
shrinkage=0.03


Tree=43
num_leaves=16
num_cat=0
split_feature=6 10 3 15 12 10 4 5 16 8 17 15 8 2 4
split_gain=53.2948 39.6799 37.9403 13.9247 9.7094 9.54134 10.2494 20.2304 13.3578 11.975 29.5038 24.2456 17.2119 16.2293 18.9799
threshold=0.071741382505352544 -9.1350585052644827e-14 1.8491319444444447 12.964872685185187 1.0000000180025095e-35 4.4874000171117077e-14 13.876736111111112 17.500000000000004 74.54950810185187 1746.5000000000002 0.69733796296296313 13.161168981481483 3661.5000000000005 0.00097942160809293393 14.649884259259261
decision_type=2 2 2 2 2 2 2 2 2 2 2 2 2 2 2
left_child=1 -1 3 -3 5 6 -5 9 -9 10 -8 -11 13 14 -13
right_child=-2 2 -4 4 -6 -7 7 8 -10 11 -12 12 -14 -15 -16
leaf_value=0.03838860831832764 0.039137254380755791 0.02807931589048698 0.035778295144035736 -0.0082875867840024944 0.047526989186022946 0.025748494997328432 0.00034557979902088645 -0.022997116807664281 -0.0015749492334869305 -0.010481141772089999 0.14679621936829221 0.035380191689472415 0.14077301648700535 -0.0069903564465285534 0.14868498378013439
leaf_weight=21.672801077365875 30.008108019828796 11.982201904058455 22.260121218860149 401.03425317257643 3.2093936651945105 9.0991687700152379 2.959333397448062 29.712770618498325 221.39895038306713 19.369537860155106 2.128523513674736 7.6430239826440829 1.364653356373309 6.4132992103695861 1.6110452339053152
leaf_count=127 168 60 133 3462 14 51 27 273 1674 158 15 63 11 53 11
internal_value=-7.80267e-05 -0.00162264 -0.00279418 -0.00399016 -0.00453448 -0.00477225 -0.00517262 -0.000903305 -0.00410973 0.0185033 0.0616137 0.0124778 0.0385876 0.0296871 0.0551055
internal_weight=791.867 761.859 740.186 717.926 705.944 702.735 693.635 292.601 251.112 41.4894 5.08786 36.4016 17.032 15.6674 9.25407
internal_count=6300 6132 6005 5872 5812 5798 5747 2285 1947 338 42 296 138 127 74
is_linear=0
shrinkage=0.03


Tree=44
num_leaves=16
num_cat=0
split_feature=6 10 3 14 8 10 10 0 4 4 1 5 8 8 8
split_gain=51.2171 38.1144 36.4502 14.2764 10.5812 20.137 23.4201 24.5659 20.5685 20.2185 21.7666 18.7425 22.2146 31.449 30.5523
threshold=0.071741382505352544 -9.1350585052644827e-14 1.9423611111111116 12.160000000000002 2628.0000000000005 -1.0873269802499943e-14 -1.7284056048197756e-14 1.5975694444444448 12.465856481481483 18.666666666666668 6.2500000000000009 16.500000000000004 2358.0000000000005 1589.5000000000002 2498.5000000000005
decision_type=2 2 2 2 2 2 2 2 2 2 2 2 2 2 2
left_child=1 -1 3 -3 5 6 11 8 -8 10 -10 -5 13 -13 -14
right_child=-2 2 -4 4 -6 -7 7 -9 9 -11 -12 12 14 -15 -16
leaf_value=0.038072815494619765 0.038787101793517853 0.038358576395069892 0.038139793732421906 -0.027619196077680243 -0.0010367506716257918 -0.013703136227978724 0.067080871493184868 -0.02347482495263924 -0.018014698739222363 0.064600361493655847 0.11057707239861846 0.11074467380176489 0.090550243883012929 -0.019722417148994417 -0.011968150670238048
leaf_weight=21.204074710607529 29.380135551095009 7.1532925218343726 19.136994183063507 26.682590022683144 403.09649386256933 208.96084927767515 10.877301804721357 8.5277458205819112 11.730917401611807 5.2688380330801001 1.3177770227193821 1.7965477555990244 5.5543288290500623 22.340146161615849 4.9459964483976364
leaf_count=127 168 42 114 249 3191 1871 68 85 97 23 8 10 33 174 40
internal_value=-7.71672e-05 -0.00158237 -0.00272268 -0.00381141 -0.00423562 -0.00842211 0.00271989 0.0213195 0.0344039 0.0149996 -0.00502832 -0.00872223 0.00583502 -0.0100115 0.0422607
internal_weight=787.974 758.594 737.39 718.253 711.1 308.003 99.0422 37.7226 29.1948 18.3175 13.0487 61.3196 34.637 24.1367 10.5003
internal_count=6300 6132 6005 5891 5849 2658 787 281 196 128 105 506 257 184 73
is_linear=0
shrinkage=0.03


Tree=45
num_leaves=16
num_cat=0
split_feature=5 10 3 15 12 6 16 10 16 1 14 0 5 16 10
split_gain=49.6596 36.0961 35.8345 13.1763 8.75001 8.31625 8.64103 9.10433 11.7353 8.35289 7.60101 7.42165 7.39709 12.8199 11.636
threshold=23.500000000000004 -9.1350585052644827e-14 1.9423611111111116 12.964872685185187 1.0000000180025095e-35 0.013551329881646902 84.991875000000007 6.5775627867756445e-15 83.554282407407428 3.2999999999999994 12.160000000000002 1.0818865740740744 14.500000000000002 75.612129629629649 -8.2262657544828189e-16
decision_type=2 2 2 2 2 2 2 2 2 2 2 2 2 2 2
left_child=1 -1 3 11 10 6 7 8 9 -2 -5 -3 -12 -14 -15
right_child=5 2 -4 4 -6 -7 -8 -9 -10 -11 12 -13 13 14 -16
leaf_value=0.037717883228319621 0.078707699079575685 -0.010642127922280104 0.037835191666213908 0.038056170870572281 0.046884353158241361 0.039300281765805065 0.062681187928285198 -0.025616867395993653 -0.019507610593367808 0.011371068685369273 -0.012026889380462241 0.041885559676678223 -0.013024398112942795 0.0022403583352763206 -0.007684287551799434
leaf_weight=20.018430322408676 3.4192216098308617 3.3758698850870124 18.718656152486801 3.6711817383766165 2.9385722279548636 29.521619290113449 2.7774746865034095 5.5750632584094992 3.9009089320898056 3.2187116146087646 118.7800936922431 8.5572882145643216 108.81991615146399 278.33664807677269 172.03480235487223
leaf_count=123 16 18 114 22 13 172 12 29 26 19 1110 42 971 2157 1456
internal_value=-7.64219e-05 -0.00201428 -0.00312633 -0.00422716 -0.00477193 0.0293539 0.0138106 0.00538704 0.0217881 0.0460564 -0.00499462 0.0270256 -0.00522774 -0.00378351 -0.0015507
internal_weight=783.664 735.251 715.233 696.514 684.581 48.413 18.8914 16.1139 10.5388 6.63793 681.643 11.9332 677.971 559.191 450.371
internal_count=6300 6026 5903 5789 5729 274 102 90 61 35 5716 60 5694 4584 3613
is_linear=0
shrinkage=0.03


Tree=46
num_leaves=16
num_cat=0
split_feature=5 10 3 15 12 6 16 10 16 1 8 10 15 10 8
split_gain=47.3693 34.6802 34.3924 12.4217 8.33599 8.28185 8.14676 8.59103 10.9078 7.62577 7.4905 22.7437 27.628 18.0788 15.9369
threshold=23.500000000000004 -9.1350585052644827e-14 1.9423611111111116 12.964872685185187 1.0000000180025095e-35 0.013551329881646902 84.991875000000007 6.5775627867756445e-15 83.554282407407428 3.2999999999999994 2628.0000000000005 -1.0873269802499943e-14 13.024971064814816 -2.5742987455249206e-14 2863.5000000000005
decision_type=2 2 2 2 2 2 2 2 2 2 2 2 2 2 2
left_child=1 -1 3 -3 10 6 7 8 9 -2 11 12 -5 -14 -12
right_child=5 2 -4 4 -6 -7 -8 -9 -10 -11 14 -13 13 -15 -16
leaf_value=0.037432203919941086 0.074976549839604861 0.026243779749223501 0.037544286350986167 0.050018336375449265 0.046124410611793641 0.038974388171472842 0.060907849531360442 -0.025141364628274019 -0.019121202145013404 0.010983162847411821 0.011188963337108448 -0.014299111466302996 -0.027348564572358871 0.0054357932291298275 -0.0049119103703940221
leaf_weight=19.572811245918274 3.4807095229625755 11.919834479689596 18.304051905870438 10.262375451624392 2.8979912698268881 28.885042458772659 2.7726539373397818 5.5110666304826728 3.8609591275453568 3.2322093099355698 66.96142415702343 197.48270979523659 19.630348570644855 66.155744291841984 318.47738023102283
leaf_count=123 16 60 114 57 13 172 12 29 26 19 460 1826 178 537 2658
internal_value=-7.41309e-05 -0.00196336 -0.0030462 -0.00411709 -0.00464783 0.0288786 0.0134145 0.00522784 0.0210562 0.0441643 -0.00486454 -0.00847533 0.0034988 -0.00206622 -0.00211474
internal_weight=779.407 731.665 712.092 693.788 681.868 47.7426 18.8576 16.0849 10.5739 6.71292 678.97 293.531 96.0485 85.7861 385.439
internal_count=6300 6026 5903 5789 5729 274 102 90 61 35 5716 2598 772 715 3118
is_linear=0
shrinkage=0.03


Tree=47
num_leaves=16
num_cat=0
split_feature=6 10 3 14 8 7 8 0 10 10 4 6 4 4 8
split_gain=45.5781 34.1753 32.2014 12.9431 10.2441 18.3721 17.0303 18.4326 15.4865 26.6235 26.0518 19.8489 18.0366 16.2743 14.737
threshold=0.023533535611982289 -9.1350585052644827e-14 1.9423611111111116 12.160000000000002 2628.0000000000005 15.946180555555557 2830.0000000000005 1.7123263888888893 -1.2440587139225304e-14 -1.7567334612127807e-14 12.465856481481483 0.0078125662819800434 9.8877314814814827 13.951967592592593 2046.5000000000002
decision_type=2 2 2 2 2 2 2 2 2 2 2 2 2 2 2
left_child=1 -1 3 -3 5 8 7 -6 9 -5 12 -12 -11 -13 -14
right_child=-2 2 -4 4 6 -7 -8 -9 -10 10 11 13 14 -15 -16
leaf_value=0.037233150284162408 0.034542839096891383 0.037603446947129845 0.037262125298990152 -0.015278566456315156 0.0099938684679106802 0.0049057996138599487 -0.0035882146169546321 0.089544655504260703 -0.017552684991547884 -0.033945457935551079 -0.034469854245474649 0.12172457645053424 0.034190834309510289 -0.015582087195332066 0.099137891871034764
leaf_weight=19.849760800600052 32.786462381482124 6.7716670334339133 17.73079152405262 42.162206761538982 59.504595339298248 72.479336522519588 335.24883286654949 2.7422470301389685 159.6230960264802 2.0114595890045193 8.4366104081273061 1.5800281763076776 7.1614818945527059 1.5284016430377958 5.6056149899959564
leaf_count=127 192 42 113 378 393 517 2770 14 1554 20 77 9 50 13 31
internal_value=-7.24844e-05 -0.00160112 -0.00266791 -0.00367236 -0.00407275 -0.00825186 -0.000912488 0.0134984 -0.0124326 -0.00049891 0.0231735 -0.010593 0.0495519 0.0542115 0.062707
internal_weight=775.223 742.436 722.586 704.856 698.084 300.588 397.496 62.2468 228.109 68.4858 26.3236 11.545 14.7786 3.10843 12.7671
internal_count=6300 6108 5981 5868 5826 2649 3177 407 2132 578 200 99 101 22 81
is_linear=0
shrinkage=0.03


Tree=48
num_leaves=16
num_cat=0
split_feature=6 10 3 14 0 5 10 7 8 10 7 3 10 2 17
split_gain=43.974 32.6406 31.0101 12.3373 9.68451 13.9939 13.1246 10.7995 14.8009 19.4092 13.6428 10.355 9.8918 9.80612 16.9127
threshold=0.071741382505352544 -9.1350585052644827e-14 1.9423611111111116 12.160000000000002 1.5485532407407412 14.500000000000002 -4.1501528847619061e-14 11.390625000000002 2498.5000000000005 6.3102686309897374e-15 11.15104166666667 1.7178819444444446 -4.5367928673025246e-14 -0.007564674467567303 0.69733796296296313
decision_type=2 2 2 2 2 2 2 2 2 2 2 2 2 2 2
left_child=1 -1 3 -3 5 -5 11 8 -7 10 -10 12 -6 14 -9
right_child=-2 2 -4 4 6 7 -8 13 9 -11 -12 -13 -14 -15 -16
leaf_value=0.03696900920070792 0.037573169288478439 0.037322912397446624 0.037000716736369163 -0.011883613390850914 -0.012423834952974779 0.089552815385191969 -0.010925510609844754 0.048941315961032947 -0.03464512041936469 0.084127035378318268 0.062969705182391394 0.08836948035608444 0.073198754870573354 -0.0018815532815793612 0.004188225631962042
leaf_weight=19.398657873272896 26.950951874256134 6.6201791316270819 17.487902924418449 95.648246429860592 4.8158940002322188 2.7613168209791175 194.73623490333557 9.2257796600460988 5.8180168941616994 2.4599486440420151 1.6551780253648756 1.9311173260211942 1.623784877359866 336.81224445998669 43.125000908970833
leaf_count=127 168 42 114 919 35 15 1820 72 51 15 10 9 11 2559 333
internal_value=-7.17555e-05 -0.0014352 -0.00246317 -0.003439 -0.00382417 -0.00157053 -0.0093444 0.000884147 0.028114 0.0110346 -0.0130252 0.0274381 0.00916616 -4.08865e-06 0.0120751
internal_weight=771.07 744.12 724.721 707.233 700.613 497.506 203.107 401.857 12.6945 9.93314 7.47319 8.3708 6.43968 389.163 52.3508
internal_count=6300 6132 6005 5891 5849 3974 1875 3055 91 76 61 55 46 2964 405
is_linear=0
shrinkage=0.03


Tree=49
num_leaves=16
num_cat=0
split_feature=6 10 3 14 8 10 10 0 5 8 8 8 8 1 4
split_gain=42.3242 31.3968 29.7982 11.8445 9.32088 17.5771 20.4154 21.4173 17.7575 20.7867 28.1754 26.8444 15.9188 17.0372 15.5767
threshold=0.071741382505352544 -9.1350585052644827e-14 1.9423611111111116 12.160000000000002 2628.0000000000005 -1.0873269802499943e-14 -1.7284056048197756e-14 1.5975694444444448 16.500000000000004 2358.0000000000005 1589.5000000000002 2498.5000000000005 2830.0000000000005 4.9000000000000012 12.465856481481483
decision_type=2 2 2 2 2 2 2 2 2 2 2 2 2 2 2
left_child=1 -1 3 -3 5 6 8 14 -5 10 -10 -11 13 -6 -8
right_child=-2 2 -4 4 12 -7 7 -9 9 11 -12 -13 -14 -15 -16
leaf_value=0.036716283635735994 0.037294552608979986 0.037054705688068956 0.03674641992817413 -0.027150656773796716 0.003891927840169783 -0.012791067786846848 0.05875331102288462 -0.022985320144497178 0.10095577293866631 0.08484342069726869 -0.019322736319820184 -0.011235491469050545 -0.003302732845031589 0.039586219701422336 0.014348849971294717
leaf_weight=18.952955216169357 26.346858099102974 6.4703195989131919 17.086720913648605 25.570689596235752 46.231830753386021 201.49625351279974 11.652714148163797 8.2331461757421476 1.9056125134229684 5.7259848788380605 21.860604152083397 4.8206253871321678 336.45647147297859 16.270356863737106 18.237767234444618
leaf_count=127 168 42 114 249 311 1871 68 85 10 33 174 40 2784 96 128
internal_value=-7.03844e-05 -0.00139898 -0.0023995 -0.00334835 -0.00372263 -0.00772246 0.00269827 0.0198587 -0.00822656 0.00587611 -0.00967862 0.0409278 -0.000719907 0.0131837 0.0316598
internal_weight=767.319 740.972 722.019 704.932 698.462 299.503 98.0071 38.1236 59.8835 34.3128 23.7662 10.5466 398.959 62.5022 29.8905
internal_count=6300 6132 6005 5891 5849 2658 787 281 506 257 184 73 3191 407 196
is_linear=0
shrinkage=0.03


Tree=50
num_leaves=16
num_cat=0
split_feature=5 10 3 15 12 6 9 8 16 5 0 6 10 10 15
split_gain=41.0929 29.6939 29.3304 11.0782 7.83224 7.50751 7.70632 11.2943 13.5564 7.20399 9.91463 6.9833 16.374 24.3783 16.4443
threshold=23.500000000000004 -9.1350585052644827e-14 1.9423611111111116 12.964872685185187 1.0000000180025095e-35 0.013551329881646902 2444.6053240740744 2817.0000000000005 84.561562500000008 15.500000000000002 1.0894097222222225 0.0072924690274773132 1.2104048763225338e-14 1.3156065161101083e-14 13.149421296296298
decision_type=2 2 2 2 2 2 2 2 2 2 2 2 2 2 2
left_child=1 -1 3 9 11 6 -2 -8 -9 -3 -11 12 -5 14 -14
right_child=5 2 -4 4 -6 -7 7 8 -10 10 -12 -13 13 -15 -16
leaf_value=0.036407518379803022 -0.0098896362566236792 0.059890559510314342 0.03650301383850358 -0.0083733816998868074 0.045491494150022294 0.037946583936264523 0.077481741014574779 -0.030619522720650136 0.04825185124114028 -0.035537821405623768 0.033988500745909873 0.00055036865002280801 0.16990737223887284 0.0025741069480462457 0.041773461665653724
leaf_weight=17.83750131726265 7.702367156744006 3.6846754997968665 16.690624982118607 428.39645543694496 2.8365971297025672 26.503579959273338 3.125916659831999 3.8030488938093185 4.049983948469162 2.8657151907682401 5.1874591857194901 181.96858559548855 1.1720996499061573 53.617884181439877 3.9034135937690735
leaf_count=123 46 18 114 3692 13 172 15 23 18 16 26 1523 10 459 32
internal_value=-6.96453e-05 -0.00181559 -0.00278914 -0.00374845 -0.00425321 0.02768 0.0131147 0.0292535 0.0100562 0.0251451 0.00924762 -0.00446411 -0.00633744 0.00852269 0.0713637
internal_weight=763.346 718.161 700.324 683.633 671.895 45.1849 18.6813 10.9789 7.85303 11.7378 8.05317 669.058 487.09 58.6934 5.07551
internal_count=6300 6026 5903 5789 5729 274 102 56 41 60 42 5716 4193 501 42
is_linear=0
shrinkage=0.03


Tree=51
num_leaves=16
num_cat=0
split_feature=6 10 3 14 0 5 10 7 8 10 7 4 2 3 4
split_gain=39.2333 29.1039 27.5386 11.1471 9.07744 13.3601 12.0758 10.1871 13.3627 17.4752 12.8226 9.78546 14.7165 9.73882 9.41016
threshold=0.071741382505352544 -9.1350585052644827e-14 1.9423611111111116 12.160000000000002 1.5485532407407412 14.500000000000002 -4.1501528847619061e-14 11.390625000000002 2498.5000000000005 6.3102686309897374e-15 11.15104166666667 10.026620370370372 -0.0024053018886038596 1.6998263888888892 11.62152777777778
decision_type=2 2 2 2 2 2 2 2 2 2 2 2 2 2 2
left_child=1 -1 3 -3 5 -5 13 8 -7 10 -10 12 -8 -6 -9
right_child=-2 2 -4 4 6 7 11 14 9 -11 -12 -13 -14 -15 -16
leaf_value=0.036252032560475288 0.036775580903107258 0.036695621591568757 0.036269918343779843 -0.01151638700430538 -0.003089778264681564 0.084653605583940153 -0.034319234477490163 -0.031073700518835894 -0.034453814721439491 0.078232064123266762 0.05968432525821897 -0.011916625283920967 0.050126653204685651 0.06156573592659139 0.000874797819649336
leaf_weight=18.089132383465767 25.15089838206768 6.2544743567705146 16.299860283732414 94.179030880331993 4.6378938257694227 2.8513506799936286 2.8134932070970535 8.4833035767078382 5.6297362968325597 2.571034163236618 1.6940888762474058 183.2978678047657 5.4651799574494344 3.826677143573761 378.50379943847656
leaf_count=127 168 42 114 919 37 15 26 74 51 15 10 1753 41 18 2890
internal_value=-6.79948e-05 -0.00132943 -0.00227822 -0.00317557 -0.00353492 -0.00135133 -0.00892634 0.00104361 0.0274324 0.0109433 -0.0126785 -0.0104757 0.0214279 0.0261398 0.000174442
internal_weight=759.748 734.597 716.508 700.208 693.953 493.912 200.041 399.733 12.7462 9.89486 7.32383 191.577 8.27867 8.46457 386.987
internal_count=6300 6132 6005 5891 5849 3974 1875 3055 91 76 61 1820 67 55 2964
is_linear=0
shrinkage=0.03


Tree=52
num_leaves=16
num_cat=0
split_feature=5 10 3 15 12 6 16 10 16 2 8 6 10 10 1
split_gain=37.907 27.5009 27.1333 10.0691 7.45361 7.31945 7.37228 7.97231 9.75324 6.8296 17.4238 6.89138 15.3847 22.7165 13.8303
threshold=23.500000000000004 -9.1350585052644827e-14 1.8491319444444447 12.964872685185187 1.0000000180025095e-35 0.013551329881646902 84.991875000000007 6.5775627867756445e-15 83.554282407407428 -0.022508986441079074 3682.0000000000005 0.0072924690274773132 1.2104048763225338e-14 1.4153870416576328e-14 5.1000000000000005
decision_type=2 2 2 2 2 2 2 2 2 2 2 2 2 2 2
left_child=1 -1 3 -3 9 6 7 8 -2 10 -5 12 -11 14 -14
right_child=5 2 -4 4 -6 -7 -8 -9 -10 11 -12 -13 13 -15 -16
leaf_value=0.035958460993721936 0.041774705475558303 0.024188022827889608 0.033087594883716966 0.0037909706023918984 0.044839357249652441 0.037476921912880795 0.058272520719008257 -0.024662183397738308 -0.018622003712801254 -0.0085960651168511572 0.12172183426601435 0.00031797651461795673 0.057205267893975488 -0.0017875399718597809 -0.034619778945178037
leaf_weight=17.004281803965569 6.724917799234392 11.50331863760948 18.601145997643471 7.1308004707097989 2.7867055088281623 25.319237515330315 2.7265935242176047 5.4186984300613394 3.7472747415304184 415.45824567973614 1.3393076807260511 180.25847544521093 10.481696225702761 45.868345238268375 1.7182184159755696
leaf_count=123 35 59 133 62 13 172 12 29 26 3617 11 1514 87 392 15
internal_value=-6.66632e-05 -0.00173515 -0.00265719 -0.00363997 -0.00412131 0.0269771 0.0126976 0.00487781 0.0201629 -0.00432734 0.0224384 -0.0046741 -0.00657444 0.00788955 0.0442728
internal_weight=756.087 712.151 695.146 676.545 665.042 43.9367 18.6175 15.8909 10.4722 662.255 8.47011 653.785 473.527 58.0683 12.1999
internal_count=6300 6026 5903 5770 5711 274 102 90 61 5698 73 5625 4111 494 102
is_linear=0
shrinkage=0.03


Tree=53
num_leaves=16
num_cat=0
split_feature=5 10 3 14 16 1 10 7 10 1 8 10 17 8 10
split_gain=36.4205 26.5474 25.6876 10.3481 8.37235 13.551 12.3042 18.0683 10.7167 26.8983 19.7229 29.3203 22.1455 24.016 18.9736
threshold=25.500000000000004 -9.1350585052644827e-14 1.9423611111111116 12.160000000000002 82.291886574074098 4.4000000000000012 2.3464897047013668e-14 13.630208333333334 3.8741847777034414e-15 5.4000000000000012 2088.5000000000005 7.2469423501920456e-15 0.63599537037037046 3954.0000000000005 -1.9554507755786809e-15
decision_type=2 2 2 2 2 2 2 2 2 2 2 2 2 2 2
left_child=1 -1 3 -3 5 6 -5 -8 14 10 -10 -12 -13 -14 -7
right_child=-2 2 -4 4 -6 8 7 -9 9 -11 11 12 13 -15 -16
leaf_value=0.035774653815438186 0.033210146801836392 0.036386072458867116 0.035849795230249532 -0.013136638049989217 0.000269292324105923 0.00051380507181808934 0.059207791107437686 -0.033691347645438026 -0.021636702549214907 -0.0087616957513100922 0.14188281220197579 0.0042224831018491758 0.098716157121609263 -0.034739845918501849 -0.029327974989179734
leaf_weight=16.909026741981506 28.48310774564743 5.9163256585597983 15.566183686256407 197.41406212747097 302.64914444088936 99.468997411429882 5.0672246217727643 2.9996686354279518 4.7353230416774776 29.362144313752651 2.5312435626983669 10.318868331611158 6.0269187167286864 1.5195555090904234 23.754634208977222
leaf_count=125 191 41 114 1868 2358 848 29 31 45 255 19 83 46 13 234
internal_value=-6.52974e-05 -0.00137396 -0.00226202 -0.00311962 -0.0034604 -0.00640611 -0.0116527 0.0246633 -0.000339923 0.010738 0.0335199 0.0463252 0.0327862 0.0718435 -0.00523899
internal_weight=752.722 724.239 707.33 691.764 685.848 383.199 205.481 8.06689 177.718 54.4941 25.1319 20.3966 17.8653 7.54647 123.224
internal_count=6300 6109 5984 5870 5829 3471 1928 60 1543 461 206 161 142 59 1082
is_linear=0
shrinkage=0.03


Tree=54
num_leaves=16
num_cat=0
split_feature=6 10 3 14 8 10 10 0 5 8 8 8 8 3 17
split_gain=35.2423 25.9996 24.5868 10.1242 8.58512 16.9052 19.3365 19.8622 17.2554 19.3483 25.8943 24.3074 15.2507 16.6772 14.7673
threshold=0.071741382505352544 -9.1350585052644827e-14 1.9423611111111116 12.160000000000002 2628.0000000000005 -1.0873269802499943e-14 -1.7284056048197756e-14 1.5975694444444448 16.500000000000004 2358.0000000000005 1589.5000000000002 2494.5000000000005 2830.0000000000005 1.6609375000000002 0.71932870370370383
decision_type=2 2 2 2 2 2 2 2 2 2 2 2 2 2 2
left_child=1 -1 3 -3 5 6 8 -8 -5 10 -10 -11 13 14 -6
right_child=-2 2 -4 4 12 -7 7 -9 9 11 -12 -13 -14 -15 -16
leaf_value=0.035617202372332221 0.036107103021099353 0.036150414604671118 0.035643798965572134 -0.02676552370149347 -0.0046689383977823106 -0.012205164016918889 0.030899954430236482 -0.022442475848584414 0.094672610517975653 0.10888463516694953 -0.018735622114940106 0.0099250810372002278 -0.0029362094149872338 0.058979918848559673 0.026794608341237591
leaf_weight=16.83017036318779 23.48159921169281 5.9132306128740302 15.192113995552061 24.703062273561954 33.417484901845455 196.77305411547422 30.108398787677288 7.9388972446322432 1.9804365932941461 3.2002224549651128 21.304998137056828 7.3982137069106102 332.31323314458132 6.4331109821796408 22.441086031496525
leaf_count=127 168 42 114 249 236 1871 196 85 10 19 174 54 2784 41 130
internal_value=-6.5275e-05 -0.00123531 -0.00210997 -0.00293651 -0.00327245 -0.0071588 0.00311694 0.0197696 -0.00769757 0.00620394 -0.0090902 0.0398061 -0.000382765 0.0132393 0.00797149
internal_weight=749.429 725.948 709.118 693.925 688.012 293.407 96.6342 38.0473 58.5869 33.8839 23.2854 10.5984 394.605 62.2917 55.8586
internal_count=6300 6132 6005 5891 5849 2658 787 281 506 257 184 73 3191 407 366
is_linear=0
shrinkage=0.03


Tree=55
num_leaves=16
num_cat=0
split_feature=6 10 3 14 0 5 10 7 17 4 8 4 15 2 17
split_gain=33.9718 25.0457 23.6622 9.73367 8.46331 12.6093 11.5199 9.65535 12.5455 12.9305 25.1927 9.48476 20.8076 9.38719 14.9193
threshold=0.071741382505352544 -9.1350585052644827e-14 1.9423611111111116 12.160000000000002 1.5485532407407412 14.500000000000002 -4.1501528847619061e-14 11.390625000000002 0.62094907407407418 10.714699074074076 2732.5000000000005 14.587384259259261 13.23715277777778 -0.007564674467567303 0.69733796296296313
decision_type=2 2 2 2 2 2 2 2 2 2 2 2 2 2 2
left_child=1 -1 3 -3 5 -5 11 8 -7 10 -10 12 -6 14 -9
right_child=-2 2 -4 4 6 7 -8 13 9 -11 -12 -13 -14 -15 -16
leaf_value=0.0354208741069559 0.035891289869528074 0.035932288325815756 0.03544617459358014 -0.011051555708922686 -0.035846721174228505 -0.020784669933453813 -0.0099875845621017097 0.04626205672830163 0.12874273376468059 0.083889922476848219 -0.027110719182169424 0.063461310301228202 0.10781012578307497 -0.0014590463505443664 0.0046589717842116952
leaf_weight=16.421920657157898 22.922558560967445 5.7727757394313803 14.824072062969206 92.475572630763054 3.7411925643682462 3.5685064271092406 187.98349650204182 9.4879715815186483 1.2510079443454722 4.2445592880249023 3.6770507916808128 3.5167201012372971 1.1980013251304624 332.1196256428957 42.542822808027267
leaf_count=127 168 42 114 919 30 28 1820 72 7 25 31 19 6 2559 333
internal_value=-6.45732e-05 -0.00120482 -0.00205627 -0.00286014 -0.00318667 -0.00107519 -0.00844677 0.0012493 0.0269424 0.0455101 0.0124533 0.0258071 -0.00100276 0.000397139 0.0122454
internal_weight=745.748 722.825 706.403 691.579 685.807 489.367 196.439 396.892 12.7411 9.17262 4.92806 8.45591 4.93919 384.15 52.0308
internal_count=6300 6132 6005 5891 5849 3974 1875 3055 91 63 38 55 36 2964 405
is_linear=0
shrinkage=0.03


Tree=56
num_leaves=16
num_cat=0
split_feature=5 10 3 15 12 5 0 2 6 16 10 16 1 6 10
split_gain=32.8181 23.6715 23.3108 9.05377 7.04827 6.88002 9.08321 6.96427 6.85558 6.97383 7.71477 9.07593 6.42502 6.38489 14.4327
threshold=23.500000000000004 -9.1350585052644827e-14 1.9423611111111116 12.964872685185187 1.0000000180025095e-35 15.500000000000002 1.0894097222222225 -0.0039139244067274192 0.013551329881646902 84.991875000000007 6.5775627867756445e-15 83.554282407407428 3.2999999999999994 0.0072924690274773132 1.2104048763225338e-14
decision_type=2 2 2 2 2 2 2 2 2 2 2 2 2 2 2
left_child=1 -1 3 5 13 -3 -7 -8 9 10 11 12 -2 14 -5
right_child=8 2 -4 4 -6 6 7 -9 -10 -11 -12 -13 -14 -15 -16
leaf_value=0.035165706075003557 0.067997399610202236 0.05719829254253584 0.035256511637725051 -0.0076743103880239933 0.044348079091638924 -0.035714010571772078 0.062487680960613377 -0.0088242865346887158 0.036711207235286113 0.056798691833952947 -0.02452449481570753 -0.018266185264894066 0.0092659094361675319 0.00091810222326523026 0.0081900568258683384
leaf_weight=15.414063379168509 3.5659093111753482 3.6480208039283735 14.462172120809553 418.05471456795931 2.7363956272602072 2.8236420452594757 2.8408793359994888 2.1770177334547043 23.121281951665878 2.6958793401718131 5.3932377099990836 3.6688851490616798 3.163685068488121 179.80207937955856 58.880310371518135
leaf_count=123 16 18 114 3692 13 16 14 12 172 12 29 26 19 1523 501
internal_value=-6.34696e-05 -0.00160031 -0.00242712 -0.00323936 -0.00369934 0.0231624 0.00732838 0.0315489 0.0258223 0.0122042 0.00459127 0.0196923 0.0403868 -0.00389954 -0.00571577
internal_weight=742.448 700.839 685.425 670.963 659.473 11.4896 7.84154 5.0179 41.6089 18.4876 15.7917 10.3985 6.72959 656.737 476.935
internal_count=6300 6026 5903 5789 5729 60 42 26 274 102 90 61 35 5716 4193
is_linear=0
shrinkage=0.03


Tree=57
num_leaves=16
num_cat=0
split_feature=6 10 3 14 8 7 5 1 10 8 17 10 8 3 8
split_gain=31.6146 23.4517 21.8792 9.26965 8.55779 16.6313 14.7357 47.6743 21.7775 14.8177 20.2931 18.5099 17.6901 15.4471 14.626
threshold=0.023533535611982289 -9.1350585052644827e-14 1.9423611111111116 12.160000000000002 2628.0000000000005 15.946180555555557 19.500000000000004 4.1000000000000005 -3.1664917081249131e-15 2369.5000000000005 0.71006944444444453 -1.2440587139225304e-14 2558.5000000000005 1.4657986111111112 2830.0000000000005
decision_type=2 2 2 2 2 2 2 2 2 2 2 2 2 2 2
left_child=1 -1 3 -3 5 -5 7 -7 9 10 11 -8 13 -11 -6
right_child=-2 2 -4 4 14 6 8 -9 -10 12 -12 -13 -14 -15 -16
leaf_value=0.035062396778349644 0.031819761327049077 0.035663202226318837 0.035071347111898903 -0.011216777667467856 0.01305286197405652 -0.010985879388148642 -0.0076497174139588224 0.1012331107022673 -0.030225017335906917 0.040122562301812929 -0.015499359442784157 0.12028916672003884 -0.013094599704892275 0.13974049095979599 -0.0028022096942353376
leaf_weight=15.639269851148127 26.972404047846794 5.5799440219998351 13.977131836116312 216.66854558140039 62.35086802393198 8.7552643269300443 1.992784686386585 5.5778119862079611 16.629773579537868 8.5926669016480428 20.929864749312401 2.0800998583436039 4.8633218780159941 1.6738118082284916 326.91745054721832
leaf_count=127 192 42 113 2132 407 75 17 38 145 41 141 15 34 11 2770
internal_value=-6.13774e-05 -0.00126873 -0.00208441 -0.00284521 -0.00316258 -0.00708545 0.00550507 0.0326849 -0.00135811 0.0106035 -0.00357682 0.0576911 0.0340372 0.0563639 -0.000262631
internal_weight=739.201 712.229 696.589 682.612 677.032 287.764 71.0954 14.3331 56.7623 40.1325 25.0027 4.07288 15.1298 10.2665 389.268
internal_count=6300 6108 5981 5868 5826 2649 517 113 404 259 173 32 86 52 3177
is_linear=0
shrinkage=0.03


Tree=58
num_leaves=16
num_cat=0
split_feature=6 10 3 14 0 8 8 16 8 10 5 10 10 10 10
split_gain=30.5701 22.4492 21.1199 8.85553 7.94116 12.0882 16.0284 14.5925 16.2278 16.1938 11.5199 9.2301 28.161 9.04585 17.8147
threshold=0.071741382505352544 -9.1350585052644827e-14 1.9423611111111116 12.160000000000002 1.5500578703703705 1910.5000000000002 3162.5000000000005 72.108576388888906 2558.5000000000005 8.9949099616300194e-15 14.500000000000002 -2.8833203368255315e-14 -3.0299713635264596e-14 -1.8457954561541431e-14 -1.3171640396441542e-14
decision_type=2 2 2 2 2 2 2 2 2 2 2 2 2 2 2
left_child=1 -1 3 -3 10 -6 7 8 -7 -10 13 12 -8 -5 -15
right_child=-2 2 -4 4 5 6 11 -9 9 -11 -12 -13 -14 14 -16
leaf_value=0.034888218080934091 0.035317253740256113 0.035465175712840323 0.034899701195141505 -0.025053761537194873 -0.028171339509480309 -0.011370351194140909 -0.0089417197797788221 -0.0029454064904988818 0.069694407933662481 -0.0059191676512486552 0.0013024110115818536 -0.019859546568413745 0.13572180198661277 0.030832390783824746 -0.011434397903258368
leaf_weight=15.251682855188845 21.344143003225327 5.4448097273707381 13.757485322654246 27.071767695248127 23.710904456675053 6.5620048865675953 8.9219098612666112 74.638907171785831 8.5497146770358068 3.6320289969444266 396.44401108473539 64.450579069554806 1.4012919589877117 10.766584008932112 53.92617405205965
leaf_count=127 168 42 114 279 276 70 76 705 56 27 3068 634 11 87 560
internal_value=-6.11798e-05 -0.00111799 -0.00190331 -0.00264189 -0.00294699 -0.00811813 -0.00529053 0.0029975 0.0266626 0.04715 -0.000914712 -0.0156412 0.0106952 -0.0104932 -0.00440009
internal_weight=735.874 714.53 699.278 685.521 680.076 191.867 168.156 93.3827 18.7437 12.1817 488.209 74.7738 10.3232 91.7645 64.6928
internal_count=6300 6132 6005 5891 5849 1855 1579 858 153 83 3994 721 87 926 647
is_linear=0
shrinkage=0.03


Tree=59
num_leaves=16
num_cat=0
split_feature=6 10 3 14 8 10 10 0 5 8 8 8 8 7 4
split_gain=29.4916 21.6421 20.342 8.52041 7.72535 16.1626 18.0871 17.9583 16.5173 17.3025 23.9795 21.3418 14.0197 22.4958 13.741
threshold=0.071741382505352544 -9.1350585052644827e-14 1.9423611111111116 12.160000000000002 2628.0000000000005 -1.0873269802499943e-14 -1.7284056048197756e-14 1.5975694444444448 16.500000000000004 2358.0000000000005 1589.5000000000002 2498.5000000000005 2656.0000000000005 15.74479166666667 12.465856481481483
decision_type=2 2 2 2 2 2 2 2 2 2 2 2 2 2 2
left_child=1 -1 3 -3 5 6 8 14 -5 10 -10 -11 13 -6 -8
right_child=-2 2 -4 4 12 -7 7 -9 9 11 -12 -13 -14 -15 -16
leaf_value=0.034720848893726029 0.035133455471811487 0.035275107913748584 0.034731652111174766 -0.026322705653876562 0.13137208845275961 -0.011612173135494078 0.054777028322545836 -0.021750225484166205 0.089684224759333062 0.075087208358186788 -0.018065044980793782 -0.01026760874967738 -0.0010350223057851867 0.013800458381865952 0.013534972500608786
leaf_weight=14.87119424343109 20.820046991109848 5.311930648982524 13.41451024264097 23.693017117679119 1.7925172075629223 192.09953944385052 12.030087679624559 7.5838193446397772 2.0422005206346538 6.0410531908273679 20.709276147186756 4.6780345812439919 381.25774018466473 8.0080720931291562 18.378246016800404
leaf_count=127 168 42 114 249 13 1871 68 85 10 33 174 40 3135 43 128
internal_value=-6.06958e-05 -0.00108996 -0.00185397 -0.00257188 -0.00286826 -0.00660379 0.00350709 0.0195507 -0.00715581 0.00641198 -0.00839334 0.0378366 -0.0001243 0.0353042 0.0298511
internal_weight=732.731 711.911 697.04 683.626 678.314 287.255 95.1557 37.9922 57.1636 33.4706 22.7515 10.7191 391.058 9.80059 30.4083
internal_count=6300 6132 6005 5891 5849 2658 787 281 506 257 184 73 3191 56 196
is_linear=0
shrinkage=0.03


Tree=60
num_leaves=16
num_cat=0
split_feature=5 10 3 14 10 2 4 5 2 3 1 5 7 8 16
split_gain=28.5578 20.5127 19.7088 8.06735 7.40493 10.0948 7.1442 16.6302 13.5178 17.5785 13.7172 13.3772 46.1384 13.5385 19.3632
threshold=25.500000000000004 -9.1350585052644827e-14 1.9423611111111116 12.160000000000002 4.4874000171117077e-14 -0.0050129661506998274 13.876736111111112 17.500000000000004 -0.007564674467567303 1.2482638888888893 3.2500000000000004 19.500000000000004 15.796875000000002 2385.0000000000005 79.444809027777794
decision_type=2 2 2 2 2 2 2 2 2 2 2 2 2 2 2
left_child=1 -1 3 -3 6 -6 -5 -8 9 -9 -10 12 -11 -14 -15
right_child=-2 2 -4 4 5 -7 7 8 10 11 -12 -13 13 14 -16
leaf_value=0.034515891099262501 0.031583909247128575 0.035103781543940032 0.034570140497743332 -0.0059423003505726466 0.07516486110865829 0.0044430287652989951 0.018104863551521955 0.057754571819378382 0.010896129180251166 -0.019974380475382435 -0.0091894737475486828 -0.016724646889344087 0.13098723529543638 0.13429699234451833 -0.034862496662070669
leaf_weight=14.201736964285372 24.794960491359234 5.0660398080945006 13.077952742576597 381.23564562946558 2.5119210928678513 6.5613300874829275 40.660113051533699 6.8402063250541678 37.36373982578516 8.416427396237852 169.07774116098881 13.943701609969137 3.2294131889939299 1.0680550634860995 1.4169907122850416
leaf_count=125 191 41 114 3485 12 39 339 41 223 81 1436 128 23 10 12
internal_value=-6.01662e-05 -0.00117361 -0.00190768 -0.00261194 -0.00289613 0.0240223 -0.00326437 0.000355709 -0.0026344 0.0146295 -0.00555419 0.00412231 0.0246931 0.0904808 0.0378411
internal_weight=729.466 704.671 690.469 677.391 672.325 9.07325 663.252 282.016 241.356 34.9148 206.441 28.0746 14.1309 5.71446 2.48505
internal_count=6300 6109 5984 5870 5829 51 5778 2293 1954 295 1659 254 126 45 22
is_linear=0
shrinkage=0.03


Tree=61
num_leaves=16
num_cat=0
split_feature=6 10 3 14 8 10 10 0 5 8 8 8 7 0 10
split_gain=27.6028 20.1323 18.8869 7.89544 7.47702 15.4496 17.0677 16.6108 15.7206 16.0313 21.9042 19.7507 13.0204 16.185 32.7111
threshold=0.071741382505352544 -9.1350585052644827e-14 1.9423611111111116 12.160000000000002 2628.0000000000005 -1.0873269802499943e-14 -1.7284056048197756e-14 1.5975694444444448 16.500000000000004 2358.0000000000005 1589.5000000000002 2494.5000000000005 15.796875000000002 1.3808449074074074 -8.5559763199691403e-15
decision_type=2 2 2 2 2 2 2 2 2 2 2 2 2 2 2
left_child=1 -1 3 -3 5 6 8 -8 -5 10 -10 -11 -7 -14 -15
right_child=-2 2 -4 4 -6 12 7 -9 9 11 -12 -13 13 14 -16
leaf_value=0.034405937584730449 0.034815939792075701 0.034917574393650778 0.034414852303783522 -0.026009394532543553 -2.2331345599636986e-05 -0.016024922251348536 0.028682641313461973 -0.021361768887265226 0.083535361666635624 0.095904081769662447 -0.017746221484481847 0.0087116308049071493 -0.014948339423684098 0.14962198758872114 0.010009856209381066
leaf_weight=14.132687516510485 19.865834914147854 5.0533248782157889 12.747841179370878 23.107604019343853 389.90717425197363 140.32574171572924 30.781823791563511 7.4053469821810713 2.121155962347987 3.4124058783054334 20.448454961180687 7.4268671572208405 25.40312448143959 1.6173538193106676 22.839376963675022
leaf_count=127 168 42 114 249 3191 1483 196 85 10 19 174 54 192 12 184
internal_value=-5.98803e-05 -0.00104022 -0.00176351 -0.00244189 -0.00272166 -0.00641605 0.00348424 0.0189779 -0.00698455 0.00617418 -0.00822749 0.0361614 -0.0113459 0.00182263 0.0192426
internal_weight=726.596 706.73 692.598 679.85 674.796 284.889 94.7037 38.1872 56.5165 33.4089 22.5696 10.8393 190.186 49.8599 24.4567
internal_count=6300 6132 6005 5891 5849 2658 787 281 506 257 184 73 1871 388 196
is_linear=0
shrinkage=0.03


Tree=62
num_leaves=16
num_cat=0
split_feature=6 10 3 14 0 8 8 16 8 10 5 7 8 10 7
split_gain=26.6432 19.4195 18.2023 7.60188 7.33823 11.5069 15.6686 13.6826 14.285 14.6633 10.615 9.06017 11.5095 15.1389 11.4717
threshold=0.071741382505352544 -9.1350585052644827e-14 1.9423611111111116 12.160000000000002 1.5500578703703705 1910.5000000000002 3162.5000000000005 72.108576388888906 2558.5000000000005 8.9949099616300194e-15 14.500000000000002 11.390625000000002 2498.5000000000005 6.3102686309897374e-15 11.15104166666667
decision_type=2 2 2 2 2 2 2 2 2 2 2 2 2 2 2
left_child=1 -1 3 -3 10 -6 7 8 -7 -10 -5 12 -12 14 -14
right_child=-2 2 -4 4 5 6 -8 -9 9 -11 11 -13 13 -15 -16
leaf_value=0.03425712170191144 0.034651868832012524 0.034749120870028821 0.034265497877014488 -0.0099978058436270348 -0.027760736937028518 -0.010531619874697746 -0.015268115983912251 -0.0025440927419763414 0.065626793831687125 -0.0060875106801117273 0.077902523741406743 0.00059162632814249228 -0.034109586904195223 0.070810900776880625 0.054127548043656527
leaf_weight=13.773680344223974 19.368609055876732 4.9273897260427466 12.424191124737261 89.896937042474747 22.584884963929653 6.336671099066737 73.568786412477493 73.651693321764469 8.8351866602897626 3.6163452789187422 2.9778918474912635 381.59460234642029 5.3775287419557554 2.7212261706590652 1.7601168751716612
leaf_count=127 168 42 114 926 276 70 721 705 56 27 15 2976 52 15 10
internal_value=-5.95373e-05 -0.00101446 -0.00171827 -0.00237781 -0.00264967 -0.0076701 -0.00493684 0.00328536 0.0261374 0.0447985 -0.000694751 0.00142556 0.0262156 0.0106034 -0.0123506
internal_weight=723.416 704.047 690.273 677.849 672.922 188.594 166.009 92.4399 18.7882 12.4515 484.328 394.431 12.8368 9.85887 7.13765
internal_count=6300 6132 6005 5891 5849 1855 1579 858 153 83 3994 3068 92 77 62
is_linear=0
shrinkage=0.03


Tree=63
num_leaves=16
num_cat=0
split_feature=5 10 3 15 5 0 2 12 16 1 2 1 0 10 10
split_gain=25.7714 18.3466 18.0111 7.52268 6.85979 7.96338 6.94067 6.78873 6.31356 6.47077 11.1606 9.16697 6.6126 9.92701 17.7905
threshold=23.500000000000004 -9.1350585052644827e-14 1.8163194444444446 12.964872685185187 15.500000000000002 1.0894097222222225 -0.0039139244067274192 1.0000000180025095e-35 93.068686342592613 6.8500000000000005 -0.022508986441079074 6.7500000000000009 1.6022569444444448 -2.8833203368255315e-14 -3.0299713635264596e-14
decision_type=2 2 2 2 2 2 2 2 2 2 2 2 2 2 2
left_child=1 -1 3 4 -3 -6 -7 8 9 10 -5 12 -12 14 -14
right_child=-2 2 -4 7 5 6 -8 -9 -10 -11 11 -13 13 -15 -16
leaf_value=0.034051246959739982 0.024012848671511832 0.055857432163345239 0.02714397766046232 0.039075790756263606 -0.035584757846303543 0.05959424844442919 -0.01449042081280387 0.044095933160283513 -0.035197190317531032 -0.026216623131946924 -0.0019529415503241349 0.053411444508984017 0.0026258391221629564 -0.013112957257226238 0.11598848597844602
leaf_weight=12.892856106162069 37.921923220157623 3.5725266560912114 18.459006667137146 5.6628795191645613 2.7205106690526009 2.7496492266654968 1.9418945536017416 2.7050421833991996 5.6165355145931235 10.850383944809435 495.37846010923386 2.5605558753013602 12.875485867261885 103.17654024809599 1.3794018179178227
leaf_count=123 274 18 169 47 16 14 11 13 48 106 4265 17 103 1066 10
internal_value=-5.86594e-05 -0.00139607 -0.00207854 -0.0029069 0.0217093 0.00525033 0.0289296 -0.00332926 -0.0035305 -0.00324903 -0.00284775 -0.00323355 -0.00347023 -0.00987083 0.0135956
internal_weight=720.464 682.542 669.649 651.19 10.9846 7.41205 4.69154 640.205 637.5 631.884 621.033 615.37 612.81 117.431 14.2549
internal_count=6300 6026 5903 5734 59 41 25 5675 5662 5614 5508 5461 5444 1179 113
is_linear=0
shrinkage=0.03


Tree=64
num_leaves=16
num_cat=0
split_feature=6 10 3 14 8 10 10 0 5 8 8 8 10 2 1
split_gain=25.1149 18.0932 17.0405 7.22707 7.07198 14.7318 16.0709 15.2263 15.0876 14.7427 20.2353 17.7821 12.7761 38.0077 16.6606
threshold=0.071741382505352544 -9.1350585052644827e-14 1.9423611111111116 12.160000000000002 2628.0000000000005 -1.0873269802499943e-14 -1.7284056048197756e-14 1.5975694444444448 16.500000000000004 2358.0000000000005 1589.5000000000002 2498.5000000000005 1.2104048763225338e-14 -0.013162496064943506 3.8500000000000019
decision_type=2 2 2 2 2 2 2 2 2 2 2 2 2 2 2
left_child=1 -1 3 -3 5 6 8 -8 -5 10 -10 -11 -7 -14 -15
right_child=-2 2 -4 4 -6 12 7 -9 9 11 -12 -13 13 14 -16
leaf_value=0.033978976708461527 0.034393754932471217 0.034556136796213562 0.034011438957298162 -0.025719319218390983 9.9867751478211294e-05 -0.013491462887861093 0.027567061460083482 -0.020894205216051332 0.078854253778445446 0.067282231965479014 -0.017331256630937104 -0.010017168714101462 0.13229587480084404 0.067843826682612587 -0.017163861168166789
leaf_weight=13.081440478563307 18.552063383162022 4.7637666538357726 11.859392441809176 22.489997275173664 388.12573470920324 170.36656327545643 31.161417372524738 7.1794676482677451 2.182039991021159 6.3273012787103635 20.113844059407711 4.6443940848112106 2.128951825201514 2.4853277876973143 12.56795661151409
leaf_count=127 168 42 114 249 3191 1707 196 85 10 33 174 40 15 20 129
internal_value=-5.76469e-05 -0.000971393 -0.00163748 -0.00226424 -0.00252613 -0.0061449 0.00354148 0.0184925 -0.00673937 0.0060917 -0.00791783 0.0345609 -0.0110048 0.0136508 -0.00312892
internal_weight=718.03 699.478 686.396 674.537 669.773 281.647 94.0985 38.3409 55.7576 33.2676 22.2959 10.9717 187.549 17.1822 15.0533
internal_count=6300 6132 6005 5891 5849 2658 787 281 506 257 184 73 1871 164 149
is_linear=0
shrinkage=0.03


Tree=65
num_leaves=16
num_cat=0
split_feature=6 10 3 15 8 4 8 8 10 2 10 5 2 2 16
split_gain=24.2525 17.461 16.431 7.02291 13.7684 15.872 9.70768 19.5823 22.613 27.9564 9.84175 11.9178 15.4919 10.229 8.78591
threshold=0.071741382505352544 -9.1350585052644827e-14 1.9423611111111116 13.077199074074075 3853.0000000000005 11.26678240740741 3712.0000000000005 3682.0000000000005 6.3102686309897374e-15 -0.0097818248391929371 -4.7006737095214666e-14 13.500000000000002 -1.0000000180025095e-35 0.001560057334610407 68.721105324074088
decision_type=2 2 2 2 2 2 2 2 2 2 2 2 2 2 2
left_child=1 -1 3 4 5 -3 7 14 9 -9 13 12 -12 -8 -5
right_child=-2 2 -4 6 -6 -7 10 8 -10 -11 11 -13 -14 -15 -16
leaf_value=0.033846223390500932 0.034245895333296736 -0.031210393456527544 0.033877301975032234 0.036147906493078606 0.072492852617562775 0.0064715393591726058 0.057211043002586899 0.12789540862037141 0.13454013112762528 -0.010916038472802198 -0.014530960307983364 -0.021941155077435926 0.095125936591385685 -0.035621988578907686 -0.0034633813882875624
leaf_weight=12.743864782154558 18.080323591828346 11.121757961809633 11.553774952888487 5.0936851352453223 2.6140840202569953 105.40465776622295 3.2397181391715995 1.647408992052078 1.8417125567793844 6.2969812080264074 3.0832264199852943 54.677232548594475 1.8583954200148571 1.5937537923455236 474.15078104287386
leaf_count=127 168 122 114 37 14 752 22 12 11 55 30 509 18 13 4296
internal_value=-5.73235e-05 -0.000947257 -0.00159534 -0.00220466 0.00440252 0.00287502 -0.00362689 -0.00218452 0.0398261 0.017869 -0.0145709 -0.0179088 0.0267077 0.026601 -0.00304237
internal_weight=715.001 696.921 684.177 672.623 119.14 116.526 553.483 489.031 9.7861 7.94439 64.4523 59.6189 4.94162 4.83347 479.244
internal_count=6300 6132 6005 5891 888 874 5003 4411 78 67 592 557 48 35 4333
is_linear=0
shrinkage=0.03


Tree=66
num_leaves=16
num_cat=0
split_feature=6 10 3 14 8 10 10 10 2 1 7 10 10 4 1
split_gain=23.4229 16.8527 15.845 6.94196 6.7364 14.3766 26.1479 14.8052 32.7603 15.331 14.3361 17.6745 22.0232 18.655 17.626
threshold=0.071741382505352544 -9.1350585052644827e-14 1.9423611111111116 12.160000000000002 2628.0000000000005 -6.177551301165397e-15 -6.8592978434315588e-15 1.2104048763225338e-14 -0.013162496064943506 3.8500000000000019 15.74479166666667 -1.2440587139225304e-14 -1.8142276805410288e-14 12.465856481481483 6.2500000000000009
decision_type=2 2 2 2 2 2 2 2 2 2 2 2 2 2 2
left_child=1 -1 3 -3 5 6 10 -7 -9 -10 11 12 -5 -14 -15
right_child=-2 2 -4 4 -6 7 -8 8 9 -11 -12 -13 13 14 -16
leaf_value=0.033718385758703492 0.03410360537275333 0.034403384104831757 0.033748151077221004 -0.013638957640063292 0.00016172703051542685 -0.016471858782339196 0.096718802106706123 0.11851100345962208 0.063639443120931172 -0.016846854430204405 0.013674941964232436 -0.025313905186789901 0.043115395717254146 -0.020996555743137826 0.090650610456044903
leaf_weight=12.413405574858187 17.618068143725395 4.6448149010539046 11.254569001495836 35.695094794034958 387.21553285419941 121.79262195527554 2.5133313164114943 2.3043027073144939 2.5722838044166556 12.386025130748747 42.057528309524059 32.510387755930424 15.946745686233045 10.104946479201315 1.4559970945119847
leaf_count=127 168 42 114 355 3191 1278 24 15 20 129 281 352 103 93 8
internal_value=-5.69995e-05 -0.000923127 -0.00155323 -0.00214516 -0.00239985 -0.00595066 0.000825326 -0.0127865 0.0132146 -0.00300615 -0.000924045 -0.00733902 0.00190695 0.0220799 -0.0069356
internal_weight=712.486 694.868 682.454 671.2 666.555 279.339 140.284 139.055 17.2626 14.9583 137.771 95.7132 63.2028 27.5077 11.5609
internal_count=6300 6132 6005 5891 5849 2658 1216 1442 164 149 1192 911 559 204 101
is_linear=0
shrinkage=0.03


Tree=67
num_leaves=16
num_cat=0
split_feature=6 10 3 15 4 5 10 8 8 17 17 6 8 10 7
split_gain=22.626 16.2692 15.2836 6.71367 6.73088 17.1648 11.7544 15.8048 30.2178 16.8147 19.4115 14.4647 13.8951 11.7067 16.9263
threshold=0.071741382505352544 -9.1350585052644827e-14 1.9423611111111116 12.964872685185187 13.876736111111112 17.500000000000004 -2.8833203368255315e-14 1746.5000000000002 2479.0000000000005 0.65451388888888895 0.61168981481481499 0.001548961033451773 1613.0000000000002 -1.9542183941460979e-14 14.300347222222223
decision_type=2 2 2 2 2 2 2 2 2 2 2 2 2 2 2
left_child=1 -1 3 -3 -5 6 -6 12 -9 10 -10 -12 -8 -11 -15
right_child=-2 2 -4 4 5 -7 7 8 9 13 11 -13 -14 14 -16
leaf_value=0.033595255668857037 0.033966636052155198 0.021114690239535057 0.033623767820875131 -0.0051012164302677932 -0.015696607143117002 -0.0019999539110737178 0.02287059619838552 -0.017041868068833763 0.013276841969452981 -0.018803806109381184 0.058585596209324214 0.18960520828915961 0.13385465430906976 -0.011826870116729211 0.077629327408114887
leaf_weight=12.090017959475515 17.165277533233166 11.037538133561609 10.961738280951975 376.65986674278975 7.173005484044551 241.33168964087963 1.9067886918783177 12.218629568815233 1.8187620863318468 3.692939557135106 1.2767649218440058 1.8677980527281759 2.1714980825781822 2.9734090417623484 5.2911079376935959
leaf_count=127 168 61 114 3514 56 1978 15 119 13 30 10 15 17 27 36
internal_value=-5.71403e-05 -0.000900536 -0.00151351 -0.00208888 -0.00247788 0.00102949 0.0191302 0.0266507 0.0189091 0.0448696 0.0912879 0.136408 0.0819644 0.0256022 0.0454448
internal_weight=709.637 692.472 680.382 669.42 658.382 281.722 40.3907 33.2177 29.1394 16.9208 4.96333 3.14456 4.07829 11.9575 8.26452
internal_count=6300 6132 6005 5891 5830 2316 338 282 250 131 38 25 32 93 63
is_linear=0
shrinkage=0.03


Tree=68
num_leaves=16
num_cat=0
split_feature=5 10 3 15 12 5 0 2 16 6 16 10 10 17 5
split_gain=21.876 15.3731 15.0844 6.42507 6.32963 6.3244 7.46011 6.44733 6.20066 5.87457 6.42828 7.11399 8.16304 5.80336 6.28894
threshold=23.500000000000004 -9.1350585052644827e-14 1.9423611111111116 12.964872685185187 1.0000000180025095e-35 15.500000000000002 1.0894097222222225 -0.0039139244067274192 93.068686342592613 0.013551329881646902 84.991875000000007 6.5775627867756445e-15 -4.5143648686460798e-15 0.84085648148148162 14.500000000000002
decision_type=2 2 2 2 2 2 2 2 2 2 2 2 2 2 2
left_child=1 -1 3 5 8 -3 -7 -8 13 10 11 12 -2 14 -5
right_child=9 2 -4 4 -6 6 7 -9 -10 -11 -12 -13 -14 -15 -16
leaf_value=0.033420665045111764 -0.00086477275031079297 0.053049222070765109 0.033503948367224735 -0.0096565153166440175 0.043461208678829882 -0.035519907624831468 0.057498906047416261 -0.013524712024647183 -0.03501176433494705 0.03523080657399149 0.054507552937787661 -0.024377270872060573 0.055674336392083822 0.04641205720080669 -0.0015884171768829102
leaf_weight=11.300735190510748 6.7973439693450928 3.5795265659689885 10.675237998366354 104.24047435075045 2.6462817639112464 2.6773551031947136 2.6975471824407578 2.0055367946624756 5.4104406088590613 17.499388299882412 2.6074701845645896 5.3633299618959418 3.4722415432333964 2.1529472395777693 524.26001401245594
leaf_count=123 44 18 114 1082 13 16 14 12 48 172 12 29 17 15 4571
internal_value=-5.70938e-05 -0.00127407 -0.00186782 -0.00244904 -0.00283985 0.0203261 0.00445533 0.0272123 -0.00303248 0.0228132 0.0109 0.00362653 0.0182516 -0.00275812 -0.00292656
internal_weight=707.386 671.646 660.345 649.67 638.71 10.96 7.38044 4.70308 636.064 35.7398 18.2404 15.6329 10.2696 630.653 628.5
internal_count=6300 6026 5903 5789 5729 60 42 26 5716 274 102 90 61 5668 5653
is_linear=0
shrinkage=0.03


Tree=69
num_leaves=16
num_cat=0
split_feature=6 10 3 8 10 10 10 2 1 7 10 10 4 6 8
split_gain=21.1186 15.296 14.1912 6.65358 13.946 21.0233 14.558 28.4574 14.2734 13.0878 17.2845 20.1744 17.3097 17.5639 12.5108
threshold=0.023533535611982289 -9.1350585052644827e-14 1.9423611111111116 2628.0000000000005 -6.177551301165397e-15 -6.8592978434315588e-15 1.2104048763225338e-14 -0.013162496064943506 3.8500000000000019 15.74479166666667 -1.2440587139225304e-14 -1.7567334612127807e-14 12.465856481481483 0.0078125662819800434 2656.0000000000005
decision_type=2 2 2 2 2 2 2 2 2 2 2 2 2 2 2
left_child=1 -1 3 4 5 9 -6 -8 -9 10 11 -3 -13 -14 -5
right_child=-2 2 -4 14 6 -7 7 8 -10 -11 -12 12 13 -15 -16
leaf_value=0.03337048618547335 0.029361370531041056 -0.012274001068911368 0.033386321367018024 0.033600528528325839 -0.016200437345511558 0.080990008193203927 0.10775941975138933 0.059319911543477329 -0.016393365085508878 0.013205950000471669 -0.024970180432652318 0.041182980997069366 -0.03452005046001462 0.050681249124662993 -0.00043436173228088596
leaf_weight=11.476419776678084 21.300845444202423 36.583878464996815 10.298900209367273 9.9788729101419431 119.32978142052889 2.8962149396538726 2.4590803831815746 2.7487170174717894 12.130225270986555 42.234241619706154 31.645569704473019 16.382396660745147 7.1306317597627622 3.1349016800522804 375.09434539079666
leaf_count=127 192 371 113 56 1279 25 15 21 129 282 352 106 67 22 3143
internal_value=-5.52077e-05 -0.000971924 -0.00155838 -0.00210223 -0.00565109 0.00100343 -0.0124682 0.0132188 -0.00240619 -0.000686127 -0.00687012 0.0021884 0.0220432 -0.00850117 0.000447626
internal_weight=704.825 683.524 672.048 661.749 276.676 140.008 136.668 17.338 14.8789 137.112 94.8774 63.2318 26.6479 10.2655 385.073
internal_count=6300 6108 5981 5868 2669 1225 1444 165 150 1200 918 566 195 89 3199
is_linear=0
shrinkage=0.03


Tree=70
num_leaves=16
num_cat=0
split_feature=6 10 3 0 5 10 5 8 8 4 10 7 8 8 3
split_gain=20.4882 14.6717 13.7482 7.15406 9.47082 9.08007 10.2665 13.1646 17.0771 16.8852 9.97092 17.3759 8.80063 9.4151 9.30117
threshold=0.071741382505352544 -9.1350585052644827e-14 1.8163194444444446 1.5485532407407412 14.500000000000002 -4.1501528847619061e-14 17.500000000000004 3092.5000000000005 2995.5000000000005 13.24016203703704 -2.8833203368255315e-14 12.765625000000002 2123.0000000000005 2312.0000000000005 1.6442708333333338
decision_type=2 2 2 2 2 2 2 2 2 2 2 2 2 2 2
left_child=1 -1 3 4 -3 -5 7 8 12 -10 11 -9 -7 14 -14
right_child=-2 2 -4 5 -6 6 -8 10 9 -11 -12 -13 13 -15 -16
leaf_value=0.033260033782543205 0.033603503416413355 -0.0090971300370742518 0.025672441615862643 0.023447139890577551 0.0018436131291554678 -0.014799826199739886 -0.016995655467198435 -0.019859658224961007 0.011669107694398417 0.12398949479002856 -0.019438633379624717 0.11647868504450729 0.017733955022836007 0.0066557169392164779 0.13337913816005217
leaf_weight=11.173666588962076 15.907209806144236 87.092274710536003 16.47062972933054 8.3253575116395933 390.46676343679428 17.936684362590313 74.826756421476603 2.1620670109987254 2.7544146776199332 2.1407909393310547 38.261086843907833 1.3772085309028623 1.4856095761060708 30.728941522538662 1.0816636756062505
leaf_count=127 168 925 169 55 3075 213 809 22 24 14 397 10 12 267 13
internal_value=-5.54499e-05 -0.000835623 -0.00139994 -0.00207694 -0.000151646 -0.00715445 -0.00862919 -0.00223641 0.00725586 0.0607895 -0.0149823 0.0331925 0.00214082 0.0112668 0.0664585
internal_weight=702.191 686.284 675.11 658.64 477.559 181.081 172.755 97.9285 56.1281 4.89521 41.8004 3.53928 51.2329 33.2962 2.56727
internal_count=6300 6132 6005 5836 4000 1836 1781 972 543 38 429 32 505 292 25
is_linear=0
shrinkage=0.03


Tree=71
num_leaves=16
num_cat=0
split_feature=6 10 3 14 16 14 1 10 5 10 1 10 10 5 16
split_gain=19.8008 14.1705 13.3513 6.39349 6.33139 14.3375 12.0342 10.95 11.2372 10.7168 23.2608 18.9436 17.1237 16.2621 20.75
threshold=0.071741382505352544 -9.1350585052644827e-14 1.9423611111111116 12.160000000000002 82.291886574074098 12.480000000000002 4.4000000000000012 2.1280598606534423e-14 19.500000000000004 3.8741847777034414e-15 5.4000000000000012 7.9994930928913586e-15 -1.9554507755786809e-15 20.500000000000004 79.599375000000023
decision_type=2 2 2 2 2 2 2 2 2 2 2 2 2 2 2
left_child=1 -1 3 -3 6 -6 7 -5 -9 12 13 -12 -8 14 -11
right_child=-2 2 -4 4 5 -7 9 8 -10 10 11 -13 -14 -15 -16
leaf_value=0.033153541592513235 0.03348500500996248 0.034138712310311771 0.033194310433667454 -0.011637400344273 0.099420989121783751 0.00069199353437889044 0.0014142242177612458 0.036735201573724431 -0.033574766769787517 0.029418449234459274 0.029671415534904634 -0.023789255280674791 -0.028329086319532137 -0.034735128757051446 0.10950794636621697
leaf_weight=10.877738341689108 15.49088431894779 4.4061848297715178 9.9142357558011991 182.5093423165381 1.3297775462269772 294.93466272205114 95.873388536274433 8.2265214994549734 2.7229797989130011 18.779171168804176 8.7575666159391421 18.709897600114346 21.288834802806377 2.8121684640645972 3.4456578344106665
leaf_count=127 168 42 114 1844 7 2367 847 60 29 160 81 174 234 25 21
internal_value=-5.51944e-05 -0.000814143 -0.00136259 -0.00187872 -0.00211939 0.00113514 -0.00477468 -0.00988921 0.0192501 0.00105706 0.01232 -0.00674417 -0.00399025 0.0332348 0.0418352
internal_weight=700.079 684.588 673.71 663.796 659.39 296.264 363.126 193.459 10.9495 169.667 52.5045 27.4675 117.162 25.037 22.2248
internal_count=6300 6132 6005 5891 5849 2374 3475 1933 89 1542 461 255 1081 206 181
is_linear=0
shrinkage=0.03


Tree=72
num_leaves=16
num_cat=0
split_feature=6 10 3 12 5 16 17 2 17 10 10 1 10 4 16
split_gain=19.1391 13.6886 12.8872 6.22266 6.30167 13.3053 10.5916 11.9692 12.076 9.84394 25.7348 35.3173 19.3563 17.771 13.3237
threshold=0.071741382505352544 -9.1350585052644827e-14 1.9423611111111116 1.0000000180025095e-35 14.500000000000002 75.612129629629649 0.61747685185185197 -0.0011078998073217766 0.61168981481481499 -8.2262657544828189e-16 -1.4403360468863488e-15 3.9500000000000015 3.5139020509704052e-15 15.656828703703704 91.573906250000022
decision_type=2 2 2 2 2 2 2 2 2 2 2 2 2 2 2
left_child=1 -1 3 4 6 -6 7 -3 -9 10 -7 -12 14 -14 -11
right_child=-2 2 -4 -5 5 9 -8 8 -10 12 11 -13 13 -15 -16
leaf_value=0.033050852671634233 0.033370791985025475 -0.021451481271921386 0.033090018683062855 0.042853010768155779 -0.010716837161222991 0.0036228565193300753 -0.012293938474566727 0.022434742350382522 0.12095695141788394 -0.025829779187890006 -0.0011072236654228822 0.15659947232605587 0.0095352406156741388 -0.014278287814837323 0.043673226509892658
leaf_weight=10.588555201888083 15.083732835948465 4.7621452286839476 9.6510914415121061 2.7933820784091941 98.758260708302259 279.30593340843916 92.727494165301323 7.0232859849929792 1.3320455178618429 40.676157474517822 2.7825514972209922 2.36354760825634 84.966304920613766 42.217317491769791 2.6436787173151961
leaf_count=127 168 49 114 14 973 2240 997 60 10 429 20 16 726 339 18
internal_value=-5.49473e-05 -0.000793581 -0.00132686 -0.00182834 -0.00201758 -0.0007355 -0.0087246 0.016507 0.0381416 0.00143117 0.00484769 0.0713258 -0.00426862 0.00163058 -0.0215882
internal_weight=697.675 682.592 672.003 662.352 659.559 553.714 105.845 13.1175 8.35533 454.955 284.452 5.1461 170.503 127.184 43.3198
internal_count=6300 6132 6005 5891 5877 4761 1116 119 70 3788 2276 36 1512 1065 447
is_linear=0
shrinkage=0.03


Tree=73
num_leaves=16
num_cat=0
split_feature=5 10 3 8 10 15 3 9 16 8 10 15 4 10 2
split_gain=18.646 12.9229 12.7274 5.89772 15.4147 13.4806 15.7928 14.5676 14.2924 17.9212 14.3834 18.7443 16.9981 12.4118 23.9487
threshold=23.500000000000004 -9.1350585052644827e-14 1.9423611111111116 2628.0000000000005 -1.0873269802499943e-14 13.024971064814816 1.3463541666666672 1542.0966435185187 76.235630787037053 2193.0000000000005 -1.4457661589187166e-14 13.20752314814815 12.01041666666667 1.2104048763225338e-14 -0.013162496064943506
decision_type=2 2 2 2 2 2 2 2 2 2 2 2 2 2 2
left_child=1 -1 3 4 5 -3 -7 -8 -9 10 11 -10 -13 -6 -15
right_child=-2 2 -4 -5 13 6 7 8 9 -11 -12 12 -14 14 -16
leaf_value=0.032896721612639242 0.021752664257829218 0.032352400001232913 0.032989441155339069 0.00022639602230392085 -0.01365337466441459 -0.025495842524424023 0.087786132396425631 -0.021029152100395077 -0.029341332275920951 0.041179953328357007 0.027087636216448156 0.12364801300152936 -0.0041458886558913173 0.093637855940910425 -0.0022681537360995665
leaf_weight=9.8770616948604566 33.582679197192192 13.152094475924967 9.3939810767769796 377.20528017729521 154.45368781685829 17.63060374557972 1.9300574809312809 15.282211691141127 16.286334097385406 13.702905766665934 11.402935214340692 1.4835684746503819 2.5414739102125168 2.7870341539382961 14.719148054718969
leaf_count=123 274 75 114 3166 1665 162 9 169 162 102 78 10 25 16 150
internal_value=-5.49764e-05 -0.00116151 -0.00167748 -0.00218428 -0.00561087 0.00419923 -0.000414182 0.00664647 0.00406647 0.0125108 0.000123586 -0.0150142 0.042957 -0.0109399 0.0130004
internal_weight=695.431 661.848 651.971 642.577 265.372 93.4122 80.2601 62.6295 60.6994 45.4172 31.7143 20.3114 4.02504 171.96 17.5062
internal_count=6300 6026 5903 5789 2623 792 717 555 546 377 275 197 35 1831 166
is_linear=0
shrinkage=0.03


Tree=74
num_leaves=16
num_cat=0
split_feature=6 10 3 14 0 8 8 16 8 10 5 10 16 2 10
split_gain=18.0872 12.7911 12.0175 6.05512 6.12808 10.6088 14.7739 12.8608 12.1738 13.0797 8.46749 8.875 13.2752 12.2086 11.7821
threshold=0.071741382505352544 -9.1350585052644827e-14 1.9423611111111116 12.160000000000002 1.5500578703703705 1910.5000000000002 3162.5000000000005 72.108576388888906 2558.5000000000005 8.9949099616300194e-15 14.500000000000002 -1.8457954561541431e-14 78.020081018518539 -0.0006467446756732001 -1.7567334612127807e-14
decision_type=2 2 2 2 2 2 2 2 2 2 2 2 2 2 2
left_child=1 -1 3 -3 10 -6 7 8 -7 -10 11 -5 13 -13 -14
right_child=-2 2 -4 4 5 6 -8 -9 9 -11 -12 12 14 -15 -16
leaf_value=0.032858765479156553 0.033185922493161983 0.033953279179549739 0.032892431214543875 -0.023903823134007362 -0.026964699066270373 -0.0091566016544144761 -0.014348087187807055 -0.0017988728106006716 0.061969642416466332 -0.0058538161915690796 0.0017022938420963051 -0.032916572444949249 0.083317784730105524 0.069174308444317587 -0.0090800316222214034
leaf_weight=10.034106560051439 14.425546169281004 4.250053569674491 9.1428275257348997 24.669689692556858 20.541200939565897 5.9568275511264828 70.560154184699059 71.49033097922802 9.0825772136449796 3.5629424005746833 388.65120079368353 1.4324762448668478 1.2712567076086987 3.9925456568598738 54.078377239406109
leaf_count=127 168 42 114 279 276 70 721 705 56 27 3068 18 11 36 582
internal_value=-5.50683e-05 -0.000761577 -0.00126608 -0.0017396 -0.00197109 -0.00666385 -0.00406817 0.00398302 0.0262033 0.04286 -0.000177574 -0.00872832 -0.00256827 0.0422172 -0.00695786
internal_weight=693.142 678.717 668.682 659.54 655.29 181.194 160.653 90.0927 18.6023 12.6455 474.096 85.4443 60.7747 5.42502 55.3496
internal_count=6300 6132 6005 5891 5849 1855 1579 858 153 83 3994 926 647 54 593
is_linear=0
shrinkage=0.03


Tree=75
num_leaves=16
num_cat=0
split_feature=6 10 3 12 14 5 16 17 2 17 10 10 1 10 4
split_gain=17.488 12.3604 11.6043 5.95733 5.89996 5.71416 12.013 9.80852 10.5884 9.57069 9.01061 23.7474 30.7817 17.8401 16.6824
threshold=0.071741382505352544 -9.1350585052644827e-14 1.9423611111111116 1.0000000180025095e-35 12.160000000000002 14.500000000000002 75.612129629629649 0.61747685185185197 -0.0011078998073217766 0.61168981481481499 -8.2262657544828189e-16 -1.4403360468863488e-15 3.9500000000000015 3.5139020509704052e-15 15.656828703703704
decision_type=2 2 2 2 2 2 2 2 2 2 2 2 2 2 2
left_child=1 -1 3 4 -3 7 -7 8 -6 -10 11 -8 -13 -12 -15
right_child=-2 2 -4 -5 5 6 10 -9 9 -11 13 12 -14 14 -16
leaf_value=0.032766487444353593 0.033082355900331782 0.03382183156715815 0.032798843012659666 0.042412316032825796 -0.021053556739760056 -0.010453829646919035 0.0032625523443782301 -0.012108080088272324 0.020852122907049606 0.1049514764539726 -0.021195959737045678 -0.0007843878586025725 0.14532926793105508 0.0090334710802713793 -0.01413478901468402
leaf_weight=9.7645620033144933 14.042369857430456 4.1402326002717009 8.8975510820746404 2.744765765964984 4.6424159333109847 97.091743875294924 277.11291493847966 90.287862673401833 7.1829535365104658 1.4665162712335584 42.20945243537426 2.7598445340991011 2.4492323696613312 84.200370028614998 41.885943815112114
leaf_count=127 168 42 114 14 49 971 2217 991 60 10 447 20 15 716 339
internal_value=-5.45459e-05 -0.000742039 -0.00123254 -0.00169259 -0.00187729 -0.00210423 -0.000882223 -0.00856595 0.0154947 0.0351112 0.00118011 0.00445546 0.0679161 -0.00431441 0.00133696
internal_weight=690.879 676.836 667.072 658.174 655.429 651.289 547.71 103.58 13.2919 8.64947 450.618 282.322 5.20908 168.296 126.086
internal_count=6300 6132 6005 5891 5877 5835 4725 1110 119 70 3754 2252 35 1502 1055
is_linear=0
shrinkage=0.03


Tree=76
num_leaves=16
num_cat=0
split_feature=5 10 3 10 5 0 10 5 8 8 10 10 7 4 15
split_gain=16.9379 11.7283 11.2815 6.59133 7.04961 6.08854 8.3695 9.74769 12.365 14.2934 14.2009 9.52646 14.908 7.90566 17.5453
threshold=25.500000000000004 -9.1350585052644827e-14 1.8163194444444446 6.5775627867756445e-15 27.500000000000004 1.5485532407407412 -4.1501528847619061e-14 17.500000000000004 3092.5000000000005 2995.5000000000005 -1.0000000180025095e-35 -2.8833203368255315e-14 12.765625000000002 14.587384259259261 13.23715277777778
decision_type=2 2 2 2 2 2 2 2 2 2 2 2 2 2 2
left_child=1 -1 5 -2 -5 -3 13 8 9 -8 -11 12 -10 14 -7
right_child=3 2 -4 4 -6 6 7 -9 11 10 -12 -13 -14 -15 -16
leaf_value=0.032644118358866783 0.039239872872509393 -0.00010999411042838328 0.024405492979328272 -0.039735132277763097 0.033176343696586771 -0.035822512004493941 0.002511241596134087 -0.016430592666294992 -0.019208259187125949 -0.0054219512493294012 0.096477800201451205 -0.018914806555118041 0.10528449668152573 0.057313952664462514 0.092902599520517909
leaf_weight=9.2896629348397237 13.444575220346453 469.25141771882772 15.016376309096811 2.2920013666152945 2.4901352748274803 3.6127545014023763 50.487382300198078 72.18912373110652 2.0877011865377422 2.0696978867053986 3.0369857326149932 37.121136114001274 1.4790241494774816 3.4665027484297752 1.2943953871726988
leaf_count=125 148 3980 169 13 30 30 505 808 22 19 19 397 10 19 6
internal_value=-5.42067e-05 -0.000829998 -0.00130036 0.0284804 -0.00176896 -0.00189781 -0.00664172 -0.00809674 -0.00184828 0.00734909 0.0551786 -0.0144152 0.0324155 0.0226321 -0.00186773
internal_weight=688.629 670.402 661.112 18.2267 4.78214 646.096 176.845 168.471 96.2819 55.5941 5.10668 40.6879 3.56673 8.37365 4.90715
internal_count=6300 6109 5984 191 43 5815 1835 1780 972 543 38 429 32 55 36
is_linear=0
shrinkage=0.03


Tree=77
num_leaves=16
num_cat=0
split_feature=5 10 3 10 5 2 8 8 10 10 1 5 8 2 5
split_gain=16.357 11.3342 10.9786 6.38305 6.79532 5.68157 11.8444 6.04247 15.3613 12.7677 12.3352 11.2367 17.61 14.578 10.9318
threshold=25.500000000000004 -9.1350585052644827e-14 1.9423611111111116 6.5775627867756445e-15 27.500000000000004 -0.022508986441079074 3682.0000000000005 3712.0000000000005 3.1017004339878367e-14 -2.8833203368255315e-14 5.200000000000002 14.500000000000002 3838.0000000000005 0.0025494756606987638 14.500000000000002
decision_type=2 2 2 2 2 2 2 2 2 2 2 2 2 2 2
left_child=1 -1 5 -2 -5 6 -3 14 9 10 -9 12 13 -11 -7
right_child=3 2 -4 4 -6 7 -8 8 -10 11 -12 -13 -14 -15 -16
leaf_value=0.03255922858465625 0.039099728988697638 0.0054939971523571881 0.032643232806343139 -0.03936535645904949 0.033074415089433547 -0.010500696356960985 0.096883958147600716 -0.014245224381971953 0.039888838057673279 -0.0043194005439727802 0.045197237554424202 -0.02657839592317825 -0.013702911462741069 0.14627536810248698 0.00082670580377716045
leaf_weight=9.0382611379027349 13.093288473784925 6.6267726570367795 8.4831613227725011 2.2448385804891577 2.4238753542304039 91.284246139228344 1.5807812213897703 6.8039245977997762 5.1269621700048438 1.0278782024979576 5.8376353308558464 45.039863087236881 7.4680324494838715 1.3233516067266462 479.23129654675722
leaf_count=125 148 62 114 13 30 993 12 55 31 11 43 436 77 11 4139
internal_value=-5.34813e-05 -0.000808025 -0.00126508 0.0283607 -0.0017565 -0.0017067 0.0230958 -0.00202322 -0.0101732 -0.0139756 0.0132042 -0.0202389 0.00883978 0.0804404 -0.000985713
internal_weight=686.634 668.872 659.834 17.762 4.66871 651.351 8.20755 643.143 72.6276 67.5007 12.6416 54.8591 9.81926 2.35123 570.516
internal_count=6300 6109 5984 191 43 5870 74 5796 664 633 98 535 99 22 5132
is_linear=0
shrinkage=0.03


Tree=78
num_leaves=16
num_cat=0
split_feature=5 10 3 10 5 14 12 10 2 8 8 10 2 1 1
split_gain=15.7976 10.9548 10.6031 6.18089 6.55186 5.46952 5.4216 5.49773 9.15503 5.88303 12.3511 24.6413 24.1127 11.8488 11.7664
threshold=25.500000000000004 -9.1350585052644827e-14 1.9423611111111116 6.5775627867756445e-15 27.500000000000004 12.160000000000002 1.0000000180025095e-35 4.4874000171117077e-14 -0.0050129661506998274 3712.0000000000005 3682.0000000000005 6.3102686309897374e-15 -0.0097818248391929371 3.4000000000000008 6.1000000000000005
decision_type=2 2 2 2 2 2 2 2 2 2 2 2 2 2 2
left_child=1 -1 5 -2 -5 -3 7 9 -9 10 -7 12 -12 -14 -11
right_child=3 2 -4 4 -6 6 -8 8 -10 14 11 -13 13 -15 -16
leaf_value=0.032477273150093744 0.038961405053254725 0.033676868899461664 0.032558338609753032 -0.039012650621646175 0.032976023824157735 -0.0020434774975788906 0.042142968034116435 0.068539544698497767 0.0021056976118401564 -0.01515609887652327 0.11124937654371975 0.13246231143930928 0.033446256518614076 -0.03529600952182281 0.022610468059494404
leaf_weight=8.792939752340315 12.750755324959757 3.9184756055474272 8.2535869181156141 2.1978898346424094 2.3591514304280281 551.89246175065637 2.5086622312664977 2.6100831031799316 6.5567366033792478 61.42084988206625 1.8200827986001957 1.7443445920944203 3.7411466836929304 5.6872352436184883 8.4454222619533521
leaf_count=125 148 41 114 13 30 5013 13 12 39 583 12 10 27 47 73
internal_value=-5.29806e-05 -0.000786814 -0.00123092 0.0282438 -0.00174457 -0.00165974 -0.00187395 -0.00204543 0.0210215 -0.00237856 -0.00136284 0.0275486 0.0112792 -0.00801934 -0.0105909
internal_weight=684.7 667.392 658.599 17.3078 4.55704 650.346 646.427 643.918 9.16682 634.752 564.885 12.9928 11.2485 9.42838 69.8663
internal_count=6300 6109 5984 191 43 5870 5829 5816 51 5765 5109 96 86 74 656
is_linear=0
shrinkage=0.03


Tree=79
num_leaves=16
num_cat=0
split_feature=5 10 3 10 5 14 16 1 10 17 4 8 5 10 1
split_gain=15.2583 10.5891 10.2418 5.98466 6.31865 5.2758 5.32441 11.7692 10.641 10.5062 21.9689 17.5421 10.2376 10.0464 21.1182
threshold=25.500000000000004 -9.1350585052644827e-14 1.9423611111111116 6.5775627867756445e-15 27.500000000000004 12.160000000000002 82.291886574074098 4.4000000000000012 2.1280598606534423e-14 0.70775462962962976 15.656828703703704 1711.0000000000002 19.500000000000004 3.8741847777034414e-15 5.4000000000000012
decision_type=2 2 2 2 2 2 2 2 2 2 2 2 2 2 2
left_child=1 -1 5 -2 -5 -3 7 8 -7 10 11 -8 -10 -9 -15
right_child=3 2 -4 4 -6 6 9 13 12 -11 -12 -13 -14 14 -16
leaf_value=0.03239813458225297 0.038824693810974968 0.033555589017171206 0.032476388337847648 -0.038676003636764739 0.032881032319015589 -0.011213956002051689 0.09568603362321286 -0.0034518372512060691 0.035473483926845906 -0.00077839059685029695 0.068922953252892966 -0.00180178959353176 -0.033284408448375769 0.032096867258251498 -0.0060893973456999755
leaf_weight=8.5535973384976369 12.416828490793707 3.8162033185362807 8.0295630320906621 2.151216208934783 2.295942135155201 176.83667233213782 1.7902911677956641 115.03443159908056 8.32198418676853 259.48427274078131 6.0634199231863013 23.0399179905653 2.5449151769280425 25.292836718261242 26.893097080290318
leaf_count=125 148 41 114 13 30 1839 12 1082 60 2086 44 216 29 206 255
internal_value=-5.20341e-05 -0.000765942 -0.00119761 0.0281293 -0.00173313 -0.00161416 -0.00182215 -0.00428699 -0.00944327 0.00119059 0.0177286 0.00522721 0.0193711 0.00150088 0.0124183
internal_weight=682.565 665.701 657.148 16.864 4.44716 649.118 645.302 354.924 187.704 290.378 30.8936 24.8302 10.8669 167.22 52.1859
internal_count=6300 6109 5984 191 43 5870 5829 3471 1928 2358 272 228 89 1543 461
is_linear=0
shrinkage=0.03


Tree=80
num_leaves=16
num_cat=0
split_feature=5 10 3 8 10 10 5 1 8 8 0 10 2 1 7
split_gain=14.7726 10.1791 10.0572 5.74083 14.5606 12.8596 14.2726 14.4676 13.0578 14.9087 12.8796 11.5896 21.3975 13.0189 11.1329
threshold=23.500000000000004 -9.1350585052644827e-14 1.9423611111111116 2628.0000000000005 -1.0873269802499943e-14 -1.7284056048197756e-14 16.500000000000004 3.5499999999999994 2358.0000000000005 1589.5000000000002 1.5975694444444448 1.2104048763225338e-14 -0.013162496064943506 3.8500000000000019 14.46354166666667
decision_type=2 2 2 2 2 2 2 2 2 2 2 2 2 2 2
left_child=1 -1 3 4 5 6 -3 -8 9 -9 -7 -6 -13 -14 -10
right_child=-2 2 -4 -5 11 10 7 8 14 -11 -12 12 13 -15 -16
leaf_value=0.032304765558985905 0.020267122448903736 -0.024589973907471613 0.032397256795593674 0.00053591450244488482 -0.013186463168068038 0.025376958135427063 -0.027525991696670204 0.071950279838445569 -0.01880733388603997 -0.011573293389714443 -0.02014290146649415 0.087049320863303872 0.056171563376638943 -0.015912078020234439 0.062172548806268817
leaf_weight=8.1492902487516385 30.74899360537529 20.892327576875687 7.8109988495707503 372.79485013335943 151.13250994309783 32.091896839439869 8.1218116804957372 2.268358156085017 1.9084059670567493 12.6464951261878 6.7753200568258753 2.898775294423106 2.7859262302517882 11.831969261169432 7.6632110476493835
leaf_count=123 274 250 114 3166 1665 201 63 10 14 124 85 16 21 129 45
internal_value=-5.14877e-05 -0.00101302 -0.00143619 -0.00185315 -0.0052653 0.00430901 -0.00523183 0.00717106 0.0186796 0.00112957 0.017442 -0.0105091 0.0125912 -0.00217414 0.0460266
internal_weight=680.521 649.772 641.623 633.812 261.017 92.3678 53.5006 32.6083 24.4865 14.9149 38.8672 168.649 17.5167 14.6179 9.57162
internal_count=6300 6026 5903 5789 2623 792 506 256 193 134 286 1831 166 150 59
is_linear=0
shrinkage=0.03


Tree=81
num_leaves=16
num_cat=0
split_feature=6 10 3 8 8 1 10 1 3 15 4 10 2 16 4
split_gain=14.2851 10.0875 9.50906 5.39475 11.9153 15.6744 14.1026 18.7786 28.7752 16.0203 30.0209 12.6074 21.1327 17.8518 15.6236
threshold=0.071741382505352544 -9.1350585052644827e-14 1.9423611111111116 2628.0000000000005 2830.0000000000005 4.9000000000000012 6.3102686309897374e-15 4.3500000000000023 1.6585069444444447 13.165682870370373 13.489583333333334 -4.998512130797359e-15 -0.019220562986579499 79.37932291666668 15.825231481481483
decision_type=2 2 2 2 2 2 2 2 2 2 2 2 2 2 2
left_child=1 -1 3 -3 5 6 7 8 9 10 -5 -6 13 -13 -14
right_child=-2 2 -4 4 11 -7 -8 -9 -10 -11 -12 12 14 -15 -16
leaf_value=0.032276104733404601 0.032540104563615439 -0.0046912640821212383 0.032320835744902549 0.12771738328820292 -0.0073053535793419135 0.037792238891079181 -0.021736337661105925 -0.03610981354653215 0.1577413111486054 -0.010345031681120689 0.017520927688333542 -0.0014366720257059304 0.0075602577850852146 0.12124996861662621 -0.016557740248060112
leaf_weight=8.2788681015372259 11.891546301543711 268.89143826812506 7.5978010222315779 2.7305532991886201 163.57327047735453 16.621928513050079 13.674624361097811 5.4568615779280654 1.3922724947333325 10.662781804800032 12.017563536763189 1.8436541408300389 120.99956581741571 2.5351923033595085 30.208718232810497
leaf_count=127 168 2678 114 18 1454 98 101 40 10 83 61 18 1053 19 258
internal_value=-5.1331e-05 -0.000632833 -0.00104676 -0.00143643 0.000856367 0.0128285 0.00379512 0.0146176 0.0249452 0.0176692 0.0379233 -0.00149021 0.00462341 0.0695944 0.00274191
internal_weight=678.377 666.485 658.206 650.608 381.717 62.5566 45.9347 32.26 26.8032 25.4109 14.7481 319.16 155.587 4.37885 151.208
internal_count=6300 6132 6005 5891 3213 411 313 212 172 162 79 2802 1348 37 1311
is_linear=0
shrinkage=0.03


Tree=82
num_leaves=16
num_cat=0
split_feature=5 10 3 10 5 6 10 10 8 8 10 15 6 17 4
split_gain=13.8573 9.57919 9.24368 5.94101 5.99473 5.22751 10.8818 14.8223 13.8446 10.9221 20.7456 10.8746 19.9713 10.7445 13.1825
threshold=25.500000000000004 -9.1350585052644827e-14 1.9423611111111116 6.5775627867756445e-15 27.500000000000004 0.0073654768841944279 1.2104048763225338e-14 1.2884052788022039e-14 3207.5000000000005 3764.0000000000005 1.2293457124256699e-14 13.167476851851852 0.006056079857645817 0.68692129629629639 15.79340277777778
decision_type=2 2 2 2 2 2 2 2 2 2 2 2 2 2 2
left_child=1 -1 5 -2 -5 6 -3 9 11 10 -8 -9 13 14 -13
right_child=3 2 -4 4 -6 -7 7 8 -10 -11 -12 12 -14 -15 -16
leaf_value=0.032177453960480648 0.038663982035844313 -0.0048992415187633625 0.032247027321772384 -0.038477379760390687 0.032675488174726451 0.0029964593290268812 0.020852060438802986 -0.0014954702500356049 -0.011399204328485575 -0.014474088059933389 0.16348374688872674 0.00066934816175535277 0.14657692834369196 0.091488060079291764 0.075245338113048135
leaf_weight=7.8719434291124335 11.671459808945654 411.21409003064036 7.3898736536502829 2.1204280927777281 2.1424088403582573 171.21325848996639 2.0632170811295505 14.049412608146669 27.259538769721985 1.3823475539684293 1.6531305462121961 10.850015737116339 1.3139826804399479 1.9021645784378041 2.6553333699703208
leaf_count=125 148 3815 114 13 30 1526 16 123 233 10 12 89 10 17 19
internal_value=-5.18754e-05 -0.000718484 -0.00111508 0.0275934 -0.0027175 -0.00149698 -0.00311888 0.0084781 0.00416921 0.0575194 0.0842984 0.0179611 0.0343085 0.024734 0.015332
internal_weight=676.753 660.818 652.946 15.9343 4.26284 645.556 474.343 63.1291 58.0304 5.0987 3.71635 30.7709 16.7215 15.4075 13.5053
internal_count=6300 6109 5984 191 43 5870 4344 529 491 38 28 258 135 125 108
is_linear=0
shrinkage=0.03


Tree=83
num_leaves=16
num_cat=0
split_feature=5 10 3 12 2 8 6 10 1 10 10 15 8 5 0
split_gain=13.442 9.20697 9.07822 5.16136 5.22535 8.7932 5.81415 9.9868 14.0928 11.5543 10.8367 14.6064 15.7849 21.9182 13.1193
threshold=23.500000000000004 -9.1350585052644827e-14 1.9423611111111116 1.0000000180025095e-35 -0.022508986441079074 3682.0000000000005 0.0073654768841944279 1.1599327130195827e-14 5.4000000000000012 7.4079657777577989e-15 1.4153870416576328e-14 13.190972222222223 3192.5000000000005 17.500000000000004 1.3979745370370373
decision_type=2 2 2 2 2 2 2 2 2 2 2 2 2 2 2
left_child=1 -1 3 4 5 -3 7 9 10 -6 11 12 14 -14 -9
right_child=-2 2 -4 -5 6 -7 -8 8 -10 -11 -12 -13 13 -15 -16
leaf_value=0.032092206655960069 0.019628420040274229 0.0056835368322524895 0.032175720453989073 0.041682984961652333 -0.0042679669241416736 0.080979074698581954 0.0025301510764019985 -0.024272335867061026 -0.027821360534467592 -0.023475762451818913 0.0043122853130582858 -0.0093828116432469553 0.14508219849822271 0.01189293219481365 0.064310336366075208
leaf_weight=7.496044445782899 29.854731328785419 6.5687700137495977 7.1871225237846366 2.4548461362719527 358.56287690252066 1.7725674659013746 168.79832074418664 2.9224892035126668 8.8670022860169393 30.590444397181273 37.545557916164398 4.8062677904963484 2.9330539479851723 1.7910602614283559 3.1017288193106651
leaf_count=123 274 62 114 13 3346 12 1507 27 83 309 330 47 25 12 16
internal_value=-5.16478e-05 -0.000962005 -0.00135043 -0.00173247 -0.00190211 0.0216841 -0.00221947 -0.00399666 0.00718915 -0.00577785 0.0130354 0.0340913 0.0535313 0.094586 0.0213368
internal_weight=675.253 645.398 637.902 630.715 628.26 8.34134 619.919 451.12 61.9672 389.153 53.1002 15.5546 10.7483 4.72411 6.02422
internal_count=6300 6026 5903 5789 5776 74 5702 4195 540 3655 457 127 80 37 43
is_linear=0
shrinkage=0.03


Tree=84
num_leaves=16
num_cat=0
split_feature=6 10 3 4 5 15 8 10 0 4 2 3 16 10 17
split_gain=13.0736 9.13309 8.58857 5.37074 13.9343 10.7799 24.2288 15.8546 19.5189 12.0385 10.368 14.6898 12.9564 12.303 19.4494
threshold=0.071741382505352544 -9.1350585052644827e-14 1.9423611111111116 13.876736111111112 17.500000000000004 13.162905092592593 1746.5000000000002 -3.5946316180826644e-15 1.4134837962962965 14.316550925925927 -0.007564674467567303 1.2482638888888893 75.612129629629649 1.5900023821129564e-15 0.64062500000000011
decision_type=2 2 2 2 2 2 2 2 2 2 2 2 2 2 2
left_child=1 -1 3 -3 5 6 -5 -7 9 -9 11 -6 -12 -14 -15
right_child=-2 2 -4 4 10 7 -8 8 -10 -11 12 -13 13 14 -16
leaf_value=0.032068276513457498 0.032335423122230776 -0.0037110786445700302 0.032106829664787347 0.075052278193312102 0.0518616467768271 0.014519472316923005 -0.0084349414236002986 0.07804250980856943 0.13289617179693691 -0.034537314651069649 -0.022266402512285493 0.0041457864723631575 0.0048574855062379014 0.075714393289080362 -0.015917390052900476
leaf_weight=7.6178682632744303 11.033871255815027 367.82590056583285 6.9894504360854617 3.7126829251647022 7.3209456056356421 11.266804844141008 19.882396124303341 1.8582262843847268 2.8023959919810295 1.5831931978464124 28.679971382021904 28.074572686105967 120.22733175382018 2.1706928685307494 52.661962520331144
leaf_count=127 168 3540 114 25 44 95 175 17 19 15 313 259 898 19 472
internal_value=-5.14576e-05 -0.000590716 -0.000970518 -0.00132726 0.00180158 0.0179366 0.00470176 0.0357701 0.0741164 0.0262512 -0.00097191 0.014015 -0.00357557 -0.000513457 -0.0122899
internal_weight=673.708 662.674 655.057 648.067 280.241 41.1057 23.5951 17.5106 6.24382 3.44142 239.135 35.3955 203.74 175.06 54.8327
internal_count=6300 6132 6005 5891 2351 346 200 146 51 32 2005 303 1702 1389 491
is_linear=0
shrinkage=0.03


Tree=85
num_leaves=16
num_cat=0
split_feature=6 10 3 8 10 10 10 2 3 4 10 10 4 6 8
split_gain=12.6629 8.89566 8.28194 5.54951 11.9011 18.3223 11.5604 17.9405 12.3735 11.4663 15.6751 17.9404 15.5622 16.2529 11.3599
threshold=0.023533535611982289 -9.1350585052644827e-14 1.9423611111111116 2628.0000000000005 -6.177551301165397e-15 -6.8592978434315588e-15 1.2104048763225338e-14 -0.013162496064943506 1.4876736111111113 15.79340277777778 -1.2440587139225304e-14 -1.7567334612127807e-14 12.465856481481483 0.0078125662819800434 2830.0000000000005
decision_type=2 2 2 2 2 2 2 2 2 2 2 2 2 2 2
left_child=1 -1 3 4 5 9 -6 -8 -9 10 11 -3 -13 -14 -5
right_child=-2 2 -4 14 6 -7 7 8 -10 -11 -12 12 13 -15 -16
leaf_value=0.032003078856678684 0.026657002127773406 -0.011690356735337493 0.032038857275895748 0.012602927313764551 -0.014837532655023798 0.074331085555720863 0.078794763236317636 -0.024179493964570635 0.032604945306390638 0.012777172377274016 -0.02413991670250773 0.038811066575281147 -0.034434070394099472 0.047352987676658596 -0.0013908524287241893
leaf_weight=7.4075600728392592 15.605302698910235 35.033216390758753 6.733370352536439 62.593146800994873 111.29009031131864 3.0351943969726554 2.9535371661186245 8.9582123756408674 5.6204770356416693 41.914383217692375 29.562446802854538 16.603721588850025 6.8793898969888669 3.2058102265000343 314.70516577363014
leaf_count=127 192 372 113 411 1279 25 15 97 53 282 351 106 67 22 2788
internal_value=-5.15775e-05 -0.000686457 -0.00105952 -0.00140647 -0.00473333 0.00144823 -0.0112705 0.0113718 -0.00228756 -0.000212547 -0.00617693 0.00242663 0.0209573 -0.00843619 0.000930692
internal_weight=672.101 656.496 649.088 642.355 265.056 136.234 128.822 17.5322 14.5787 133.199 91.2846 61.7221 26.6889 10.0852 377.298
internal_count=6300 6108 5981 5868 2669 1225 1444 165 150 1200 918 567 195 89 3199
is_linear=0
shrinkage=0.03


Tree=86
num_leaves=16
num_cat=0
split_feature=5 10 3 10 5 0 10 5 8 8 10 7 10 8 17
split_gain=12.3765 8.39277 8.07665 5.85058 5.54561 5.01337 9.11435 8.35499 11.7207 12.6697 11.1675 11.1889 11.0933 14.3321 11.4419
threshold=25.500000000000004 -9.1350585052644827e-14 1.9423611111111116 6.5775627867756445e-15 27.500000000000004 1.5485532407407412 -4.1501528847619061e-14 17.500000000000004 3092.5000000000005 2123.0000000000005 -2.8833203368255315e-14 12.765625000000002 -1.7409572065905028e-14 2201.0000000000005 0.57696759259259267
decision_type=2 2 2 2 2 2 2 2 2 2 2 2 2 2 2
left_child=1 -1 5 -2 -5 -3 -7 8 9 -8 11 -10 14 -14 -11
right_child=3 2 -4 4 -6 6 7 -9 10 12 -12 -13 13 -15 -16
leaf_value=0.031916115159730522 0.038624643088722911 0.00029076686780680003 0.031976044433404266 -0.038081961565599641 0.032425435726513685 0.024530529251274694 -0.013884170429095779 -0.014682479426992147 -0.0073328624376794256 0.046942935711271262 -0.01866752137881595 0.096853647006788474 0.12077584287120234 0.021252247244813817 -0.033527150072709844
leaf_weight=7.0395860113203517 10.764585003256796 462.77461379393935 6.6092529445886603 2.0645015388727179 1.9544093012809751 8.5884148329496366 16.99040462821722 74.460359901189804 2.278452560305595 2.1281435713171941 36.61054764688015 1.5648496598005293 1.364426121115687 28.586080454289913 6.2920751646161079
leaf_count=125 148 3981 114 13 30 57 214 848 24 17 403 10 16 231 69
internal_value=-5.17828e-05 -0.00066418 -0.00101798 0.0270931 -0.00379399 -0.00135784 -0.00562329 -0.0071442 -0.001286 0.00768331 -0.0135605 0.035088 0.0172333 0.0257861 -0.013189
internal_weight=670.071 655.287 648.248 14.7835 4.01891 641.638 178.864 170.275 95.815 55.3611 40.4538 3.8433 38.3707 29.9505 8.42022
internal_count=6300 6109 5984 191 43 5870 1889 1832 984 547 437 34 333 247 86
is_linear=0
shrinkage=0.03


Tree=87
num_leaves=16
num_cat=0
split_feature=5 10 3 1 2 1 17 0 8 8 14 8 8 8 4
split_gain=11.9581 8.1188 7.8401 6.02958 8.67333 6.87161 6.13157 5.91358 8.39637 10.8509 10.5303 13.699 14.3934 15.1659 10.9123
threshold=25.500000000000004 -9.1350585052644827e-14 1.8163194444444446 6.8500000000000005 -0.022508986441079074 6.7500000000000009 0.74363425925925941 1.6022569444444448 2088.5000000000005 3135.5000000000005 12.480000000000002 2558.5000000000005 2257.5000000000005 2157.5000000000005 14.112847222222223
decision_type=2 2 2 2 2 2 2 2 2 2 2 2 2 2 2
left_child=1 -1 3 4 6 7 -3 -6 -9 10 11 12 13 -10 -13
right_child=-2 2 -4 -5 5 -7 -8 8 9 -11 -12 14 -14 -15 -16
leaf_value=0.03185594656068131 0.026989982507230267 0.020672957027555852 0.022250289413596594 -0.024480509677198656 -0.00028217773581463513 0.046378022476901634 0.099909685885484115 -0.028514973656742083 -0.019355906177343757 -0.014612573206827659 -0.015190002362593689 0.043152580823253531 -0.033504877545202968 0.094357182835693609 -0.01410031991566776
leaf_weight=6.8442430160939685 14.400884531438349 4.7317340001463881 12.805064484477041 10.077035225927828 507.52317965403199 2.69394377619028 1.0794583559036253 15.407914549112318 2.1966532692313212 47.548459224402905 14.487580090761183 15.088193513453009 7.7613078616559505 2.0320647060871124 3.7385177761316291
leaf_count=125 191 40 169 107 4462 17 7 229 29 518 150 106 97 17 36
internal_value=-5.13715e-05 -0.0006468 -0.000990537 -0.00145967 -0.00108807 -0.00143084 0.0353916 -0.00163999 -0.00800538 -0.00460203 0.00590438 0.0158213 -0.00924268 0.0352877 0.0317836
internal_weight=668.416 654.015 647.171 634.366 624.289 618.478 5.81119 615.784 108.261 92.8528 45.3043 30.8167 11.99 4.22872 18.8267
internal_count=6300 6109 5984 5815 5708 5661 47 5644 1182 953 435 285 143 46 142
is_linear=0
shrinkage=0.03


Tree=88
num_leaves=16
num_cat=0
split_feature=6 10 3 12 5 16 17 2 10 10 1 10 4 16 1
split_gain=11.5783 8.0034 7.58216 5.13059 5.34879 10.9389 8.83017 9.34581 8.36975 21.9865 25.3332 16.5065 15.4697 12.9117 11.1156
threshold=0.071741382505352544 -9.1350585052644827e-14 1.9423611111111116 1.0000000180025095e-35 14.500000000000002 75.612129629629649 0.61747685185185197 -0.0011078998073217766 -8.2262657544828189e-16 -1.4403360468863488e-15 3.9500000000000015 3.5139020509704052e-15 15.656828703703704 91.573906250000022 4.4000000000000012
decision_type=2 2 2 2 2 2 2 2 2 2 2 2 2 2 2
left_child=1 -1 3 4 6 -6 7 -3 9 -7 -11 13 14 -10 -13
right_child=-2 2 -4 -5 5 8 -8 -9 11 10 -12 12 -14 -15 -16
leaf_value=0.031820176337901546 0.032082727990666055 -0.020367529481997514 0.031871742991777918 0.041101015034682137 -0.0095140245306297132 0.0037537440029322272 -0.011130335818688428 0.032990858743989902 -0.024835740070567852 -0.00050853942740882699 0.12980603157295484 -0.00073526661349658366 -0.013503060963734157 0.044060947725954251 0.021074037509504134
leaf_weight=6.8083597980439654 9.9412126094102842 4.4413021579384795 6.3014428801834574 2.5706399381160727 93.443501673638821 275.73394757881761 88.031894464045763 8.8237075284123403 37.474757105112076 2.6690881624817839 2.7015032544732094 46.928467288613319 40.420759752392769 2.6192152947187415 38.115206830203533
leaf_count=127 168 49 114 14 973 2240 997 70 429 20 16 419 339 18 307
internal_value=-5.12031e-05 -0.000537367 -0.000876149 -0.0011966 -0.00136612 -0.000179688 -0.00769205 0.0151258 0.00177309 0.00492468 0.065042 -0.00357805 0.00177686 -0.0203349 0.00903931
internal_weight=667.025 657.084 650.275 643.974 641.403 540.106 101.297 13.265 446.663 281.105 5.37059 165.558 125.464 40.094 85.0437
internal_count=6300 6132 6005 5891 5877 4761 1116 119 3788 2276 36 1512 1065 447 726
is_linear=0
shrinkage=0.03


Tree=89
num_leaves=16
num_cat=0
split_feature=6 10 3 4 5 10 15 8 8 6 15 10 2 2 3
split_gain=11.2087 7.74468 7.33287 4.99632 12.7995 9.78526 11.7719 19.2429 11.2172 12.6743 10.913 11.3928 10.2961 9.60638 13.2758
threshold=0.071741382505352544 -9.1350585052644827e-14 1.9423611111111116 13.876736111111112 17.500000000000004 -2.8833203368255315e-14 13.162905092592593 1746.5000000000002 2572.0000000000005 0.009496937912064669 13.173148148148149 -1.1530468597223871e-14 -0.00077015474539904565 -0.007564674467567303 1.2482638888888893
decision_type=2 2 2 2 2 2 2 2 2 2 2 2 2 2 2
left_child=1 -1 3 -3 5 -5 7 -7 9 -8 -10 12 -12 14 -6
right_child=-2 2 -4 4 13 6 8 -9 10 -11 11 -13 -14 -15 -16
leaf_value=0.03176322821689348 0.032017453312020119 -0.0034769952176545299 0.031813030071753595 -0.015171143065011146 0.049175284643724407 0.06863072120004908 -0.03331572532079323 -0.0057228685937123543 0.1320296535154922 0.094888934237114614 0.067063968580478861 0.087017396155592203 -0.016246834641606655 -0.0033568917702160336 0.00410441121821465
leaf_weight=6.6188093200325957 9.6667764224112016 364.33894292265177 6.1263229213654986 6.9690683484077445 7.4483792856335631 3.8944477587938335 2.7491485998034473 16.014129459857941 1.5995015203952778 0.92835146188735951 2.332523509860037 3.8042501583695412 3.122184194624424 201.74257438257337 27.965678233653307
leaf_count=127 168 3540 114 56 44 25 32 146 11 9 18 24 25 1702 259
internal_value=-5.11224e-05 -0.000523932 -0.000853194 -0.00116447 0.00186005 0.0172485 0.0238079 0.00882193 0.0443329 -0.000951624 0.0596696 0.0471693 0.0193782 -0.000827171 0.0135838
internal_weight=665.321 655.654 649.036 642.909 278.57 41.4136 34.4445 19.9086 14.536 3.6775 10.8585 9.25896 5.45471 237.157 35.4141
internal_count=6300 6132 6005 5891 2351 346 290 171 119 41 78 67 43 2005 303
is_linear=0
shrinkage=0.03


Tree=90
num_leaves=16
num_cat=0
split_feature=5 10 2 15 12 15 1 16 8 17 2 8 8 10 0
split_gain=10.8805 7.30667 7.25926 5.07647 4.76936 4.80646 6.44537 6.26945 5.52423 5.05895 4.75937 7.22193 5.27123 14.004 11.6618
threshold=23.500000000000004 -9.1350585052644827e-14 0.02319184991192173 13.077199074074075 1.0000000180025095e-35 12.964872685185187 3.7999999999999994 93.068686342592613 2470.5000000000005 0.84085648148148162 -0.022508986441079074 3682.0000000000005 3838.0000000000005 -4.7006737095214666e-14 1.2818865740740741
decision_type=2 2 2 2 2 2 2 2 2 2 2 2 2 2 2
left_child=1 -1 4 -2 5 6 -3 9 -8 10 11 -7 -12 -14 -15
right_child=3 2 -4 -5 -6 7 8 -9 -10 -11 12 -13 13 14 -16
leaf_value=0.031673139838301875 0.044070326579658703 -0.034624725420981689 0.028272343230871366 0.011931685601876008 0.040944764169692734 0.0055064327758715115 -0.016957773847549061 -0.034910724479459566 0.040965638853819666 0.043494756294585379 -0.0014882348917003578 0.071948099730439363 0.041138657175120906 0.027327102469875852 -0.025237695964556679
leaf_weight=6.1542632840573779 5.5060180090367821 1.730065569281577 7.4454749040305606 22.494881190359592 2.3705490529537192 6.5565986409783346 1.8808577507734279 5.177036724984645 6.9853329062461853 2.2154361009597769 554.29576504230499 1.8987495005130766 3.8934919759631148 4.328114114701747 31.045850001275539
leaf_count=123 60 10 119 214 13 62 14 48 36 15 5191 12 26 37 320
internal_value=-5.08417e-05 -0.000856652 -0.00117451 0.0182513 -0.00152679 -0.00168917 0.0183424 -0.00203747 0.0286779 -0.00175582 -0.00192234 0.0204267 -0.00224071 -0.0128625 -0.0188062
internal_weight=663.978 635.978 629.823 28.0009 622.378 620.007 10.5963 609.411 8.86619 604.234 602.019 8.45535 593.563 39.2675 35.374
internal_count=6300 6026 5903 274 5784 5771 60 5711 50 5663 5648 74 5574 383 357
is_linear=0
shrinkage=0.03


Tree=91
num_leaves=16
num_cat=0
split_feature=6 10 3 14 8 10 10 10 2 3 7 10 10 4 1
split_gain=10.6477 7.25682 6.90712 4.81268 4.91466 11.0487 15.9282 10.7829 16.1174 12.0856 10.6544 15.2506 17.4435 13.7294 14.454
threshold=0.071741382505352544 -9.1350585052644827e-14 1.9423611111111116 12.160000000000002 2628.0000000000005 -6.177551301165397e-15 -6.8592978434315588e-15 1.2104048763225338e-14 -0.013162496064943506 1.4876736111111113 15.74479166666667 -1.2440587139225304e-14 -1.8142276805410288e-14 12.465856481481483 6.2500000000000009
decision_type=2 2 2 2 2 2 2 2 2 2 2 2 2 2 2
left_child=1 -1 3 -3 5 6 10 -7 -9 -10 11 12 -5 -14 -15
right_child=-2 2 -4 4 -6 7 -8 8 9 -11 -12 -13 13 14 -16
leaf_value=0.031655204665806194 0.031923352336455824 0.033285555756121736 0.031712595770687461 -0.012126871224554843 0.00089346456866682214 -0.014312127350403344 0.068406054081487033 0.073723315693723077 -0.024415906194202936 0.031869265093566232 0.012357671205726626 -0.023858647893925639 0.037183980129888716 -0.019877503639174506 0.079475136617930472
leaf_weight=6.2553010284900656 9.2432175651192647 3.6407470367848864 5.8231782875955096 33.014555606991053 375.79606885462999 109.36472100764513 3.1293272599577895 3.0510829985141781 8.6970332711935026 5.6729115173220626 42.187418885529041 28.914121083915234 16.79525895416737 9.4242663532495481 1.5321136042475689
leaf_count=127 168 42 114 355 3191 1278 24 15 96 53 281 352 103 93 8
internal_value=-4.98435e-05 -0.000502218 -0.0008131 -0.00110848 -0.00130488 -0.00446066 0.00151216 -0.0108203 0.0111005 -0.00219586 -7.52892e-05 -0.005924 0.00260976 0.0201411 -0.00598427
internal_weight=662.541 653.298 647.043 641.22 637.579 261.783 134.997 126.786 17.421 14.3699 131.868 89.6803 60.7662 27.7516 10.9564
internal_count=6300 6132 6005 5891 5849 2658 1216 1442 164 149 1192 911 559 204 101
is_linear=0
shrinkage=0.03


Tree=92
num_leaves=16
num_cat=0
split_feature=6 10 3 1 1 2 6 8 10 10 5 2 16 2 0
split_gain=10.3096 7.02391 6.68186 4.81806 9.11684 7.37471 7.31423 6.35102 10.888 10.932 14.675 16.9427 13.3132 12.8557 18.5047
threshold=0.071741382505352544 -9.1350585052644827e-14 1.9423611111111116 6.8500000000000005 6.7500000000000009 -0.024332006019241025 -0.011142070609984095 3712.0000000000005 3.1017004339878367e-14 -4.3555720707075145e-14 14.500000000000002 0.0022792572845989219 78.090700231481506 0.001560057334610407 1.4997106481481484
decision_type=2 2 2 2 2 2 2 2 2 2 2 2 2 2 2
left_child=1 -1 3 4 5 6 -3 -7 9 13 11 -11 -13 14 -9
right_child=-2 2 -4 -5 -6 7 -8 8 -10 10 -12 12 -14 -15 -16
leaf_value=0.031603678219827222 0.031863398247397513 0.078882459344137817 0.031659140611679945 -0.020512029474232741 0.049727632503457651 -0.00016186824904447728 -0.012644322988456105 0.10955649892649681 0.03749084168447013 -0.011303686801836941 -0.025428277368673199 0.1455358262574131 0.018726482082162679 -0.027616295851982293 0.0019986116061307306
leaf_weight=6.0801765620708457 8.9866623841226083 2.0395396724343304 5.6604752130806437 11.280183985829352 3.2063056007027617 553.73315882310271 1.2783244997262944 2.3289709314703924 4.1090960651636115 6.7512927129864675 44.654577024281025 1.3225509077310564 1.7066001296043394 3.7326195165514946 3.769815094769001
leaf_count=127 168 15 114 119 19 5071 11 14 25 74 455 10 17 31 30
internal_value=-4.97204e-05 -0.00048982 -0.000792085 -0.00107914 -0.000730435 -0.000989112 0.0436185 -0.00122702 -0.00985302 -0.0128801 -0.0181384 0.0151448 0.0740924 0.0162344 0.0430722
internal_weight=660.64 651.654 645.574 639.913 628.633 625.427 3.31786 622.109 68.3755 64.2664 54.435 9.78044 3.02915 9.83141 6.09879
internal_count=6300 6132 6005 5891 5772 5753 26 5727 656 631 556 101 27 75 44
is_linear=0
shrinkage=0.03


Tree=93
num_leaves=16
num_cat=0
split_feature=5 10 3 5 8 10 10 2 0 8 10 10 7 8 10
split_gain=10.001 6.63301 6.45857 4.80497 10.053 13.7333 15.3735 11.6703 14.6609 9.55757 20.2684 32.8968 11.5741 10.0082 8.96712
threshold=27.500000000000004 -9.1350585052644827e-14 1.9423611111111116 14.500000000000002 3712.0000000000005 3.1017004339878367e-14 -4.3555720707075145e-14 0.0016266742130445196 1.4970486111111112 3430.5000000000005 2.0389250289436614e-14 6.3102686309897374e-15 10.18229166666667 2023.0000000000002 -4.998512130797359e-15
decision_type=2 2 2 2 2 2 2 2 2 2 2 2 2 2 2
left_child=1 -1 3 -3 9 6 7 8 -6 12 11 14 13 -5 -11
right_child=-2 2 -4 4 5 -7 -8 -9 -10 10 -12 -13 -14 -15 -16
leaf_value=0.031535441170467471 0.03238372583147886 -0.0070404328542696994 0.031607434919466527 0.12173682371884068 0.10900354187580566 0.033902128946393613 -0.022859146941360816 -0.025180328591185876 0.0032518225043191287 0.0032386434448248296 -0.036163266051521162 0.09588989935212229 -0.0005172992141293316 0.0083694861353570509 0.030705314132533454
leaf_weight=5.7759508937597266 8.4470733366906625 100.98688703775406 5.502033080905675 1.296283453702926 2.1893652975559226 5.4063075035810462 45.552772037684917 2.8032039999961853 2.5587808638811111 35.038807388395071 6.8417698144912711 4.5453808307647696 415.41507437825203 1.5257487930357454 15.398897804319857
leaf_count=125 160 1120 114 7 13 31 470 23 19 291 60 26 3704 14 123
internal_value=-4.94431e-05 -0.000470386 -0.00075697 -0.0010354 9.05994e-05 -0.0116497 -0.0162871 0.0233579 0.0520138 0.00152152 0.0125312 0.0185905 -0.000105966 0.0604441 0.0116244
internal_weight=659.284 650.837 645.061 639.559 538.572 58.5104 53.1041 7.55135 4.74815 480.062 61.8249 54.9831 418.237 2.82203 50.4377
internal_count=6300 6140 6015 5901 4781 556 525 55 32 4225 500 440 3725 21 414
is_linear=0
shrinkage=0.03


Tree=94
num_leaves=16
num_cat=0
split_feature=6 10 3 12 5 16 17 2 10 10 1 10 4 16 1
split_gain=9.69777 6.58182 6.2547 4.69133 4.86233 9.94449 8.04226 8.37731 7.53237 20.0885 21.6355 15.6391 14.5347 11.9723 11.2306
threshold=0.071741382505352544 -9.1350585052644827e-14 1.9423611111111116 1.0000000180025095e-35 14.500000000000002 75.612129629629649 0.61747685185185197 -0.0024053018886038596 -8.2262657544828189e-16 -1.4403360468863488e-15 3.9500000000000015 3.5139020509704052e-15 15.671875000000002 91.573906250000022 4.4000000000000012
decision_type=2 2 2 2 2 2 2 2 2 2 2 2 2 2 2
left_child=1 -1 3 4 6 -6 7 -3 9 -7 -11 13 14 -10 -13
right_child=-2 2 -4 -5 5 8 -8 -9 11 10 -12 12 -14 -15 -16
leaf_value=0.031505583894655471 0.031761561318444112 -0.024960821797808272 0.031557422251267855 0.040285129527775743 -0.0090412340351427832 0.0036513593138038933 -0.010625567478005441 0.028690983833690634 -0.024415707364443644 -0.00039670877772198844 0.1185706250195938 -0.0010636967430865726 -0.013381673700032961 0.041556646249325764 0.020734803690719512
leaf_weight=5.7436493933200827 8.5133980922400934 3.5731418915092936 5.3477577194571486 2.4648859873414031 91.790280409157276 275.23631601035595 86.258706487715244 9.8114443123340589 36.265811182558537 2.6446303352713576 2.8675699084997177 47.253367960453033 38.753630243241787 2.6570739373564711 38.685487873852253
leaf_count=127 168 42 114 14 973 2240 997 77 429 20 16 424 332 18 309
internal_value=-4.94372e-05 -0.000466498 -0.00075182 -0.00102253 -0.00118267 -5.16686e-05 -0.00726829 0.0143681 0.00180527 0.00478701 0.0614928 -0.00331113 0.00187088 -0.0199121 0.00874893
internal_weight=657.867 649.354 643.61 638.262 635.797 536.154 99.6433 13.3846 444.364 280.749 5.5122 163.615 124.692 38.9229 85.9389
internal_count=6300 6132 6005 5891 5877 4761 1116 119 3788 2276 36 1512 1065 447 733
is_linear=0
shrinkage=0.03


Tree=95
num_leaves=16
num_cat=0
split_feature=5 10 3 10 1 2 1 0 8 8 14 8 8 8 4
split_gain=9.44159 6.25702 6.12219 6.03988 5.59738 7.07265 5.54581 5.22107 8.13713 10.1741 10.0455 12.5128 13.6881 13.3316 9.88018
threshold=25.500000000000004 -9.1350585052644827e-14 1.8163194444444446 6.5775627867756445e-15 6.8500000000000005 -0.022508986441079074 6.7500000000000009 1.6022569444444448 2088.5000000000005 3135.5000000000005 12.480000000000002 2558.5000000000005 2257.5000000000005 2157.5000000000005 14.112847222222223
decision_type=2 2 2 2 2 2 2 2 2 2 2 2 2 2 2
left_child=1 -1 4 -2 5 -3 7 -7 -9 10 11 12 13 -10 -13
right_child=3 2 -4 -5 -6 6 -8 8 9 -11 -12 14 -14 -15 -16
leaf_value=0.031441665177100592 0.038976778053481174 0.031350107133239345 0.02078182911757312 -0.0072365486618973093 -0.023913312156023697 -0.00010924893797232315 0.040717437203637186 -0.028191248357220734 -0.018892779955732786 -0.014004574760150443 -0.014777166495504809 0.041251308257961715 -0.03334307922379913 0.08728594923693847 -0.013628175013202863
leaf_weight=5.4554721042513838 8.9214927628636342 6.0716118812561026 11.589437894523142 3.5613238736987105 9.6344410814344865 502.54343842342496 2.8289707452058783 14.655102401971815 2.1306764744222182 46.11496152728796 14.236058160662649 15.374641507864 7.4189420565962791 2.12637959420681 3.6542247235774985
leaf_count=125 148 47 169 43 107 4462 17 229 29 518 150 106 97 17 36
internal_value=-4.92965e-05 -0.000550318 -0.000823716 0.0257922 -0.00122321 -0.000868989 -0.00118911 -0.00138402 -0.00744419 -0.00410503 0.00605313 0.0157109 -0.00873773 0.034143 0.0307125
internal_weight=656.317 643.834 638.379 12.4828 626.789 617.155 611.083 608.254 105.711 91.0559 44.9409 30.7049 11.676 4.25706 19.0289
internal_count=6300 6109 5984 191 5815 5708 5661 5644 1182 953 435 285 143 46 142
is_linear=0
shrinkage=0.03


Tree=96
num_leaves=16
num_cat=0
split_feature=5 10 1 8 10 10 5 1 8 8 0 8 8 2 10
split_gain=9.1276 6.01915 5.94413 4.61644 10.4198 11.736 12.3252 13.0901 13.149 13.7944 11.0699 10.0532 9.60229 13.5087 12.9813
threshold=27.500000000000004 -9.1350585052644827e-14 8.0000000000000018 2628.0000000000005 -1.0873269802499943e-14 -1.7284056048197756e-14 16.500000000000004 3.5499999999999994 2358.0000000000005 1589.5000000000002 1.5975694444444448 2558.5000000000005 2830.0000000000005 -0.012788514993402516 7.2469423501920456e-15
decision_type=2 2 2 2 2 2 2 2 2 2 2 2 2 2 2
left_child=1 -1 3 4 5 6 -3 -8 9 -9 -7 -12 13 -5 -15
right_child=-2 2 -4 12 -6 10 7 8 -10 -11 11 -13 -14 14 -16
leaf_value=0.031397055763519803 0.032233926901304319 -0.023890634953854122 0.034109814732900368 0.076182214079565824 -0.008408136831453434 0.023841988455332645 -0.027405727135827951 0.066850922437920346 0.044327978984604978 -0.012328127748596387 -0.032738690654657149 0.084181089225970979 -0.00095636435841406646 0.017233855822309643 -0.014467028497165519
leaf_weight=5.3016472086310378 7.7886153236031523 19.633923571556807 4.3847355246543875 2.8104189932346335 169.54857095330954 32.327968761324883 7.9527265951037398 2.3325432538986233 9.607841379940508 13.112369712442158 5.7084693126380435 0.7486702799797057 313.86396440863609 44.144590437412262 15.781963355839251
leaf_count=125 160 250 94 15 1884 201 63 10 60 131 81 5 2822 283 116
internal_value=-4.89313e-05 -0.000437397 -0.000700304 -0.000939701 -0.00400627 0.00415709 -0.00506919 0.00612709 0.0167717 -0.000370238 0.0166791 -0.0191825 0.00118534 0.0119 0.00888527
internal_weight=655.049 647.26 641.959 637.574 260.973 91.4245 52.6394 33.0055 25.0528 15.4449 38.7851 6.45714 376.601 62.737 59.9266
internal_count=6300 6140 6015 5921 2685 801 514 264 201 141 287 86 3236 414 399
is_linear=0
shrinkage=0.03


Tree=97
num_leaves=16
num_cat=0
split_feature=5 10 1 15 6 10 10 10 1 10 1 0 3 17 8
split_gain=8.93275 5.81999 5.87068 4.97898 4.34937 9.35626 10.5573 16.7212 10.4591 9.47159 12.4657 12.106 14.4253 22.6978 12.7871
threshold=23.500000000000004 -9.1350585052644827e-14 8.0000000000000018 13.077199074074075 0.0072924690274773132 1.1599327130195827e-14 7.0475468602841363e-15 6.5775627867756445e-15 5.4000000000000012 1.4153870416576328e-14 3.2999999999999994 1.3772569444444447 1.5449652777777783 0.68344907407407418 2105.0000000000005
decision_type=2 2 2 2 2 2 2 2 2 2 2 2 2 2 2
left_child=1 -1 4 -2 5 6 7 -3 9 10 -7 -11 13 -13 -14
right_child=3 2 -4 -5 -6 8 -8 -9 -10 11 -12 12 14 -15 -16
leaf_value=0.031341634406099474 0.04401758891896395 -0.0036116235636635984 0.034069086580959709 0.010754688264376139 0.0028335915660973746 0.11518813828450178 -0.02031497628260082 0.065607220338523509 -0.021154840692626665 -0.01534779791939129 0.024094425301097094 0.10188444424344126 0.082807446942001373 5.2520072613179187e-05 -0.0095397724936932462
leaf_weight=5.0398503988981238 5.0010565705597427 348.97129940614104 4.2601575441658488 21.29864539578557 168.95087100565434 1.4952343553304661 34.776248347014189 3.1694796606898299 9.3837321177124959 15.409616902470587 14.115966305136679 4.0045532733202007 1.5192543491721142 3.8773664385080338 12.076432153582571
leaf_count=123 60 3334 94 214 1539 13 362 27 91 137 114 28 13 37 114
internal_value=-4.8554e-05 -0.000766952 -0.00102711 0.0170798 -0.00126914 -0.00281362 -0.00454591 -0.00298861 0.00801748 0.0132318 0.0328193 0.00494211 0.0194996 0.0517901 0.000779597
internal_weight=653.35 627.05 622.01 26.2997 617.75 448.799 386.917 352.141 61.8822 52.4984 15.6112 36.8872 21.4776 7.88192 13.5957
internal_count=6300 6026 5903 274 5809 4270 3723 3361 547 456 127 329 192 65 127
is_linear=0
shrinkage=0.03


Tree=98
num_leaves=16
num_cat=0
split_feature=6 10 3 4 5 10 6 8 2 8 6 8 2 3 16
split_gain=8.70372 5.78593 5.58747 4.54754 11.9615 9.02574 11.2047 14.1303 14.1677 10.7202 15.7093 17.6664 8.76975 11.5891 11.3391
threshold=0.071741382505352544 -9.1350585052644827e-14 1.9423611111111116 13.876736111111112 17.500000000000004 -2.8833203368255315e-14 0.006402643911434973 2479.0000000000005 0.0011191858842546341 1746.5000000000002 0.0090895339776779615 2058.5000000000005 -0.007564674467567303 1.2482638888888893 75.612129629629649
decision_type=2 2 2 2 2 2 2 2 2 2 2 2 2 2 2
left_child=1 -1 3 -3 5 -5 7 -7 -9 -8 11 -11 13 -6 -14
right_child=-2 2 -4 4 12 6 9 8 -10 10 -12 -13 14 -15 -16
leaf_value=0.031327721666051529 0.031599853961410268 -0.0031540590848438826 0.031399361274515425 -0.014677978539956494 0.046038642878855507 -0.017350313269167219 0.10719011185945609 0.057055535965507602 -0.0098416742861677439 -0.033228270842060391 0.0021665132939850491 0.10681481198896099 -0.021274054842238394 0.0041416525537869842 -0.0002809899491925517
leaf_weight=5.1227911785244933 7.72802660614252 358.78901625424623 4.8488093279302111 6.8383220434188834 7.5646124817430964 9.5930630378425139 2.0963881686329833 7.4405893981456739 4.6173400953412056 1.048459380865095 6.2685651406645775 3.5751981697976589 26.752370528876781 27.700242843478918 172.26411563158035
leaf_count=127 168 3540 114 56 44 95 14 53 36 12 54 26 313 259 1389
internal_value=-4.85111e-05 -0.000427986 -0.00068241 -0.000927559 0.00196933 0.0168188 0.0230367 0.00982134 0.0314386 0.0450655 0.0331086 0.0750587 -0.000659662 0.0131289 -0.00310294
internal_weight=652.248 644.52 639.397 634.548 275.759 41.4779 34.6396 21.651 12.0579 12.9886 10.8922 4.62366 234.281 35.2649 199.016
internal_count=6300 6132 6005 5891 2351 346 290 184 89 106 92 38 2005 303 1702
is_linear=0
shrinkage=0.03


Tree=99
num_leaves=16
num_cat=0
split_feature=6 10 1 12 1 1 2 6 8 5 10 10 5 8 15
split_gain=8.43046 5.60268 5.4324 4.52041 4.52958 7.43611 6.45246 6.40441 5.31171 9.69535 9.32044 10.1068 10.6394 13.8829 10.0309
threshold=0.071741382505352544 -9.1350585052644827e-14 8.0000000000000018 1.0000000180025095e-35 6.8500000000000005 6.7500000000000009 -0.024332006019241025 -0.011142070609984095 3712.0000000000005 14.500000000000002 3.1017004339878367e-14 -2.8833203368255315e-14 14.500000000000002 3838.0000000000005 13.102766203703705
decision_type=2 2 2 2 2 2 2 2 2 2 2 2 2 2 2
left_child=1 -1 3 4 5 6 7 -3 9 -8 11 -10 13 -13 -15
right_child=-2 2 -4 -5 -6 -7 8 -9 10 -11 -12 12 -14 14 -16
leaf_value=0.03128680551852988 0.031550623511030128 0.071661562248062999 0.034061944683810255 0.040026546264303048 -0.020200838352138595 0.043906027062197324 -0.0095517722765103494 -0.01295145565458761 0.011935865284399286 0.0014990065289603343 0.033603583433358633 0.070073578875112744 -0.024963299676283981 0.048996232464035484 -0.033271256911260969
leaf_weight=4.977793361991643 7.511154416948556 2.1535846814513211 4.0287247970700255 2.4214258119463912 10.913878738880156 3.3447202518582335 84.476424511522055 1.2857637777924527 12.529630675911902 463.47748375684023 4.285545125603675 2.5595626607537252 40.148798629641533 1.8070535883307455 5.0944412723183632
leaf_count=127 168 15 94 14 128 19 971 11 99 4095 26 22 434 18 59
internal_value=-4.83883e-05 -0.00041722 -0.000664377 -0.00088487 -0.0010416 -0.000704969 -0.000946482 0.0400299 -0.00117587 -0.000204659 -0.0091876 -0.0121388 -0.0182191 0.0104003 -0.0117307
internal_weight=651.016 643.505 638.527 634.498 632.077 621.163 617.818 3.43935 614.379 547.954 66.425 62.1395 49.6099 9.46106 6.90149
internal_count=6300 6132 6005 5911 5897 5769 5750 26 5724 5066 658 632 533 99 77
is_linear=0
shrinkage=0.03


Tree=100
num_leaves=16
num_cat=0
split_feature=5 10 3 8 10 10 5 1 8 8 0 8 8 4 2
split_gain=8.18512 5.29647 5.261 4.4843 9.97205 11.1131 11.6448 12.3144 11.8345 12.9775 10.4263 9.47918 9.45143 23.6515 10.2335
threshold=27.500000000000004 -9.1350585052644827e-14 1.9423611111111116 2628.0000000000005 -1.0873269802499943e-14 -1.7284056048197756e-14 16.500000000000004 3.5499999999999994 2358.0000000000005 1589.5000000000002 1.5975694444444448 2558.5000000000005 2656.0000000000005 14.989583333333334 -0.0050129661506998274
decision_type=2 2 2 2 2 2 2 2 2 2 2 2 2 2 2
left_child=1 -1 3 4 5 6 -3 -8 9 -9 -7 -12 13 -5 -14
right_child=-2 2 -4 12 -6 10 7 8 -10 -11 11 -13 14 -15 -16
leaf_value=0.031233512947410277 0.032100243341595676 -0.023556931365335709 0.031323605462517778 0.12814316546500804 -0.0082338569060879593 0.023061474682408819 -0.027045894725151058 0.064422721666375027 0.042053531309191684 -0.012042973640906715 -0.032637544494274764 0.08255617406924648 0.0089286276061830705 0.0086492081447085666 -0.0025469605756982898
leaf_weight=4.7283599600195876 7.0504476167261592 19.149342849850655 4.6024535559117785 1.8059274405241001 167.99044595658779 32.570575684309006 7.7972040474414817 2.3608856648206737 9.7053924910724145 12.980020403861998 5.5251039303839198 0.72758164256811131 94.411813165992498 8.5422732681035978 269.80507443845272
leaf_count=125 160 250 114 11 1882 201 63 10 59 131 81 4 813 46 2350
internal_value=-4.79362e-05 -0.000400602 -0.000635059 -0.000867289 -0.00390408 0.00410507 -0.00496336 0.00587758 0.016127 -0.000275301 0.0162497 -0.0192333 0.00123099 0.0295028 0.000427726
internal_weight=649.753 642.702 637.974 633.372 258.807 90.8161 51.9928 32.8435 25.0463 15.3409 38.8233 6.25269 374.565 10.3482 364.217
internal_count=6300 6140 6015 5901 2681 799 513 263 200 141 286 85 3220 57 3163
is_linear=0
shrinkage=0.03


Tree=101
num_leaves=16
num_cat=0
split_feature=6 10 1 14 12 5 16 17 6 7 7 17 10 4 6
split_gain=7.93661 5.25463 5.11989 4.35304 4.39106 4.28958 8.72842 7.61515 7.64497 7.86059 9.04486 7.40537 7.39359 10.5658 9.66102
threshold=0.071741382505352544 -9.1350585052644827e-14 8.0000000000000018 12.160000000000002 1.0000000180025095e-35 14.500000000000002 75.612129629629649 0.61747685185185197 0.0015973538559088418 9.9149305555555571 10.01215277777778 0.60937500000000011 1.2603671822465569e-14 12.743634259259261 0.005251877105673851
decision_type=2 2 2 2 2 2 2 2 2 2 2 2 2 2 2
left_child=1 -1 3 -3 5 7 12 8 -5 -10 -11 -12 -7 14 -14
right_child=-2 2 -4 4 -6 6 -8 -9 9 10 11 -13 13 -15 -16
leaf_value=0.031208827475925557 0.031468346690753934 0.033052740809343006 0.034040946720398681 -0.025907298497275265 0.03970462387119756 -0.012003814945922075 0.0016303878423858309 -0.010321482263467855 -0.021213418315286996 0.080992756490103859 -0.0085699822258165533 0.075393852072344697 0.015822730874493856 -0.012576783750108107 0.10007301880752699
leaf_weight=4.6994197480380526 7.1124644055962554 3.3923197686672202 3.8101723641157141 3.2643254175782195 2.3735951930284491 77.974057979881763 439.5344902984798 83.89147762581706 2.3504659086465818 3.1143492348492146 3.3656478859484196 1.3146483600139616 3.6921239867806417 6.5377769395709038 1.8331630527973173
leaf_count=127 168 42 94 34 14 877 3766 992 25 17 35 9 25 65 10
internal_value=-4.77913e-05 -0.00039741 -0.000630785 -0.000839601 -0.00102232 -0.00117653 -0.000112787 -0.00696605 0.014026 0.0268751 0.0413762 0.0150146 -0.00862245 0.0132342 0.043775
internal_weight=648.26 641.148 636.449 632.638 629.246 626.873 529.572 97.3009 13.4094 10.1451 7.79465 4.6803 90.0371 12.0631 5.52529
internal_count=6300 6132 6005 5911 5869 5855 4743 1112 120 86 61 44 977 100 35
is_linear=0
shrinkage=0.03


Tree=102
num_leaves=16
num_cat=0
split_feature=5 10 1 6 10 10 8 2 15 6 17 7 15 3 8
split_gain=7.70143 4.96804 4.95432 4.32753 8.5749 11.1698 12.7524 8.98069 11.621 14.7923 9.62343 8.57092 9.71997 11.5269 13.094
threshold=27.500000000000004 -9.1350585052644827e-14 8.0000000000000018 0.0073654768841944279 1.2104048763225338e-14 1.2884052788022039e-14 3207.5000000000005 0.0098341136466643091 13.167476851851852 0.0059683364702151839 0.68692129629629639 10.18229166666667 13.080960648148151 1.1800347222222227 2572.0000000000005
decision_type=2 2 2 2 2 2 2 2 2 2 2 2 2 2 2
left_child=1 -1 3 4 -3 -6 7 8 -7 10 -10 -5 13 -13 -15
right_child=-2 2 -4 11 5 6 -8 -9 9 -11 -12 12 -14 14 -16
leaf_value=0.031158867289940762 0.032026105085321492 -0.0039225576727773062 0.034003759414159979 0.027946741094738162 0.048761115062476358 0.0012388004484076788 -0.011161946550864778 -0.035190260679723168 0.020483293262007787 0.12397812698344274 0.099949310722912993 -0.012142637156027031 -0.0018808541868970061 -0.0044939757382419223 0.049383900131722558
leaf_weight=4.4634514488279811 6.6686137318611136 400.25506077334285 3.7015476226806632 11.817035786807535 5.5166890546679488 12.924242988228803 26.583121448755264 2.6903378292918196 12.053049042820929 1.6762059852480877 1.547654204070567 7.8771866559982326 130.83609166368842 6.1115091517567661 12.09225722402334
leaf_count=125 160 3846 94 105 38 117 236 24 95 12 12 66 1233 59 78
internal_value=-4.68384e-05 -0.000380953 -0.000602411 -0.000805101 -0.00230335 0.00798528 0.00407142 0.0171802 0.0221763 0.0398894 0.0295259 0.00330824 0.00145277 0.018176 0.0312956
internal_weight=646.814 640.145 635.682 631.98 463.246 62.9913 57.4746 30.8915 28.2012 15.2769 13.6007 168.734 156.917 26.081 18.2038
internal_count=6300 6140 6015 5921 4380 534 496 260 236 119 107 1541 1436 203 137
is_linear=0
shrinkage=0.03


Tree=103
num_leaves=16
num_cat=0
split_feature=5 15 2 10 8 10 15 3 16 8 4 7 8 10 15
split_gain=7.55195 4.92792 4.91541 4.8793 4.11792 11.0728 10.3024 14.5371 11.1785 11.5105 12.3799 11.325 11.2822 9.91741 9.81279
threshold=23.500000000000004 13.077199074074075 0.02319184991192173 -9.1350585052644827e-14 2628.0000000000005 -1.0873269802499943e-14 13.024971064814816 1.3463541666666672 76.235630787037053 2193.0000000000005 13.951967592592593 13.657986111111112 1727.0000000000002 -1.420181983440955e-14 13.210497685185187
decision_type=2 2 2 2 2 2 2 2 2 2 2 2 2 2 2
left_child=2 -2 3 -1 5 6 -5 -8 -9 10 11 12 14 -14 -10
right_child=1 -3 -4 4 -6 -7 7 8 9 -11 -12 -13 13 -15 -16
leaf_value=0.031112193410694038 0.044053126841642629 0.0097679719344051161 0.026625911646819215 0.029025759513040945 0.00084647987942448703 -0.0089549973180434606 -0.024881893590486086 -0.01650546863690195 0.013149217019998532 0.037171292674269489 -0.019333413603737918 0.089993254634600978 -0.026532636492379313 0.025903702592659492 0.09895186359550108
leaf_weight=4.2397925108671179 4.6257899217307594 20.467804353684187 5.8689708784222594 12.93773742392659 363.85175952315331 157.57783275842667 16.4713522978127 14.005617212504147 2.7407491840422216 13.675552837550638 12.300434760749338 1.8342678174376477 7.1604282520711378 5.9383958615362671 2.1333201453089714
leaf_count=123 60 214 119 75 3163 1830 162 171 28 100 106 11 89 37 12
internal_value=-4.66595e-05 0.0160881 -0.000698918 -0.000959736 -0.00118242 -0.00417388 0.00427248 7.30226e-05 0.00694791 0.0141226 0.00430547 0.0189854 0.0117386 -0.00276045 0.050704
internal_weight=645.83 25.0936 620.736 614.867 610.627 246.776 89.1979 76.2601 59.7888 45.7831 32.1076 19.8072 17.9729 13.0988 4.87407
internal_count=6300 274 6026 5907 5784 2621 791 716 554 383 283 177 166 126 40
is_linear=0
shrinkage=0.03


Tree=104
num_leaves=16
num_cat=0
split_feature=6 10 3 1 2 6 16 0 6 10 4 15 6 7 10
split_gain=7.34695 4.77672 4.70647 5.11888 6.10576 4.78411 6.48036 4.49625 7.41346 9.58409 9.4715 12.6432 12.4068 11.713 11.5051
threshold=0.071741382505352544 -9.1350585052644827e-14 1.8163194444444446 6.8500000000000005 -0.022508986441079074 -0.0097054679982228921 79.37932291666668 1.5485532407407412 0.0075990127194421582 1.1599327130195827e-14 13.528356481481483 13.20752314814815 0.0083058158460539797 13.592013888888891 2.4984153184291704e-14
decision_type=2 2 2 2 2 2 2 2 2 2 2 2 2 2 2
left_child=1 -1 3 4 5 6 -3 8 9 -6 11 12 -10 -12 -14
right_child=-2 2 -4 -5 7 -7 -8 -9 10 -11 13 -13 14 -15 -16
leaf_value=0.03110132249645841 0.031372596032834307 -0.0018305153619189378 0.019279374879935827 -0.023222026606666599 -0.0036716978121835446 -0.015942030919055463 0.071800410135205966 -0.0052650767306499308 0.030690983763961469 0.011166890853501659 0.084353265961394586 0.028605802913049212 -0.01663758771099505 0.01305852780449277 0.071877252976480829
leaf_weight=4.3103890344500533 6.6293997876346102 1.7099070847034452 10.553652890026568 9.1297162510454637 288.0045333430171 1.583770491182803 2.9007756039500237 157.06058609113097 6.5273332670330992 45.34248061478138 2.153487227857112 10.434338312596081 40.69387573376298 56.142973978072405 1.3659581691026677
leaf_count=127 168 16 169 107 2564 13 18 1745 58 371 13 84 392 446 9
internal_value=-4.64307e-05 -0.000372947 -0.000587066 -0.000923578 -0.000591973 0.0290418 0.0444938 -0.000894026 0.000629322 -0.00165333 0.00711523 -0.00135635 -0.00779087 0.0156922 -0.0137629
internal_weight=644.543 637.914 633.603 623.05 613.92 6.19445 4.61068 607.726 450.665 333.347 117.318 59.0215 48.5872 58.2965 42.0598
internal_count=6300 6132 6005 5836 5729 47 34 5682 3937 2935 1002 543 459 459 401
is_linear=0
shrinkage=0.03


Tree=105
num_leaves=16
num_cat=0
split_feature=5 1 10 12 14 5 8 10 10 1 2 8 10 10 7
split_gain=7.11828 4.55445 4.57268 4.19625 4.17297 4.08167 8.86699 11.1701 13.2727 14.512 9.41978 8.58469 18.6989 27.0187 10.3387
threshold=27.500000000000004 8.0000000000000018 -9.1350585052644827e-14 1.0000000180025095e-35 12.160000000000002 14.500000000000002 3712.0000000000005 -4.7006737095214666e-14 3.1017004339878367e-14 6.1000000000000005 -0.00077015474539904565 3430.5000000000005 2.0389250289436614e-14 6.3102686309897374e-15 10.18229166666667
decision_type=2 2 2 2 2 2 2 2 2 2 2 2 2 2 2
left_child=1 2 -1 4 -4 -6 11 10 9 -9 -8 14 13 -13 -7
right_child=-2 -3 3 -5 5 6 7 8 -10 -11 -12 12 -14 -15 -16
leaf_value=0.031056528052891375 0.031937738913995858 0.033980150581081649 0.032926935940875653 0.039432262358220428 -0.0067547627569464032 0.057161561770051751 0.085267378285154058 -0.026097614807302053 0.028430515884376745 0.026929607942494348 -0.0063154193675778753 0.010967724621486338 -0.035958469463429649 0.085468157508837031 -0.00065948257433518648
leaf_weight=4.0944214947521678 6.202260583639144 3.4576289094984523 3.2652345970273009 2.3303629457950583 96.340313255786896 2.8023154661059371 1.9061166793107984 41.697691798210144 5.6627675592899314 5.2271130606532088 2.1518747098743907 50.316697157919407 6.6058064401149741 4.7990147061645976 406.73655590042472
leaf_count=125 160 94 42 14 1112 20 10 459 32 39 17 411 60 27 3678
internal_value=-4.613e-05 -0.000357354 -0.000544638 -0.000750068 -0.000899292 -0.00107623 -3.99204e-05 -0.0112544 -0.0149551 -0.0201907 0.0367028 0.00130806 0.011738 0.0174546 -0.000263836
internal_weight=643.596 637.394 633.936 629.842 627.512 624.246 527.906 56.6456 52.5876 46.9248 4.05799 471.26 61.7215 55.1157 409.539
internal_count=6300 6140 6046 5921 5907 5865 4753 557 530 498 27 4196 498 438 3698
is_linear=0
shrinkage=0.03


Tree=106
num_leaves=16
num_cat=0
split_feature=6 10 3 4 16 14 1 10 2 8 10 1 10 10 5
split_gain=6.91537 4.48227 4.4722 4.13374 4.44325 10.4218 9.53925 8.86152 9.56416 9.72715 8.65391 17.2088 18.0853 14.4352 12.2116
threshold=0.071741382505352544 -9.1350585052644827e-14 1.9423611111111116 9.6574074074074101 82.291886574074098 12.480000000000002 4.4000000000000012 2.1280598606534423e-14 -0.0016250387924009182 3120.0000000000005 3.8741847777034414e-15 5.4000000000000012 7.9994930928913586e-15 -1.9554507755786809e-15 20.500000000000004
decision_type=2 2 2 2 2 2 2 2 2 2 2 2 2 2 2
left_child=1 -1 3 -3 6 -6 7 -5 -9 -10 13 14 -13 -8 -12
right_child=-2 2 -4 4 5 -7 10 8 9 -11 11 12 -14 -15 -16
leaf_value=0.031034955942460821 0.031297946552230851 -0.03265940492212295 0.031139118804878987 -0.0093848075894227556 0.061442729319176013 0.00164238129078399 0.0024347769147889243 0.057797558775238962 0.036609254705109347 -0.033688081064888797 0.03663121291952607 0.030146232369702996 -0.022583424077415756 -0.026822123146749571 -0.034017833192749675
leaf_weight=4.0678878240287295 6.2732148058712474 3.6345358416438094 3.9810841269791117 167.16627523303032 2.647588249295949 281.06899438798428 92.606677804142237 3.6942541152238846 3.2541728988289815 3.8882758989930153 23.238971576094631 8.8687425032258052 17.222014598548412 18.15299117565155 2.4323992207646361
leaf_count=127 168 50 114 1852 26 2320 853 30 17 43 183 84 174 234 25
internal_value=-4.59092e-05 -0.000355107 -0.000557196 -0.000758169 -0.000572429 0.00220043 -0.0028827 -0.00768055 0.0186093 -0.00165989 0.00237217 0.0124986 -0.00465962 -0.00236029 0.0299371
internal_weight=642.198 635.925 631.857 627.876 624.241 283.717 340.525 178.003 10.8367 7.14245 162.522 51.7621 26.0908 110.76 25.6714
internal_count=6300 6132 6005 5891 5841 2346 3495 1942 90 60 1553 466 258 1087 208
is_linear=0
shrinkage=0.03


Tree=107
num_leaves=16
num_cat=0
split_feature=5 1 10 1 1 2 6 8 5 8 4 8 2 2 8
split_gain=6.70177 4.3036 4.28906 4.02943 6.27647 5.40785 5.36701 5.13499 8.08045 8.0326 18.7027 16.8941 10.9957 10.0048 12.3202
threshold=27.500000000000004 8.0000000000000018 -9.1350585052644827e-14 6.8500000000000005 6.7500000000000009 -0.024332006019241025 -0.011142070609984095 3712.0000000000005 14.500000000000002 2701.0000000000005 10.217013888888891 2732.5000000000005 0.0030293516143220394 -0.0052345126223216553 3596.5000000000005
decision_type=2 2 2 2 2 2 2 2 2 2 2 2 2 2 2
left_child=1 2 -1 4 5 6 -4 8 -7 10 -10 12 -11 14 -13
right_child=-2 -3 3 -5 -6 7 -8 -9 9 11 -12 13 -14 -15 -16
leaf_value=0.030992942736091888 0.031875312462971588 0.033986835490210913 0.063799211803648045 -0.019083584496165162 0.040088826890770805 -0.0085095367831939505 -0.013011646748737614 -0.0088137683365280169 0.084638158577327802 0.090156080526902757 -0.0030592809111408786 0.010284298185111909 -0.0034093569026777196 0.0010583699272478182 0.053381198684225854
leaf_weight=3.8637324664741746 5.8651885204017153 3.2699956744909278 2.282525517046452 10.564213205128906 3.4270079135894767 82.979641541838646 1.2766106724739064 64.935774695128202 2.2094196118414393 3.4494630098342887 232.66123281791806 41.864904828369617 1.6814056262373922 173.57901540771127 6.9628079943358889
leaf_count=125 160 94 15 129 19 975 11 659 15 19 2253 328 10 1432 56
internal_value=-4.5852e-05 -0.000340689 -0.000518375 -0.000712285 -0.000397891 -0.000623909 0.0362483 -0.000838931 0.000110581 0.00165747 -0.00223431 0.00567468 0.0594943 0.00443307 0.0164299
internal_weight=640.873 635.008 631.738 627.874 617.31 613.883 3.55914 610.324 545.388 462.408 234.871 227.538 5.13087 222.407 48.8277
internal_count=6300 6140 6046 5921 5792 5773 26 5747 5088 4113 2268 1845 29 1816 384
is_linear=0
shrinkage=0.03


Tree=108
num_leaves=16
num_cat=0
split_feature=6 10 3 4 5 17 16 8 8 8 10 2 4 8 15
split_gain=6.51562 4.20689 4.22478 4.09066 11.1222 8.50261 14.7255 13.4181 11.7967 10.489 10.8801 11.5882 9.74744 12.7497 9.64205
threshold=0.071741382505352544 -9.1350585052644827e-14 1.9423611111111116 13.876736111111112 17.500000000000004 0.65451388888888895 75.68629050925928 1746.5000000000002 2701.0000000000005 1989.0000000000002 -1.9542183941460979e-14 -0.0011078998073217766 14.421296296296299 2249.5000000000005 13.176504629629632
decision_type=2 2 2 2 2 2 2 2 2 2 2 2 2 2 2
left_child=1 -1 3 -3 5 6 8 14 -5 -9 -11 12 13 -12 -7
right_child=-2 2 -4 4 -6 7 -8 9 -10 10 11 -13 -14 -15 -16
leaf_value=0.030972710382702606 0.031232070800401197 -0.0028527196815536773 0.031082685059559974 -0.026137788319100814 -0.00052497253783420801 0.077345399710033166 0.086790079694248901 -0.033450462983965645 0.0666475529345322 -0.016546795745357907 0.1076849089732963 0.0012059928700700233 0.093753918516913365 -0.020359089411988187 -0.032900525730020183
leaf_weight=3.8385412171483031 5.9385715797543517 353.12824698910117 3.7820797227323046 3.2278907075524312 231.75496789440513 3.7579733952879897 3.8239241763949394 6.105044178664687 1.995705649256706 8.0692068263888377 1.0216034278273585 7.1839391738176328 3.2010382488369942 2.2223981916904449 0.88144816458225239
leaf_count=127 168 3540 114 31 2005 20 27 70 12 67 7 58 20 23 11
internal_value=-4.5532e-05 -0.000338507 -0.000529237 -0.000720111 0.00203596 0.0163408 0.0420577 0.00916894 0.0093114 0.00128772 0.0110617 0.0274077 0.0566133 0.0199646 0.0563997
internal_weight=639.933 633.994 630.155 626.373 273.245 41.4902 9.04752 32.4427 5.2236 27.8032 21.6982 13.629 6.44504 3.244 4.63942
internal_count=6300 6132 6005 5891 2351 346 70 276 43 245 175 108 50 30 31
is_linear=0
shrinkage=0.03


Tree=109
num_leaves=16
num_cat=0
split_feature=7 6 1 10 8 10 10 5 1 8 8 0 4 17 1
split_gain=6.3654 4.84312 4.13551 4.00025 4.17627 10.1454 10.3693 11.0325 11.0978 10.2301 11.4083 9.26318 9.24923 9.08968 8.33093
threshold=21.348958333333339 0.0067595898164087989 8.0000000000000018 -9.1350585052644827e-14 2628.0000000000005 -1.0873269802499943e-14 -1.7284056048197756e-14 16.500000000000004 3.5499999999999994 2358.0000000000005 1589.5000000000002 1.5975694444444448 15.547453703703706 0.56770833333333348 4.7999999999999998
decision_type=2 2 2 2 2 2 2 2 2 2 2 2 2 2 2
left_child=2 -2 3 -1 5 6 7 -5 -9 10 -10 -8 14 -13 -11
right_child=1 -3 -4 4 -6 -7 11 8 9 12 -12 13 -14 -15 -16
leaf_value=0.030923173717992747 0.0062032328365700202 0.036828101812346171 0.034003911875821913 -0.023372238939367636 0.0010740703258284151 -0.0086083673433453387 0.022041017711716734 -0.026329992949430454 0.059682023107259403 0.072160574886592013 -0.011552788527767373 0.080338890723091055 0.068299431182289483 -0.032142798557184958 -0.014137339646489153
leaf_weight=3.5623893812298766 14.382703077048065 6.8661728072911492 3.0926061999052754 18.448499541729689 365.37239671312273 155.9490821659565 32.735096111893654 7.5002159029245368 2.4060910195112255 1.4024872854351977 12.721455134451388 0.73649081587791343 4.8978307582437992 5.2968924343585968 3.5683021768927574
leaf_count=123 82 161 94 250 3198 1841 201 63 10 9 131 5 26 81 25
internal_value=-4.53101e-05 0.0160991 -0.000600686 -0.000774814 -0.000959616 -0.00398431 0.00405372 -0.00484355 0.00567536 0.0152787 -0.000222634 0.0157454 0.0390406 -0.0184122 0.0102113
internal_weight=638.939 21.2489 617.69 614.597 611.035 245.662 89.7134 50.9449 32.4964 24.9962 15.1275 38.7685 9.86862 6.03338 4.97079
internal_count=6300 243 6057 5963 5840 2642 801 514 264 201 141 287 60 86 34
is_linear=0
shrinkage=0.03


Tree=110
num_leaves=16
num_cat=0
split_feature=6 4 4 6 3 16 4 16 4 10 10 16 8 2 4
split_gain=6.12099 4.04294 4.00829 19.3004 13.4327 8.07883 5.66411 12.1014 19.4154 22.0642 17.5942 11.8053 9.12384 8.56119 11.2505
threshold=0.071741382505352544 9.6574074074074101 9.7864583333333339 0.005251877105673851 1.485243055555556 67.880225694444462 11.884837962962964 75.612129629629649 12.074074074074074 -1.7567334612127807e-14 -8.8934824992446403e-15 79.37932291666668 2717.5000000000005 0.0022792572845989219 10.938078703703704
decision_type=2 2 2 2 2 2 2 2 2 2 2 2 2 2 2
left_child=1 -1 3 -3 -5 -4 13 -8 9 -9 -11 -12 -13 -7 -15
right_child=-2 2 5 4 -6 6 7 8 -10 10 11 12 -14 14 -16
leaf_value=-0.032536899862036991 0.03116732672287174 -0.016097056606182967 0.051578881039128735 0.15055246085720178 0.030366242082479726 -0.010346368571589151 -0.010727852622234909 -0.027864129396953784 0.001652457217912133 0.12916155290212011 -0.012481951164378164 0.010555403711217442 0.087875668857945233 0.019721308137993009 -0.010873852863157231
leaf_weight=3.4866644181311122 5.6051297299563876 5.4678097385913116 2.6760466322302809 1.2956319190561774 2.3640488237142563 105.89811687916517 68.04256260022521 3.6371230445802203 384.17752015590668 2.4005871769040814 2.8677130099385959 2.0914428438991308 4.0012782290577888 23.214825566858053 20.254915188997984
leaf_count=50 168 65 16 13 22 1207 788 39 3380 17 31 24 24 227 229
internal_value=-4.46614e-05 -0.000321531 -0.000142782 0.0195927 0.0729156 -0.000433669 -0.000659409 0.00096636 0.00295973 0.0364455 0.0570336 0.0377098 0.061334 -0.00574476 0.00546536
internal_weight=637.481 631.876 628.39 9.12749 3.65968 619.262 616.586 467.218 399.176 14.9981 11.361 8.96043 6.09272 149.368 43.4697
internal_count=6300 6132 6082 100 35 5982 5966 4303 3515 135 96 79 48 1663 456
is_linear=0
shrinkage=0.03


Tree=111
num_leaves=16
num_cat=0
split_feature=5 12 1 1 1 2 8 5 10 10 5 8 15 8 5
split_gain=5.94259 3.97157 3.95927 4.02541 5.66099 4.98074 4.87592 7.82278 7.76461 9.58887 10.4178 11.7575 9.63884 9.35043 8.59948
threshold=27.500000000000004 1.0000000180025095e-35 8.0000000000000018 6.8500000000000005 6.7500000000000009 -0.024332006019241025 3712.0000000000005 14.500000000000002 3.1017004339878367e-14 -2.8833203368255315e-14 14.500000000000002 3838.0000000000005 13.102766203703705 3945.5000000000005 19.500000000000004
decision_type=2 2 2 2 2 2 2 2 2 2 2 2 2 2 2
left_child=1 2 3 4 5 -1 7 -7 9 13 11 -11 -13 14 -8
right_child=-2 -3 -4 -5 -6 6 8 -9 -10 10 -12 12 -14 -15 -16
leaf_value=0.034588096137148958 0.031789389861678695 0.039189509226328419 0.033972062012808044 -0.019294081402667546 0.037873374475381638 -0.0083764126575278271 -0.021345684216315105 0.0016996293696189236 0.030025031611341815 0.063465194853142406 -0.024516794703443638 0.047902901842340188 -0.03303874604958245 0.059542590713939254 0.03921365185441001
leaf_weight=3.614592306315898 5.2340130172669879 2.2828094214200965 2.9926419556140891 10.216063700616358 3.4753217920660964 81.561112930998206 6.6461618319153768 463.04331860132515 4.3785475753247729 2.7120215147733671 38.02961279079318 1.8291332125663755 4.7957312241196632 2.8646322563290587 3.0922005288302898
leaf_count=26 160 14 94 128 19 989 62 4211 26 22 433 18 59 20 19
internal_value=-4.52044e-05 -0.000309042 -0.000452336 -0.000616837 -0.000307105 -0.000523717 -0.000732132 0.00019062 -0.00854177 -0.0113576 -0.0175455 0.0108489 -0.0106907 0.0118985 -0.00211641
internal_weight=636.768 631.534 629.251 626.258 616.042 612.567 608.952 544.604 64.348 59.9695 47.3665 9.33689 6.62486 12.603 9.73836
internal_count=6300 6140 6126 6032 5904 5885 5859 5200 659 633 532 99 77 101 81
is_linear=0
shrinkage=0.03


Tree=112
num_leaves=16
num_cat=0
split_feature=6 10 0 1 1 2 6 8 10 1 0 15 17 8 2
split_gain=5.75807 3.95599 3.88815 4.25344 5.28631 4.61636 4.66312 4.62157 7.32792 9.05789 17.1649 12.9732 11.5502 7.185 17.0615
threshold=0.071741382505352544 -9.1350585052644827e-14 1.81712962962963 6.8500000000000005 6.7500000000000009 -0.024332006019241025 -0.011142070609984095 3712.0000000000005 3.1017004339878367e-14 5.200000000000002 1.5698495370370373 13.203009259259263 0.74016203703703709 3596.5000000000005 -0.0037885161097305953
decision_type=2 2 2 2 2 2 2 2 2 2 2 2 2 2 2
left_child=1 -1 3 4 5 6 -3 13 9 -9 11 12 -11 -7 -15
right_child=-2 2 -4 -5 -6 7 -8 8 -10 10 -12 -13 -14 14 -16
leaf_value=0.03091689205472194 0.03110127482818165 0.057623011767727987 0.030218556741108109 -0.020258974989347395 0.036342339019756711 -0.00071929901869037104 -0.013209231659069514 -0.018294673579999136 0.028843502555104473 -0.020025372790455073 -0.028607503730477376 0.083458586651287414 0.068582707810274923 0.048477795083515671 -0.00036440811650370923
leaf_weight=3.6309945192188016 5.2975498996675006 2.3983921334147458 3.6895591914653769 9.8181726895272714 3.5124941542744628 511.79188369214535 1.2844629660248745 43.368694845587015 4.4205148033797732 4.0772422626614553 6.6387512311339369 3.2007014900445938 1.9606781378388403 9.1753399595618266 21.566132582724094
leaf_count=127 168 15 110 121 19 4828 11 475 26 38 84 22 12 71 173
internal_value=-4.49491e-05 -0.00030663 -0.000487475 -0.000669262 -0.000355703 -0.000567058 0.032919 -0.000770496 -0.00841705 -0.0111972 0.00818953 0.0346314 0.0087481 0.000126831 0.0142134
internal_weight=635.832 630.534 626.903 623.213 613.395 609.883 3.68286 606.2 63.6666 59.2461 15.8774 9.23862 6.03792 542.533 30.7415
internal_count=6300 6132 6005 5895 5774 5755 26 5729 657 631 156 72 50 5072 244
is_linear=0
shrinkage=0.03


Tree=113
num_leaves=16
num_cat=0
split_feature=7 6 3 1 2 4 10 6 8 10 8 2 4 7 1
split_gain=5.62014 4.65949 3.86007 4.31597 5.69627 12.5178 8.19692 11.9505 15.7013 8.10393 7.75869 8.38082 16.2854 12.0332 15.0187
threshold=21.348958333333339 0.0067595898164087989 1.8163194444444446 6.8500000000000005 -0.007564674467567303 10.903356481481483 -1.0364007625571203e-14 0.0028358640491004485 3533.5000000000005 -4.1501528847619061e-14 1681.0000000000002 -0.013162496064943506 17.615162037037042 12.157986111111112 4.5500000000000016
decision_type=2 2 2 2 2 2 2 2 2 2 2 2 2 2 2
left_child=2 -2 3 4 5 -1 7 9 -9 -7 -8 12 -12 -13 -15
right_child=1 -3 -4 -5 -6 6 10 8 -10 -11 11 13 -14 14 -16
leaf_value=-0.017099466296048901 0.0059204712283776008 0.036892355347191874 0.018110874092381848 -0.022116366782687118 -0.0018730279150432634 0.048162213281236793 -0.031806002061572233 0.0067658268714593508 0.10786276014202152 -0.021652414234441923 0.044318315156044362 -0.028497230274677203 -0.033870800871148757 0.040907575288552878 -0.0071695366399393704
leaf_weight=17.404917426407337 14.354115411639215 6.2861530426889649 9.8044416252523643 8.4802768267691118 496.76877136528492 1.6371767818927789 2.7034631036221972 6.985249135643242 1.7238186318427322 17.401369620114568 19.022464066743854 5.8752033375203636 2.7431791424751273 13.114936303347351 10.553657919168471
leaf_count=212 82 161 170 107 4831 21 39 62 15 158 146 69 28 103 96
internal_value=-4.46575e-05 0.0153532 -0.000562088 -0.00086499 -0.000562578 0.00600211 0.0109199 -0.00233299 0.0267763 -0.0156489 0.0177282 0.0203381 0.0344639 0.0099313 0.0194703
internal_weight=634.859 20.6403 614.219 604.414 595.934 99.1654 81.7605 27.7476 8.70907 19.0385 54.0129 51.3094 21.7656 29.5438 23.6686
internal_count=6300 243 6057 5887 5780 949 737 256 77 179 481 442 174 268 199
is_linear=0
shrinkage=0.03


Tree=114
num_leaves=16
num_cat=0
split_feature=5 4 4 6 8 16 4 16 4 10 10 16 2 4 15
split_gain=5.41994 3.85418 3.84054 17.4258 17.8869 7.46818 5.00314 11.1 18.0515 20.1069 15.1299 10.4642 7.92815 10.4957 10.4234
threshold=27.500000000000004 9.6574074074074101 9.7864583333333339 0.005251877105673851 2717.5000000000005 67.880225694444462 11.884837962962964 75.612129629629649 12.074074074074074 -1.7567334612127807e-14 -8.8934824992446403e-15 79.37932291666668 0.0022792572845989219 10.938078703703704 13.152141203703707
decision_type=2 2 2 2 2 2 2 2 2 2 2 2 2 2 2
left_child=1 -1 3 -3 -5 -4 12 -8 9 -9 -11 -12 -7 -14 -15
right_child=-2 2 5 4 -6 6 7 8 -10 10 11 -13 13 14 -16
leaf_value=-0.032412763202753214 0.031730061614247455 -0.015719598040253625 0.049336528057852373 -0.032783085446085519 0.10992668162032714 -0.009916537696588755 -0.010380675849214455 -0.0278276220995562 0.0015344002525599569 0.11892691234928626 -0.012114765751111096 0.057503205860649956 0.019005598516916487 0.024239727972881223 -0.024087609842272779
leaf_weight=3.3431124798953524 4.7948421295732251 5.364240135997532 2.7049673274159423 1.1177372559905054 2.6994460597634315 104.27989171631634 67.170006226748228 3.524238344281911 384.07819153554738 2.5262318961322299 2.815809849649666 6.2699268013238907 23.355561597272754 5.5694560408592251 14.406897109001873
leaf_count=50 160 65 16 15 20 1208 789 39 3386 17 31 48 227 58 171
internal_value=-4.47491e-05 -0.00028688 -0.000115282 0.0191446 0.0681388 -0.000402022 -0.000621146 0.000902375 0.00280081 0.0349357 0.0539844 0.0359275 -0.00543476 0.00535081 -0.0106138
internal_weight=634.021 629.226 625.883 9.18142 3.81718 616.701 613.996 466.384 399.214 15.1362 11.612 9.08574 147.612 43.3319 19.9764
internal_count=6300 6140 6090 100 35 5990 5974 4310 3521 135 96 79 1664 456 229
is_linear=0
shrinkage=0.03


Tree=115
num_leaves=16
num_cat=0
split_feature=6 10 12 1 14 0 10 3 10 5 8 8 10 8 6
split_gain=5.25569 3.82147 3.83033 3.71836 3.71605 3.70739 8.35168 8.05384 8.00591 7.8237 9.49512 8.77454 18.2465 9.02371 11.2486
threshold=0.071741382505352544 -9.1350585052644827e-14 1.0000000180025095e-35 8.0000000000000018 12.160000000000002 1.5485532407407412 -4.1501528847619061e-14 1.7178819444444446 -4.5367928673025246e-14 17.500000000000004 3187.0000000000005 2123.0000000000005 2.3464897047013668e-14 2312.0000000000005 0.0065270586764367968
decision_type=2 2 2 2 2 2 2 2 2 2 2 2 2 2 2
left_child=1 -1 3 4 -3 -6 7 8 -7 10 11 12 -8 14 -13
right_child=-2 2 -4 -5 5 6 9 -9 -10 -11 -12 13 -14 -15 -16
leaf_value=0.030886708168414104 0.031019580695658706 0.032664898533530592 0.038799207749152617 0.03403773836048244 0.00050093498438126083 -0.01277008374467445 -0.019262010382959573 0.077340126795516287 0.063064818952520918 -0.01391913293395179 -0.012817169932769748 -0.0067497239319903703 0.14134191285221476 0.010578394758862696 0.11570608416424213
leaf_weight=3.5196096040308467 4.8639242723584166 2.9797002263367167 2.2285229340195647 2.7765825409442177 449.51742966100574 4.5675194784998885 14.592020705342289 1.9847955629229543 1.7264778837561596 68.396180685609579 34.690823465585709 1.1312376856803887 0.66571052372455675 37.97996773943305 1.6744169443845747
leaf_count=127 168 42 14 94 3963 35 209 11 11 847 409 13 4 339 14
internal_value=-4.52141e-05 -0.000285649 -0.000461217 -0.000601727 -0.000756878 -0.000918302 -0.00472916 0.0246481 0.00803184 -0.00625752 -0.000482125 0.00715326 -0.0122547 0.0144137 0.066332
internal_weight=633.295 628.431 624.911 622.683 619.906 616.927 167.409 8.27879 6.294 159.13 90.7342 56.0434 15.2577 40.7856 2.80565
internal_count=6300 6132 6005 5991 5897 5855 1892 57 46 1835 988 579 213 366 27
is_linear=0
shrinkage=0.03


Tree=116
num_leaves=16
num_cat=0
split_feature=5 4 12 10 4 6 16 16 6 5 16 10 10 10 10
split_gain=5.10922 3.73555 3.6196 3.61566 3.67661 15.7505 10.7542 6.92772 6.12683 5.04818 8.50308 7.85966 13.6023 15.302 8.42697
threshold=27.500000000000004 9.6574074074074101 1.0000000180025095e-35 -9.1350585052644827e-14 9.7864583333333339 0.005251877105673851 79.679895833333333 67.880225694444462 0.0084603156529290315 14.500000000000002 75.612129629629649 -1.8457954561541431e-14 -1.3171640396441542e-14 -1.5588461886713972e-14 -3.8779266549576675e-15
decision_type=2 2 2 2 2 2 2 2 2 2 2 2 2 2 2
left_child=1 -1 3 -3 5 -5 -7 -6 -8 11 -11 -9 13 -13 -14
right_child=-2 2 -4 4 7 6 8 9 -10 10 -12 12 14 -15 -16
leaf_value=-0.032337311900070061 0.031688022084385745 0.030853194097561529 0.038478626311096373 -0.015458094382926816 0.046903426415498765 -0.010042449015709722 0.14117141561634419 -0.023699891104650036 0.051272146507775604 -0.0085349549379204765 0.0018365422181084729 0.0035956395651478468 -0.026002156900782128 0.07494746107197367 0.0001259157166209968
leaf_weight=3.2532738596200934 4.5337502453476182 3.3473397251218548 2.1804047226905814 5.3020012378692609 2.7395924478769293 1.2296270504593851 1.3826268464326861 20.957859270274639 1.3469794429838655 84.827574303373694 441.02125013433397 9.0497759692370874 17.957891039550304 3.8584088236093512 29.132218237966299
leaf_count=50 160 125 14 65 16 14 11 268 10 978 3871 90 246 19 363
internal_value=-4.46512e-05 -0.000273891 -0.000106815 -0.000242042 -0.000410247 0.0183499 0.0636238 -0.000695283 0.0968088 -0.000910181 0.000163459 -0.00788398 -0.00235937 0.0249235 -0.00983807
internal_weight=632.121 627.587 624.334 622.153 618.806 9.26123 3.95923 609.545 2.72961 606.805 525.849 80.9562 59.9983 12.9082 47.0901
internal_count=6300 6140 6090 6076 5951 100 35 5851 21 5835 4849 986 718 109 609
is_linear=0
shrinkage=0.03


Tree=117
num_leaves=16
num_cat=0
split_feature=6 4 10 8 7 6 4 10 10 10 2 7 1 3 7
split_gain=4.95445 3.61648 3.55125 3.6022 9.96135 13.6873 11.3426 8.84541 14.1946 9.10289 13.4135 12.2483 10.6544 9.99665 8.79665
threshold=0.071741382505352544 9.6574074074074101 -9.1350585052644827e-14 2628.0000000000005 9.7864583333333339 0.005251877105673851 10.318865740740742 -6.177551301165397e-15 -6.8592978434315588e-15 1.2104048763225338e-14 -0.013162496064943506 9.9149305555555571 3.8500000000000019 1.7550347222222225 15.74479166666667
decision_type=2 2 2 2 2 2 2 2 2 2 2 2 2 2 2
left_child=1 -1 -3 7 5 -5 -6 8 14 11 -11 -9 -12 -14 -4
right_child=-2 2 3 4 6 -7 -8 9 -10 10 12 -13 13 -15 -16
leaf_value=-0.032263252074617166 0.030969328175703019 0.030833619590515129 -0.0047512873738593366 -0.00022920586596926912 -0.021096642369793743 0.086380438823400588 0.0022156497784515906 0.12330600017491306 0.064266029944465161 0.066906669678719694 0.050515614352490475 -0.013179190493795647 -0.022178805484570029 0.085716786365068409 0.012008846329668674
leaf_weight=3.1642627939581862 4.6020576357841483 3.3202294409275046 85.782558524981141 3.7244586963206521 19.871738474816084 2.9373600631952286 343.11103694885969 0.59523523598909278 3.2476791292428961 3.1688320636749294 2.8538484051823607 101.40017352066934 10.576488286256787 0.833764763548971 41.975236704573035
leaf_count=50 168 127 920 41 225 21 2975 5 25 15 21 1278 124 12 293
internal_value=-4.43922e-05 -0.000272186 -0.000109805 -0.000275492 0.00160658 0.0379591 0.000939403 -0.00305346 0.00232977 -0.00895853 0.0110752 -0.0123827 -0.00132797 -0.0142947 0.000755309
internal_weight=631.165 626.563 623.399 620.078 369.645 6.66182 362.983 250.434 131.005 119.428 17.4329 101.995 14.2641 11.4103 127.758
internal_count=6300 6132 6082 5955 3262 62 3200 2693 1238 1455 172 1283 157 136 1213
is_linear=0
shrinkage=0.03


Tree=118
num_leaves=16
num_cat=0
split_feature=7 6 3 1 2 4 10 6 8 10 8 4 2 7 1
split_gain=4.81737 4.46518 3.59241 4.10672 5.58071 11.3854 7.67328 11.242 13.7207 7.62137 7.16955 7.53444 10.0934 11.98 11.8279
threshold=21.348958333333339 0.0067595898164087989 1.8163194444444446 6.8500000000000005 -0.007564674467567303 10.903356481481483 -1.0364007625571203e-14 0.0028358640491004485 3533.5000000000005 -4.1501528847619061e-14 1681.0000000000002 19.33969907407408 -0.013162496064943506 12.157986111111112 4.6000000000000005
decision_type=2 2 2 2 2 2 2 2 2 2 2 2 2 2 2
left_child=2 -2 3 4 5 -1 7 9 -9 -7 -8 12 -12 -14 -15
right_child=1 -3 -4 -5 -6 6 10 8 -10 -11 11 -13 13 14 -16
leaf_value=-0.016516553987997954 0.005546883537249264 0.037013992567364117 0.017652568401656649 -0.021799353406058142 -0.0018178503041241603 0.047701776304374707 -0.031663594268765693 0.0065619444594744994 0.099106817281833376 -0.0212784971602651 0.038641525458432212 -0.026034777062695056 -0.028151760310751041 0.039391131559756536 -0.0045141079600500723
leaf_weight=16.758714616298676 14.371118005365135 5.6557578891515723 9.6360207796096784 8.2749693468213064 493.85624410398304 1.5742911566048885 2.5759333819150916 6.9842400364577752 1.8169094063341615 17.094688232988123 20.287409186363217 3.0602176822721949 5.6537921875715318 12.957661241292955 9.6237124279141408
leaf_count=212 82 161 170 107 4831 21 39 62 15 158 156 28 69 101 88
internal_value=-4.44753e-05 0.0144335 -0.000519679 -0.000811274 -0.000518023 0.00600646 0.0106305 -0.00228446 0.0256669 -0.0154616 0.0171812 0.0196204 0.0224998 0.0109017 0.0206796
internal_weight=630.182 20.0269 610.155 600.519 592.244 98.3876 81.6289 27.4701 8.80115 18.669 54.1587 51.5828 48.5226 28.2352 22.5814
internal_count=6300 243 6057 5887 5780 949 737 256 77 179 481 442 414 258 189
is_linear=0
shrinkage=0.03


Tree=119
num_leaves=16
num_cat=0
split_feature=5 6 7 7 15 10 9 8 7 8 10 10 1 4 10
split_gain=4.65698 3.66136 6.98393 8.01044 7.85018 12.3009 9.42651 12.1832 9.56479 10.2413 7.83724 8.71593 8.53482 8.46007 7.71576
threshold=27.500000000000004 0.0073654768841944279 10.18229166666667 11.914930555555557 13.080960648148151 1.3156065161101083e-14 2571.58275462963 3054.0000000000005 13.592013888888891 3606.5000000000005 -7.6968159752068088e-15 -4.4365947357783763e-14 6.1000000000000005 9.8877314814814827 -4.0152925036961259e-15
decision_type=2 2 2 2 2 2 2 2 2 2 2 2 2 2 2
left_child=1 -1 10 -4 6 -6 -5 -8 -9 -10 11 -3 13 -13 -11
right_child=-2 2 3 4 5 -7 7 8 9 14 -12 12 -14 -15 -16
leaf_value=-0.0016461641672327258 0.031627868149621909 -0.030348733291759487 -0.011528460823901321 -0.0043408220148502125 0.0052267184720242773 -0.029067362794082799 0.095753621337239678 0.074043310906643595 -0.027668319009437139 0.060124047840626908 -0.021664129652224723 -0.017326367205059489 0.1190530012259314 0.057290001645670018 -0.010916930714853933
leaf_weight=457.25482571311295 4.1506387386471024 1.4291742686182249 32.075557492673397 8.5236207470297831 89.790344074368477 10.515707693994043 2.490799479186534 2.6262829396873704 3.9701846055686456 3.8161015547811967 2.5057463832199565 1.9036556705832461 1.3439447060227392 4.8562308289110661 2.1518231481313723
leaf_count=4544 160 17 367 83 840 102 15 17 29 22 32 26 8 25 13
internal_value=-4.43962e-05 -0.000254647 0.00353274 0.00183332 0.00529287 0.00163146 0.0208688 0.0351415 0.0231256 0.00966983 0.0255485 0.0379583 0.0500048 0.0362772 0.0345092
internal_weight=629.405 625.254 167.999 155.96 123.885 100.306 23.5788 15.0552 12.5644 9.93811 12.0388 9.53301 8.10383 6.75989 5.96792
internal_count=6300 6140 1596 1488 1121 942 179 96 81 64 108 76 59 51 35
is_linear=0
shrinkage=0.03


Tree=120
num_leaves=16
num_cat=0
split_feature=6 12 10 3 14 0 10 3 10 5 8 8 10 7 10
split_gain=4.52823 3.5193 3.49039 3.51602 3.48995 3.59313 7.73936 7.66908 7.45338 7.17874 9.09036 11.7926 9.55754 8.34229 7.4873
threshold=0.071741382505352544 1.0000000180025095e-35 -9.1350585052644827e-14 1.9423611111111116 12.160000000000002 1.5485532407407412 -4.1501528847619061e-14 1.7178819444444446 -4.5367928673025246e-14 17.500000000000004 3092.5000000000005 3019.5000000000005 -2.8833203368255315e-14 12.765625000000002 -1.7409572065905028e-14
decision_type=2 2 2 2 2 2 2 2 2 2 2 2 2 2 2
left_child=1 2 -1 4 -4 -6 7 8 -7 10 11 14 13 -12 -8
right_child=-2 -3 3 -5 5 6 9 -9 -10 -11 12 -13 -14 -15 -16
leaf_value=0.03080531469547728 0.030902827225781249 0.038189274518968912 0.032524642878588736 0.030917025152675255 0.00053160074853622261 -0.012540182972061885 -0.019481888012195716 0.076606237745802511 0.060119479264847453 -0.01350412229048455 -0.0065842851678888795 0.066562575753333644 -0.017266797893536148 0.081068987819474192 0.0098133874135988442
leaf_weight=3.2123222332447758 4.2267727162688962 2.1359097287058821 2.8306722193956366 3.1799802090972653 447.98792494833469 4.5309427529573432 9.7764846831560117 1.8997260779142378 1.7657722756266583 67.614191256463528 2.2178501337766643 2.8726809844374648 32.915269739925861 1.7469499409198759 39.884927853941917
leaf_count=127 168 14 42 114 3963 35 118 8 11 844 24 20 401 10 401
internal_value=-4.40353e-05 -0.000253467 -0.000385385 -0.000547192 -0.000709608 -0.000863022 -0.00464438 0.0237749 0.00783559 -0.00612779 -0.000549867 0.00746477 -0.0119664 0.0320371 0.00404624
internal_weight=628.798 624.572 622.436 619.223 616.043 613.213 165.225 8.19644 6.29672 157.028 89.4142 52.5341 36.8801 3.9648 49.6614
internal_count=6300 6132 6118 5991 5877 5835 1872 54 46 1818 974 539 435 34 519
is_linear=0
shrinkage=0.03


Tree=121
num_leaves=16
num_cat=0
split_feature=5 4 12 1 1 2 17 6 10 4 4 10 8 8 8
split_gain=4.39209 3.47548 3.35895 3.37801 3.44846 4.71813 4.14854 4.1141 7.36927 11.157 18.0802 13.6992 11.9608 12.6753 12.4369
threshold=27.500000000000004 9.6574074074074101 1.0000000180025095e-35 8.0000000000000018 6.8500000000000005 -0.022508986441079074 0.74363425925925941 0.0073654768841944279 -6.532337423504455e-15 15.695601851851853 13.914930555555557 1.7638539448601268e-14 2572.0000000000005 3279.5000000000005 1746.5000000000002
decision_type=2 2 2 2 2 2 2 2 2 2 2 2 2 2 2
left_child=1 -1 3 4 5 6 -3 -7 -9 10 -10 12 14 -14 -12
right_child=-2 2 -4 -5 -6 7 -8 8 9 -11 11 -13 13 -15 -16
leaf_value=-0.032170546452717427 0.031593575459729586 0.013553756778832231 0.037894971984168552 0.034070722910765648 -0.018266176705506905 -0.0018713505028943784 0.074256505851523422 0.0098687982339696959 -0.0064446422850012852 -0.026166495914441389 0.0805217940169137 -0.037593136848166196 0.095180201758493135 0.0076459952791264451 -0.013602863817016747
leaf_weight=3.053387973457574 3.9246209450066081 5.0904859602451316 2.0886377394199362 2.5757136195898047 9.5268455073237401 436.12868045642972 1.2650726959109304 84.531095309183002 48.818329926580191 14.992485407739876 1.7402132116258124 2.2706222757697097 4.9555438682436943 2.128227524459362 4.6113299205899239
leaf_count=50 160 40 14 94 128 4271 7 740 493 152 17 24 34 20 56
internal_value=-4.34629e-05 -0.000242514 -8.54574e-05 -0.000213687 -0.000357029 -7.57283e-05 0.0256366 -0.000348009 0.00370186 -0.00285396 0.00256281 0.0305604 0.0420786 0.0688817 0.0121857
internal_weight=627.701 623.777 620.723 618.635 616.059 606.532 6.35556 600.177 164.048 79.5168 64.5243 15.7059 13.4353 7.08377 6.35154
internal_count=6300 6140 6090 6076 5982 5854 47 5807 1536 796 644 151 127 54 73
is_linear=0
shrinkage=0.03


Tree=122
num_leaves=16
num_cat=0
split_feature=7 6 9 10 8 10 5 17 9 4 15 4 10 1 10
split_gain=4.32012 4.22353 3.41012 10.1179 9.31061 11.623 17.6521 14.1536 9.20469 16.4205 14.5816 10.8004 9.17977 8.79948 8.75826
threshold=21.348958333333339 0.0067595898164087989 2628.0000000000005 -1.0873269802499943e-14 1589.5000000000002 -1.5588461886713972e-14 14.500000000000002 0.68229166666666674 2328.5000000000005 14.421296296296299 13.20752314814815 12.01041666666667 -1.4457661589187166e-14 3.7999999999999994 -1.0950071282200691e-14
decision_type=2 2 2 2 2 2 2 2 2 2 2 2 2 2 2
left_child=2 -2 3 4 -1 8 -7 14 10 -10 -6 -12 -9 -11 -8
right_child=1 -3 -4 -5 5 6 7 12 9 13 11 -13 -14 -15 -16
leaf_value=0.03230562664128115 0.0054263764627160904 0.036940139650930341 0.0013503994380452797 -0.0079643127973151213 -0.027365989531244153 0.068272549546900069 -0.033895357977101609 -0.034511853736696942 -0.021719556453498188 -0.033293299809321969 0.086736715501423589 -0.006826170399256903 0.031991721509176549 0.04160338125913942 0.052071047851610153
leaf_weight=9.7903608493506891 14.355680998414757 5.2190193124115458 363.59598123840988 152.49861152097583 24.923890002071861 4.8781081959605244 8.3404376357793844 2.1550761386752155 9.5340739637613314 1.6393420137464989 1.8517789244651783 2.7734433468431234 14.024807203561066 10.171644618734716 1.2230041176080675
leaf_count=146 82 161 3283 1860 276 27 105 19 120 20 11 34 80 66 10
internal_value=-4.32399e-05 0.0138286 -0.000490288 -0.00323538 0.00466285 0.00134284 0.0159471 0.00603197 -0.00744411 0.00756708 -0.0182876 0.0306332 0.0231338 0.0312079 -0.0229017
internal_weight=626.975 19.5747 607.401 243.805 91.306 81.5156 30.6214 25.7433 50.8942 21.3451 29.5491 4.62522 16.1799 11.811 9.56344
internal_count=6300 243 6057 2774 914 768 241 214 527 206 321 45 99 86 115
is_linear=0
shrinkage=0.03


Tree=123
num_leaves=16
num_cat=0
split_feature=6 4 16 14 1 10 1 10 10 5 17 6 3 3 17
split_gain=4.14005 3.34995 3.32419 9.6364 9.03319 8.63454 14.3463 16.655 13.3094 10.8347 12.7866 16.821 9.09147 9.95653 8.45903
threshold=0.071741382505352544 9.6574074074074101 82.291886574074098 12.480000000000002 4.4000000000000012 3.8741847777034414e-15 5.4000000000000012 7.9994930928913586e-15 -1.9554507755786809e-15 20.500000000000004 0.62905092592592604 -0.0040388750092097475 1.4053819444444449 1.4876736111111113 0.70775462962962976
decision_type=2 2 2 2 2 2 2 2 2 2 2 2 2 2 2
left_child=1 -1 4 -4 -3 8 9 -8 12 10 -7 -12 -6 -14 -5
right_child=-2 2 3 14 5 6 7 -9 -10 -11 11 -13 13 -15 -16
leaf_value=-0.032095711543737658 0.030842755535784923 -0.0068507502704370365 0.062114064949946292 0.016951428309384758 -0.022343924058690828 0.011193203973743886 0.02983330538581859 -0.020304146467721794 -0.026194786186191098 -0.033677237110725816 0.0068448236259435668 0.080321630184475259 0.028852424792950887 0.0013626783887644624 8.4794291314993882e-06
leaf_weight=2.9561635777354232 3.8817062173038712 173.87475039437413 2.4043545909225932 29.65308522619307 11.444474337622522 10.831755183637148 9.2277337070554513 16.854232372716069 16.962127517908812 2.2616155445575705 4.2205472141504279 8.3553630262613279 14.394178554415701 67.298274544999003 251.0622025616467
leaf_count=50 168 1991 26 271 100 96 99 193 234 25 28 59 121 699 2140
internal_value=-4.32335e-05 -0.000236045 -8.38543e-05 0.00231046 -0.00210299 0.00299749 0.0131043 -0.00256564 -0.00175316 0.0290262 0.0350845 0.0556624 0.00269816 0.00620636 0.00179823
internal_weight=625.683 621.801 618.845 283.12 335.725 161.85 51.7512 26.082 110.099 25.6693 23.4077 12.5759 93.1369 81.6925 280.715
internal_count=6300 6132 6082 2437 3645 1654 500 292 1154 208 183 87 920 820 2411
is_linear=0
shrinkage=0.03


Tree=124
num_leaves=16
num_cat=0
split_feature=5 9 8 16 6 8 2 3 16 2 8 1 10 10 7
split_gain=4.03919 5.07258 6.8493 6.70793 7.80421 4.90176 6.57741 3.41728 17.7845 10.1263 18.3848 8.94866 7.44483 10.5421 12.9804
threshold=23.500000000000004 2444.6053240740744 2678.5000000000005 84.561562500000008 0.0090895339776779615 2210.5000000000005 0.00093466801519100074 1.3463541666666672 89.671689814814826 -0.0051365325063574821 3925.5000000000005 5.950000000000002 -3.6869847417112602e-14 -3.7857473522100997e-15 15.505208333333334
decision_type=2 2 2 2 2 2 2 2 2 2 2 2 2 2 2
left_child=7 5 -3 4 -4 6 -2 9 -9 10 12 -11 -1 14 -14
right_child=1 2 3 -5 -6 -7 -8 8 -10 11 -12 -13 13 -15 -16
leaf_value=0.051254360150233491 0.05475824040869208 0.059382720722426306 -0.038386540929458035 0.036967171353728255 0.041350796980671824 -0.029563688078514685 -0.017208504112381721 0.00055852854508571309 0.10044228156069097 -0.0095705277174988716 0.13060894514577084 0.055553095250333799 -0.024881216368471893 0.01801947152649068 0.023352102922770863
leaf_weight=2.914140358567237 2.1101098228245991 3.6213948577642432 3.4468128308653814 4.6811504941433668 1.6257707197219131 4.0196845568716526 2.4937230683863163 427.49978923611343 1.6103777717798937 123.26829565130174 1.0687303468585003 1.9287055823951949 17.814294740557671 19.920379195362333 6.9926544949412337
leaf_count=34 45 25 22 54 65 35 28 4449 18 1102 7 16 186 171 43
internal_value=-4.36992e-05 0.012583 0.0241503 0.0110691 -0.0128306 -0.00535791 0.0157766 -0.000504333 0.000933375 -0.00405183 0.00755396 -0.00856727 0.00479349 0.0017664 -0.0112851
internal_weight=625.016 21.9986 13.3751 9.75373 5.07258 8.62352 4.60383 603.017 429.11 173.907 48.7102 125.197 47.6415 44.7273 24.8069
internal_count=6300 274 166 141 87 108 73 6026 4467 1559 441 1118 434 400 229
is_linear=0
shrinkage=0.03


Tree=125
num_leaves=16
num_cat=0
split_feature=5 12 1 10 15 5 16 2 17 3 15 10 3 10 10
split_gain=3.905 3.26563 3.24694 3.24332 3.21541 6.20436 6.06201 5.78321 3.68911 3.87735 4.77451 15.4452 14.5031 11.8157 9.14228
threshold=27.500000000000004 1.0000000180025095e-35 8.0000000000000018 -9.1350585052644827e-14 12.964872685185187 15.500000000000002 93.068686342592613 -0.006716968410147863 0.84085648148148162 1.0897569444444446 13.024971064814816 -1.2316656111445453e-14 1.3748263888888892 -2.3115276591407293e-14 -2.9704374744497782e-14
decision_type=2 2 2 2 2 2 2 2 2 2 2 2 2 2 2
left_child=1 2 3 -1 5 -5 8 -7 9 -6 11 13 -13 14 -11
right_child=-2 -3 -4 4 6 7 -8 -9 -10 10 -12 12 -14 -15 -16
leaf_value=0.030754591605653667 0.031598731201409866 0.037654996616597242 0.034011666972712122 0.048460262983953062 -0.022885532313038363 0.032287520534056993 -0.034695346503750529 -0.025023087064776947 0.036738237640671481 0.035977602066245361 -0.0012496036630293564 -0.011277375419958609 0.063987975816578585 0.066565029775628448 -0.034908475026141507
leaf_weight=2.9768431074917308 3.4905773997306815 2.0419493690133086 2.4656399358063927 3.4970882777124626 7.0667149536311618 2.7220767959952354 4.7435680218040934 3.7925331927835941 2.3661057725548735 4.3834731429815292 550.2335667964071 23.303135752677921 2.5569991394877425 6.1222449466586095 2.6139285787940025
leaf_count=125 160 14 94 19 73 19 48 24 15 24 5422 195 15 31 22
internal_value=-4.33873e-05 -0.000221277 -0.000346254 -0.000483693 -0.000635293 0.0162268 -0.000915076 -0.00107632 -0.000647407 -0.000795758 -0.000530825 0.00961537 -0.00383529 0.036128 0.00949761
internal_weight=624.376 620.886 618.844 616.378 613.401 10.0117 603.39 6.51461 598.646 596.28 589.213 38.9798 25.8601 13.1196 6.9974
internal_count=6300 6140 6126 6032 5907 62 5845 43 5797 5782 5709 287 210 77 46
is_linear=0
shrinkage=0.03


Tree=126
num_leaves=16
num_cat=0
split_feature=6 10 10 1 0 1 5 8 9 10 10 10 16 10 7
split_gain=3.78633 6.46192 9.41889 10.6962 9.10374 8.5738 8.24093 8.54693 9.78938 17.6319 19.3327 17.3875 15.7308 12.9501 14.7092
threshold=0.0073654768841944279 1.1599327130195827e-14 7.0475468602841363e-15 4.450000000000002 1.391493055555556 5.4000000000000012 13.500000000000002 3704.0000000000005 2466.5000000000005 -4.998512130797359e-15 -3.621289559427209e-16 5.7738841096248958e-15 82.3537326388889 -2.3462785291215444e-15 13.720486111111112
decision_type=2 2 2 2 2 2 2 2 2 2 2 2 2 2 2
left_child=1 2 6 -4 -5 -3 -1 8 -8 -10 13 -12 -13 14 -11
right_child=-2 5 3 4 -6 -7 7 -9 9 10 11 12 -14 -15 -16
leaf_value=-0.019117144401529847 0.0037701221662768979 0.011514693630287213 -0.027929298532352622 0.066786590370054036 -0.0068011132994337999 -0.01963856308772087 -0.0053705056725640828 -0.016762394684292178 -0.0011764076261159778 0.0041077723043427645 -0.012038927171388552 0.068556539478633508 -0.0033009310994116005 0.076483275780687962 0.053477643204142604
leaf_weight=22.458233462646604 170.36167880520225 57.080882020294666 25.018178317695856 2.0329276248812667 5.916557714343071 9.2374476324766857 125.06093691661954 26.255384102463722 118.7990247271955 11.991184212267404 22.246697973459959 5.7164036240428668 5.2693250328302383 5.9173861611634484 9.9283989556133729
leaf_count=321 1753 483 280 15 74 101 1404 303 1043 104 229 33 36 53 68
internal_value=-4.24179e-05 -0.00147644 -0.00296055 -0.0182969 0.0120175 0.00717537 -0.00153085 -0.000338293 0.00107587 0.00555799 0.0186585 0.00321002 0.03409 0.0371012 0.0264697
internal_weight=623.291 452.929 386.611 32.9677 7.94949 66.3183 353.643 331.185 304.929 179.868 61.0694 33.2324 10.9857 27.837 21.9196
internal_count=6300 4547 3963 369 89 584 3594 3273 2970 1566 523 298 69 225 172
is_linear=0
shrinkage=0.03


Tree=127
num_leaves=16
num_cat=0
split_feature=5 16 8 15 17 8 2 10 8 10 10 10 3 8 8
split_gain=3.7749 3.20226 5.0734 4.56595 3.65782 12.8076 14.7569 18.4144 12.0111 11.2128 13.027 14.5241 17.8205 16.0453 13.6649
threshold=27.500000000000004 68.721105324074088 3187.0000000000005 13.283043981481482 0.67303240740740755 3925.5000000000005 -0.0041097618425664758 -1.7840803720575218e-14 3799.5000000000005 3.8741847777034414e-15 8.3979360615191395e-15 1.2603671822465569e-14 1.5532986111111113 2201.0000000000005 3764.0000000000005
decision_type=2 2 2 2 2 2 2 2 2 2 2 2 2 2 2
left_child=1 2 3 -1 9 8 -7 -8 -6 -3 -11 -12 14 -14 -13
right_child=-2 4 -4 -5 5 6 7 -9 -10 10 11 12 13 -15 -16
leaf_value=0.053319461394761035 0.031572429726229284 -0.0082347277793557768 -0.033892652010754434 -0.013563582423097353 0.001531359162384131 0.10366254632328582 0.10404957673719822 -0.017755614461658499 -0.02695310181218746 0.024697053647250142 -0.024749819543318528 0.055992864752101981 0.050001829854879387 -0.020260352711983235 -0.033871879628160767
leaf_weight=3.4786354657262555 3.380470046773552 148.00143818370998 1.1794962659478185 1.2482755854725835 372.82921056449413 2.2621229961514473 1.5018930435180662 4.3592384755611402 13.816982002928851 23.229874465614557 17.18408452346921 8.9556417614221591 3.5841254536062506 15.90926714800298 1.8349264785647381
leaf_count=23 160 1743 15 12 3408 12 9 34 149 238 212 65 29 172 19
internal_value=-4.33011e-05 -0.000215856 0.0217682 0.0356571 -0.000427515 0.00129669 0.0385766 0.0134565 0.000513454 -0.00353984 0.00628861 -0.0027201 0.00978026 -0.00734169 0.0407114
internal_weight=622.756 619.375 5.90641 4.72691 613.469 394.769 8.12325 5.86113 386.646 218.699 70.6979 47.468 30.284 19.4934 10.7906
internal_count=6300 6140 50 35 6090 3612 55 43 3557 2478 735 497 285 201 84
is_linear=0
shrinkage=0.03


Tree=128
num_leaves=16
num_cat=0
split_feature=5 4 16 14 1 17 4 16 8 16 10 10 1 10 5
split_gain=3.659 3.199 3.11533 9.04079 8.27166 8.02863 18.3313 10.3408 8.45121 7.55371 7.40797 12.7739 12.4553 14.5949 9.57335
threshold=27.500000000000004 9.6574074074074101 82.291886574074098 12.480000000000002 4.4000000000000012 0.70775462962962976 15.656828703703704 83.971875000000026 1711.0000000000002 83.049444444444447 3.8741847777034414e-15 -1.9554507755786809e-15 5.4000000000000012 7.9994930928913586e-15 20.500000000000004
decision_type=2 2 2 2 2 2 2 2 2 2 2 2 2 2 2
left_child=1 -1 4 -4 -3 6 7 8 -5 -7 11 -6 14 -14 -12
right_child=-2 2 3 5 10 9 -8 -9 -10 -11 12 -13 13 -15 -16
leaf_value=-0.032009934440672315 0.031539332428747881 -0.0066006868420517987 0.061339001145127393 0.062440311033820813 0.0027310257219740463 -0.023595135755582385 0.061662014107061097 0.078506001740471829 -0.0063660550111774815 0.001155973489697706 0.032146662541601811 -0.025912673076512901 0.026937218210415618 -0.019756971843997724 -0.033503994199247739
leaf_weight=2.8343124315142623 3.2839528918266288 172.22565040364861 2.31183037161827 1.7433859352022505 92.938540119677782 11.640129597857593 6.3535830322653046 1.5781873613595951 20.474665148183703 237.9188578594476 24.10007888823748 16.49985957890749 9.5216264799237269 16.40270946547389 2.1798907481133929
leaf_count=50 160 1993 26 10 921 95 46 14 204 2047 183 234 99 193 25
internal_value=-4.37426e-05 -0.000211374 -6.50373e-05 0.00225646 -0.00202602 0.00176814 0.016391 0.0043037 -0.000967019 1.51249e-06 0.00284815 -0.00158754 0.0121469 -0.00260688 0.026701
internal_weight=622.007 618.723 615.889 282.021 333.868 279.709 30.1498 23.7962 22.2181 249.559 161.643 109.438 52.2043 25.9243 26.28
internal_count=6300 6140 6090 2442 3648 2416 274 228 214 2142 1655 1155 500 292 208
is_linear=0
shrinkage=0.03


Tree=129
num_leaves=16
num_cat=0
split_feature=5 15 9 8 2 1 8 2 3 16 2 8 1 15 9
split_gain=3.56555 4.79947 3.39694 7.19793 4.8136 3.80521 3.74988 5.19091 3.35202 15.7196 9.48592 14.0981 8.1581 7.26308 6.99906
threshold=23.500000000000004 13.077199074074075 2444.6053240740744 2817.0000000000005 -0.0026539862959564313 3.7999999999999994 2346.0000000000005 0.00093466801519100074 1.3463541666666672 89.671689814814826 -0.0051365325063574821 3925.5000000000005 6.0500000000000016 13.105787037037038 2315.5000000000005
decision_type=2 2 2 2 2 2 2 2 2 2 2 2 2 2 2
left_child=8 -2 6 -4 -5 -6 7 -3 10 -10 11 14 13 -12 -1
right_child=1 2 3 4 5 -7 -8 -9 9 -11 12 -13 -14 -15 -16
leaf_value=-0.012760099284894811 0.043873615534642113 0.047495916935445713 0.054304429218940957 0.03704118432631754 -0.031272999551863995 0.034600246753056854 -0.036766062155024447 -0.016532392095568452 0.00059240240854849669 0.092863888955665441 -0.0032669525040094523 0.10809205441584209 0.061501412134210717 -0.018165165587772366 0.012281202953309447
leaf_weight=14.453115841373799 3.5459036771208075 1.7812123689800525 3.2020220626145584 2.145219018682841 3.6934768147766555 1.0037007965147493 2.8307532146573067 3.1634802017360926 425.5773136280477 1.6681979782879341 73.339764464646578 1.2160900980234135 1.484553949907421 49.212792214006186 32.939618580043316
leaf_count=169 60 40 28 27 28 38 20 33 4449 18 604 7 11 503 265
internal_value=-4.39381e-05 0.0119988 0.00565618 0.0171804 -0.000192381 -0.0171971 -0.00923101 0.00653234 -0.000472854 0.00095268 -0.00400061 0.00723253 -0.00840276 -0.00924955 0.00464449
internal_weight=621.257 21.3658 17.8199 10.0444 6.8424 4.69718 7.77545 4.94469 599.891 427.246 172.646 48.6088 124.037 122.553 47.3927
internal_count=6300 274 214 121 93 66 93 73 6026 4467 1559 441 1118 1107 434
is_linear=0
shrinkage=0.03


Tree=130
num_leaves=16
num_cat=0
split_feature=5 12 10 0 1 2 6 15 4 7 0 2 10 8 10
split_gain=3.44906 3.13082 3.13225 3.16285 3.72549 4.67774 3.89277 6.68102 12.8771 12.5916 8.79468 8.91954 14.5578 13.6478 18.4575
threshold=27.500000000000004 1.0000000180025095e-35 -9.1350585052644827e-14 1.81712962962963 6.8500000000000005 -0.022508986441079074 0.0067595898164087989 13.210497685185187 9.7540509259259274 12.157986111111112 1.6359375000000003 0.001560057334610407 -6.532337423504455e-15 3606.5000000000005 -1.7957239251065824e-14
decision_type=2 2 2 2 2 2 2 2 2 2 2 2 2 2 2
left_child=1 2 -1 4 5 -4 -7 8 -8 -10 11 12 13 14 -11
right_child=-2 -3 3 -5 -6 6 7 -9 9 10 -12 -13 -14 -15 -16
leaf_value=0.030736451074190783 0.031534497494606697 0.037389099061066342 0.025260156367536802 0.0297656935756993 -0.019867222405473259 -0.0022371867681414931 0.09203340955660741 0.015974744191278572 -0.016431440735926398 -0.0060930811880410456 -0.025898750492304824 -0.0050266706725234983 -0.00039823337673827871 0.067192528086766026 0.04210991968089707
leaf_weight=2.9083816669881335 3.0974572878330937 1.9876339808106411 6.3566384650766841 3.0978743415325871 8.9222992379218322 410.44834783673286 1.370683729648589 29.967992451041937 33.976834911853075 14.315269831568003 8.095077518373726 39.069859096780419 36.61055925861001 6.1652569249272338 14.282249536365271
leaf_count=125 160 14 47 110 120 4005 8 290 394 116 98 331 343 37 102
internal_value=-4.3368e-05 -0.000201747 -0.000323122 -0.000470562 -0.000624222 -0.000338382 -0.000612184 0.00301559 0.000491901 -0.000330801 0.00428415 0.00649645 0.0128042 0.0267084 0.0179806
internal_weight=620.672 617.575 615.587 612.679 609.581 600.659 594.302 183.854 153.886 152.515 118.538 110.443 71.3733 34.7628 28.5975
internal_count=6300 6140 6126 6001 5891 5771 5724 1719 1429 1421 1027 929 598 255 218
is_linear=0
shrinkage=0.03


Tree=131
num_leaves=16
num_cat=0
split_feature=6 4 8 1 10 8 7 15 2 0 9 10 2 1 2
split_gain=3.3509 3.08876 3.0743 8.33372 10.4798 9.25059 9.18413 14.6803 9.99736 9.99035 6.45303 15.6156 13.9413 9.46036 6.01507
threshold=0.071741382505352544 9.6574074074074101 3712.0000000000005 5.200000000000002 3.9172649979356755e-14 3792.5000000000005 10.779513888888891 13.184953703703705 0.001928328387999908 1.6156828703703707 3682.0000000000005 6.3102686309897374e-15 -0.0097818248391929371 3.4000000000000008 8.4171137560643246e-05
decision_type=2 2 2 2 2 2 2 2 2 2 2 2 2 2 2
left_child=1 -1 10 4 -4 -5 7 -7 9 -8 -3 12 -12 14 -14
right_child=-2 2 3 5 -6 6 8 -9 -10 -11 11 -13 13 -15 -16
leaf_value=-0.031943373829795792 0.030716520523421394 0.00014199843646670819 -0.016359546587861071 -0.033683563362234749 0.057317668319994373 -0.027975721562610353 0.050023544798438187 0.13144198952162178 -0.025560882220075184 -0.014887154146612097 0.072681434665533548 0.092213623505489783 0.05566555182130415 -0.034923680382276334 -0.018605692785930265
leaf_weight=2.7467367127537718 3.1711315922439089 534.60501063242555 43.188928671181202 3.6046686545014408 1.8103530406951893 0.80261481739580931 6.2971971333026868 1.4758176598697899 4.6692344285547724 3.2278190553188324 2.3249539881944647 2.29904955998063 2.4121487289667112 5.4893022999167442 1.6545504704117773
leaf_count=50 168 5285 486 40 11 13 38 15 53 41 12 13 15 48 12
internal_value=-4.31144e-05 -0.000201307 -5.92764e-05 -0.00622448 -0.0133955 0.00984781 0.0193737 0.0752845 0.010399 0.0280267 0.000671813 0.0206465 0.00679776 -0.00923159 0.025448
internal_weight=619.78 616.608 613.862 65.0766 44.9993 20.0774 16.4727 2.27843 14.1943 9.52502 548.785 14.18 11.881 9.556 4.0667
internal_count=6300 6132 6082 697 497 200 160 28 132 79 5385 100 87 75 27
is_linear=0
shrinkage=0.03


Tree=132
num_leaves=16
num_cat=0
split_feature=4 5 17 3 8 8 10 16 0 15 17 6 15 3 2
split_gain=3.29881 9.87522 8.30663 12.7592 11.2949 9.63085 9.09478 10.4354 13.9152 8.35538 12.3301 7.48468 7.33438 7.20211 6.53097
threshold=13.876736111111112 17.500000000000004 0.65451388888888895 1.6029513888888893 1746.5000000000002 1989.0000000000002 -1.9542183941460979e-14 79.599375000000023 1.2464699074074077 13.182233796296297 0.70891203703703709 0.0011703025472373882 13.176504629629632 1.1848958333333337 -0.007564674467567303
decision_type=2 2 2 2 2 2 2 2 2 2 2 2 2 2 2
left_child=-1 2 3 11 12 -6 -7 -8 -9 10 -10 -2 13 -4 -3
right_child=1 14 4 -5 5 6 7 8 9 -11 -12 -13 -14 -15 -16
leaf_value=-0.0019880325066162193 0.012712564159765103 0.011809872892467528 0.022417482447441808 0.003606861688590853 -0.033198755744489411 -0.015192159231477981 -0.035412488363250734 -0.034153351555799835 -0.0036885559260748007 0.095324565861473004 0.078146632984677292 0.096555212377815669 -0.032584933337495153 0.1021628486075498 -0.0021473660775383338
leaf_weight=346.09458519518375 1.307243974879382 35.671126071363688 1.8376653920859087 4.3588154725730419 5.7827626541256931 7.9253010023385313 2.1552935019135466 2.0610210299491873 3.6354062631726247 2.8030283153057098 3.0448924973607063 3.589581623673439 0.80034122616052616 2.2887441851198673 195.76701285690069
leaf_count=3700 13 345 13 38 70 71 19 22 31 17 19 26 11 14 1891
internal_value=-4.30397e-05 0.00242246 0.0158815 0.0409407 0.00870834 0.00119084 0.010387 0.0251847 0.036498 0.0518527 0.0336121 0.0741728 0.0505285 0.0666489 3.83697e-06
internal_weight=619.123 273.028 41.5901 9.25564 32.3345 27.4077 21.6249 13.6996 11.5443 9.48333 6.6803 4.89683 4.92675 4.12641 231.438
internal_count=6300 2600 364 77 287 249 179 108 89 67 50 39 38 27 2236
is_linear=0
shrinkage=0.03


Tree=133
num_leaves=16
num_cat=0
split_feature=5 9 8 16 6 8 2 7 3 16 2 8 1 10 10
split_gain=3.2707 4.64475 5.90647 6.22223 6.98282 4.38784 6.1794 3.21116 3.23361 14.4871 9.06382 12.6819 7.38042 6.61656 9.92383
threshold=23.500000000000004 2444.6053240740744 2678.5000000000005 84.561562500000008 0.0090895339776779615 2210.5000000000005 0.00093466801519100074 20.456597222222225 1.3463541666666672 89.671689814814826 -0.0051365325063574821 3925.5000000000005 5.950000000000002 -3.6869847417112602e-14 -3.7857473522100997e-15
decision_type=2 2 2 2 2 2 2 2 2 2 2 2 2 2 2
left_child=7 5 -3 4 -4 6 -2 8 10 -10 11 13 -12 -1 -15
right_child=1 2 3 -5 -6 -7 -8 -9 9 -11 12 -13 -14 14 -16
leaf_value=0.048328632804749382 0.054694754878499868 0.055402117744447123 -0.037860238074742016 0.0354726866143509 0.042836338114971576 -0.02933982813086667 -0.017338405769033477 -0.034063333548483038 0.00074555057708814289 0.088583669476661714 -0.0090933441215143712 0.10066248540793424 0.048291273209109566 -0.011092147749708308 0.017440850511188523
leaf_weight=2.9304177369922391 1.9289307687431589 3.6165712624788275 3.2869296446442586 4.4423657674342394 1.3662173636257646 3.8449234329164028 2.4121611248701811 2.5471336096525183 422.57202372327447 1.6966707706451405 120.51953520998359 1.2720358967781056 2.051460424438118 24.312382817268368 19.991148184984926
leaf_count=34 45 25 22 54 65 35 28 25 4428 18 1099 7 16 229 170
internal_value=-4.31844e-05 0.011623 0.0229725 0.0100778 -0.0141668 -0.0060017 0.014669 -0.000450951 -0.000307143 0.00109682 -0.00378895 0.00718789 -0.0081329 0.00467056 0.00178284
internal_weight=618.791 20.8981 12.7121 9.09551 4.65315 8.18602 4.34109 597.893 595.346 424.269 171.077 48.506 122.571 47.2339 44.3035
internal_count=6300 274 166 141 87 108 73 6026 6001 4446 1555 440 1115 433 399
is_linear=0
shrinkage=0.03


Tree=134
num_leaves=16
num_cat=0
split_feature=5 16 15 0 9 8 9 16 2 1 9 8 6 8 4
split_gain=3.17507 3.06167 3.60274 3.60036 6.01246 7.40828 13.1879 8.81162 8.0666 7.63772 7.86317 12.7769 6.98783 7.91 13.2051
threshold=27.500000000000004 68.721105324074088 13.279803240740742 1.5485532407407412 1910.5000000000002 2849.5000000000005 2699.06712962963 80.446307870370376 0.0014313335432030111 3.5499999999999994 2595.4270833333335 2135.0000000000005 0.0063413574996037782 2201.0000000000005 12.01041666666667
decision_type=2 2 2 2 2 2 2 2 2 2 2 2 2 2 2
left_child=1 2 -1 -3 -5 6 9 8 -8 10 11 -6 -11 14 -14
right_child=-2 3 -4 4 5 -7 7 -9 -10 12 -12 -13 13 -15 -16
leaf_value=0.035351780500596251 0.031571235543613012 0.00099009117344779412 -0.018026485135090267 -0.021101834276350314 0.1126638342289369 -0.0079428245980390378 0.094343266936720863 -0.0076694183627617268 0.022196243319944266 -0.011040277602099528 0.099127926154925522 -0.03215392648723514 0.10400913890549673 -0.0034432146351618767 0.0095899374263448446
leaf_weight=4.339059190824627 2.8460211353376499 447.59588857926428 1.5425855442881582 17.012696076184511 0.77461612597107832 85.010456718504429 3.113404417410492 2.2980873771011829 2.5266354568302631 32.099544512107968 1.3487636912614105 1.8767459690570829 1.9703357480466355 9.75479315407574 4.1219426617026329
leaf_count=36 160 4092 14 307 5 992 19 20 19 419 13 31 23 99 51
internal_value=-4.25803e-05 -0.000188787 0.0213522 -0.000396655 -0.00423033 -0.00224938 0.00583283 0.0418468 0.0620227 0.000329433 0.0401554 0.0101557 -0.0029932 0.0133068 0.0401265
internal_weight=618.232 615.386 5.88164 609.504 161.908 144.895 59.8849 7.93813 5.64004 51.9467 4.00013 2.65136 47.9466 15.8471 6.09228
internal_count=6300 6140 50 6090 1998 1691 699 58 38 641 49 36 592 173 74
is_linear=0
shrinkage=0.03


Tree=135
num_leaves=16
num_cat=0
split_feature=4 5 6 17 9 8 3 2 1 16 9 3 10 7 17
split_gain=3.12482 9.21608 7.3526 8.68321 12.7711 12.5328 11.9613 6.11643 8.74265 12.085 15.6272 8.79521 8.5762 16.8569 12.8823
threshold=13.876736111111112 17.500000000000004 0.0011703025472373882 0.65451388888888895 1747.0000000000002 2572.0000000000005 1.6144097222222227 -0.007564674467567303 6.4000000000000012 76.93453703703706 1898.3512731481485 1.2482638888888893 2.125285514897248e-15 14.951388888888891 0.67187500000000011
decision_type=2 2 2 2 2 2 2 2 2 2 2 2 2 2 2
left_child=-1 2 -2 5 -5 -4 -7 8 9 -3 -11 -12 13 -9 -15
right_child=1 7 3 4 -6 6 -8 12 -10 10 11 -13 -14 14 -16
leaf_value=-0.0019372236537486909 -0.0011731242632204567 0.061964089152767868 -0.0002141122701615091 0.063102963369799966 0.0026527723504430854 0.12224175041051492 0.0188167237920536 -0.027316993202548368 -0.021249723219215894 0.0628652858122348 0.028882074223865073 -0.013710735386810419 -0.011693177949251945 -0.012677122334835271 0.011011905426342335
leaf_weight=345.42483465373516 15.354344824329017 4.7578481230884817 2.443377228453758 3.9364846311509636 15.65141477063298 2.7716238498687744 1.5801623389124868 15.592037696391342 6.1116903424262992 4.1568334773182896 6.2463635792955783 14.473727038130162 58.463376865722239 26.449185051955283 94.401593233458698
leaf_count=3700 139 41 26 27 147 15 10 180 81 38 39 146 614 339 758
internal_value=-4.25971e-05 0.00236003 0.0153323 0.024938 0.0148012 0.0541589 0.0846874 1.26538e-05 0.0114201 0.0181577 0.00977947 -0.000870532 -0.0020795 0.00203979 0.00582737
internal_weight=617.815 272.39 41.7374 26.3831 19.5879 6.79516 4.35179 230.653 35.7465 29.6348 24.8769 20.7201 194.906 136.443 120.851
internal_count=6300 2600 364 225 174 51 25 2236 345 264 223 185 1891 1277 1097
is_linear=0
shrinkage=0.03


Tree=136
num_leaves=16
num_cat=0
split_feature=5 3 1 2 6 8 8 17 10 2 0 15 0 3 16
split_gain=3.06573 3.08116 3.57737 4.20341 3.66363 4.45727 3.29339 12.5515 11.6912 7.61691 5.24493 5.41681 4.8919 4.34954 13.5979
threshold=27.500000000000004 1.8163194444444446 6.8500000000000005 -0.022508986441079074 -0.0097054679982228921 2917.0000000000005 3821.0000000000005 0.74826388888888895 -4.7006737095214666e-14 -0.00077015474539904565 1.2818865740740741 13.27777777777778 1.2497106481481481 1.3463541666666672 89.671689814814826
decision_type=2 2 2 2 2 2 2 2 2 2 2 2 2 2 2
left_child=1 2 3 4 5 -1 13 8 9 -8 12 -12 -10 -5 -15
right_child=-2 -3 -4 6 -6 -7 7 -9 10 -11 11 -13 -14 14 -16
leaf_value=0.0071792582573356701 0.03152731680074005 0.017145750121543523 -0.020795700524915223 -0.0038223978778935625 -0.016555080232175008 0.064358430693861712 0.074565270344022189 0.038866802482375 -0.015804716147028136 -0.0078086495446731408 -0.02888636032505006 0.032936655150103557 0.0661886945117241 0.0015647605961952654 0.090900779968211748
leaf_weight=2.3885099068284035 2.7559654414653769 9.0962689854204637 7.6755184121429911 171.89166374690831 1.5342839658260334 2.5230809897184372 1.9842113405466077 4.3631032183766356 1.585162080824378 2.0582655146718016 25.470376379787925 1.342757649719714 1.1158908680081365 379.87431344948709 1.5396335273981083
leaf_count=19 160 170 107 1543 13 15 10 33 15 15 316 15 7 3854 8
internal_value=-4.3039e-05 -0.000184642 -0.000445058 -0.000183707 0.0239113 0.0365522 -0.000446404 -0.00899935 -0.015223 0.0326238 -0.0217764 -0.0257904 0.0180694 0.000139756 0.00192538
internal_weight=617.199 614.443 605.347 597.671 6.44587 4.91159 591.225 37.9198 33.5567 4.04248 29.5142 26.8131 2.70105 553.306 381.414
internal_count=6300 6140 5970 5863 47 34 5816 411 378 25 353 331 22 5405 3862
is_linear=0
shrinkage=0.03


Tree=137
num_leaves=16
num_cat=0
split_feature=4 12 10 6 3 0 10 4 15 5 8 8 10 7 10
split_gain=3.01624 2.98526 2.99477 2.99516 2.97502 3.16468 7.48174 7.1785 14.071 6.46658 7.85879 9.65908 8.60829 6.96424 6.80349
threshold=9.6574074074074101 1.0000000180025095e-35 -9.1350585052644827e-14 0.071741382505352544 1.9423611111111116 1.5485532407407412 -4.1501528847619061e-14 14.587384259259261 13.23715277777778 17.500000000000004 3092.5000000000005 3019.5000000000005 -2.8833203368255315e-14 12.765625000000002 -1.7409572065905028e-14
decision_type=2 2 2 2 2 2 2 2 2 2 2 2 2 2 2
left_child=-1 2 -2 4 5 -4 7 8 -7 10 11 14 13 -12 -8
right_child=1 -3 3 -5 -6 6 9 -9 -10 -11 12 -13 -14 -15 -16
leaf_value=-0.031887278459746975 0.030707993309805982 0.037190176278702899 0.00086706274186659576 0.030667183042928765 0.030812759965575604 -0.035334976501289903 -0.019038191745944358 0.055082311265853792 0.079303584092694918 -0.012687848409659218 -0.0061197352313981735 0.058168369518405406 -0.016323775578548964 0.072941458879483029 0.0092365498708895221
leaf_weight=2.665362585335969 2.8408540636301032 1.9463654421269883 441.19717499427497 2.822396636940538 2.7518418226391068 3.2334663122892362 9.45096907019615 3.6669917888939381 1.3727019578218458 65.321247275918722 2.1845036447048178 3.1345982775092116 31.855983793735504 1.8535854816436765 40.396434832364321
leaf_count=50 127 14 3940 168 114 30 118 20 6 848 24 21 403 10 407
internal_value=-4.26736e-05 9.55567e-05 -2.24007e-05 -0.000165695 -0.000309197 -0.000451067 -0.00403052 0.0237626 -0.0011711 -0.00552171 -0.00025481 0.00708786 -0.0110931 0.0301714 0.00387571
internal_weight=616.694 614.029 612.083 609.242 606.419 603.668 162.47 8.27316 4.60617 154.197 88.8761 52.982 35.8941 4.03809 49.8474
internal_count=6300 6250 6236 6109 5941 5827 1887 56 36 1831 983 546 437 34 525
is_linear=0
shrinkage=0.03


Tree=138
num_leaves=16
num_cat=0
split_feature=4 5 15 8 10 15 10 16 15 0 2 1 16 8 17
split_gain=2.9756 8.51556 6.89703 12.5585 9.02301 10.1118 8.67309 8.17347 15.0705 7.14851 5.81673 8.11421 10.8675 14.3359 8.36389
threshold=13.876736111111112 17.500000000000004 13.162905092592593 1746.5000000000002 -3.5946316180826644e-15 13.168981481481483 -2.6523000940374237e-15 87.853877314814824 13.028026620370373 1.1302083333333335 -0.007564674467567303 6.4000000000000012 76.93453703703706 1898.5000000000002 0.82696759259259267
decision_type=2 2 2 2 2 2 2 2 2 2 2 2 2 2 2
left_child=-1 2 3 9 5 -4 -6 -5 -9 -2 11 12 -3 -14 -15
right_child=1 10 4 7 6 -7 -8 8 -10 -11 -12 -13 13 14 -16
leaf_value=-0.0018938414859426297 -0.017788709312737992 0.058358742173358742 0.086562013113216013 -0.021649921057278067 0.091695599011880846 0.00172189496472244 0.025252351946552187 -0.032023110942063643 0.062387091197459513 0.0692647675419613 -0.0020163505664143491 -0.02081610560168598 0.059188534298126969 -0.0082839020365932849 0.04919457092556688
leaf_weight=344.32354279886931 1.1233253441751028 4.9074325542897013 1.4390641804784561 12.209857389330866 3.172243669629097 10.414542857557533 3.9946584254503241 2.7243544533848754 3.4471681639552116 3.4758227299898863 193.77026959042996 5.9490834185853592 4.3168429946526912 17.889053846709434 2.6110070664435616
leaf_count=3700 7 41 10 125 17 95 34 30 20 26 1891 81 42 166 15
internal_value=-4.21984e-05 0.00230658 0.0147258 0.00366587 0.0280884 0.0120217 0.0546617 -0.00742741 0.0207107 0.0480023 3.31666e-05 0.0111657 0.0175666 0.00950013 -0.000963109
internal_weight=615.768 271.445 42.001 22.9805 19.0205 11.8536 7.1669 18.3814 6.17152 4.59915 229.444 35.6734 29.7243 24.8169 20.5001
internal_count=6300 2600 364 208 156 105 51 175 50 33 2236 345 264 223 181
is_linear=0
shrinkage=0.03


Tree=139
num_leaves=16
num_cat=0
split_feature=7 6 9 10 10 8 1 16 9 15 10 2 4 15 1
split_gain=2.98226 3.49452 3.13302 9.59103 8.23193 9.34992 9.98092 8.16772 7.45134 19.3098 6.93431 10.0465 9.8925 18.4112 9.71605
threshold=21.348958333333339 0.0067595898164087989 2628.0000000000005 -1.0873269802499943e-14 -1.1190243093550497e-14 1589.5000000000002 3.5499999999999994 76.235630787037053 1910.5000000000002 13.20752314814815 1.2104048763225338e-14 -0.013162496064943506 10.026620370370372 13.267476851851855 3.8500000000000019
decision_type=2 2 2 2 2 2 2 2 2 2 2 2 2 2 2
left_child=2 -2 3 4 5 -1 -7 -8 9 -9 12 -12 13 -5 -13
right_child=1 -3 -4 10 -6 6 7 8 -10 -11 11 14 -14 -15 -16
leaf_value=0.031107278145634947 0.0048844521147492284 0.036657412810328402 0.0013676931746952326 0.00018514262532637752 0.052421372983622899 -0.02827499758230495 -0.018432409957101045 -0.033133458998582464 0.014636425125207346 0.057870583418718355 0.056316062189628681 0.047855899562813081 -0.011207062077602335 0.18195444346558837 -0.01398935291320978
leaf_weight=9.4659418631345016 13.836310561746361 4.0207170322537413 358.92846676893532 1.9039365984499448 3.1420803740620604 10.105084426701067 12.209145067259668 9.1504497863352281 42.229296788573265 2.7228875271975985 3.4065077304840115 2.8842227831482878 129.61559530906379 0.68085889518260945 11.026809634640811
leaf_count=146 82 161 3283 34 18 108 164 105 353 20 16 21 1648 5 136
internal_value=-4.22611e-05 0.0120385 -0.000403327 -0.00306813 0.00472769 0.00298278 -0.00050107 0.00373133 0.00873294 -0.0122637 -0.00770986 0.0101406 -0.0100482 0.0480648 -0.00116676
internal_weight=615.328 17.857 597.471 238.543 89.0249 85.8828 76.4169 66.3118 54.1026 11.8733 149.518 17.3175 132.2 2.5848 13.911
internal_count=6300 243 6057 2774 914 896 750 642 478 125 1860 173 1687 39 157
is_linear=0
shrinkage=0.03


Tree=140
num_leaves=16
num_cat=0
split_feature=4 12 14 1 0 10 10 3 5 8 0 8 6 10 10
split_gain=2.92013 2.89079 2.90816 2.89158 2.95235 8.04521 6.70241 6.90089 6.02657 7.35193 7.74969 9.33687 9.04739 6.73776 7.14109
threshold=9.6574074074074101 1.0000000180025095e-35 12.160000000000002 8.0000000000000018 1.5485532407407412 -4.1501528847619061e-14 -4.4365947357783763e-14 1.7178819444444446 17.500000000000004 3187.0000000000005 1.6936921296296299 2628.0000000000005 0.0074457966898639639 3.9172649979356755e-14 -2.8833203368255315e-14
decision_type=2 2 2 2 2 2 2 2 2 2 2 2 2 2 2
left_child=-1 2 -2 4 -4 6 7 -6 9 10 -7 12 -12 14 -11
right_child=1 -3 3 -5 5 8 -8 -9 -10 13 11 -13 -14 -15 -16
leaf_value=-0.031827612041219339 0.032284696325012144 0.036986813143159429 0.00098746252169653248 0.034066139496858439 -0.0013955645688880859 0.0018707022481455531 0.0859670767258751 0.068522059381926709 -0.012321456989622092 0.029308207531350446 -0.031731218428650988 0.062550389577139584 0.087371100651057604 0.07120741652657947 -0.018505998451122142
leaf_weight=2.5903557762503615 2.49726628512144 1.9053644351661194 442.8137633819133 2.2140035033226004 6.1597533617168665 48.073578529059887 1.3277432601898889 1.6006447002291677 64.774901211261749 3.1165959611535099 2.4998607747256751 4.4450288824737072 0.74511044844984997 0.86146686598658462 28.689308719709516
leaf_count=50 42 14 4121 94 79 503 7 12 893 24 39 28 9 7 378
internal_value=-4.24078e-05 9.21871e-05 -2.30893e-05 -0.000155937 -0.00028115 -0.00374252 0.023682 0.0130255 -0.00536934 -0.000276968 0.00634369 0.0343063 -0.00438294 -0.0115785 -0.0138208
internal_weight=614.315 611.724 609.819 607.322 605.108 162.294 9.08814 7.7604 153.206 88.431 55.7636 7.69 3.24497 32.6674 31.8059
internal_count=6300 6250 6236 6194 6100 1979 98 91 1881 988 579 76 48 409 402
is_linear=0
shrinkage=0.03


Tree=141
num_leaves=16
num_cat=0
split_feature=6 10 10 1 7 2 1 1 10 1 1 7 0 8 0
split_gain=2.88513 5.8124 8.94921 7.555 7.6221 11.9455 13.3684 11.1284 10.011 12.1502 20.4797 11.6451 10.0655 7.33201 9.40079
threshold=0.0073654768841944279 1.1599327130195827e-14 1.0085889998209678e-14 5.4000000000000012 13.630208333333334 -0.0015305025485770243 3.7000000000000015 4.2500000000000009 2.0389250289436614e-14 3.4000000000000008 3.9000000000000008 13.435763888888891 1.5316550925925927 3192.5000000000005 1.3641782407407408
decision_type=2 2 2 2 2 2 2 2 2 2 2 2 2 2 2
left_child=1 2 -1 4 8 6 -6 -8 9 -3 -11 -10 13 14 -12
right_child=-2 3 -4 -5 5 -7 7 -9 11 10 12 -13 -14 -15 -16
leaf_value=-0.0019636052458282308 0.0033028556735225103 0.12444670062509809 -0.030308946974749323 -0.018908762257681452 0.078805615308289709 -0.019567069626922388 -0.028502454292018874 0.029509951161885456 -0.0013591792608240872 -0.034852046847564239 -0.033264384638231934 0.10175330524072398 -0.033254072670152901 0.08899545437044569 0.094297603463745619
leaf_weight=369.1663686838001 168.39855181612074 1.4273815676569963 10.304330192506312 8.815118230879305 2.7379405647516259 14.132092162966728 5.0789496265351755 7.1874715015292168 14.134632885456083 3.0424524024128905 1.1942402720451339 1.0596416667103756 0.98669327050447453 4.9542891830205917 0.92089741677045811
leaf_count=3829 1753 15 134 101 18 134 54 40 124 29 14 6 12 30 7
internal_value=-4.18851e-05 -0.00130721 -0.00273331 0.00693321 0.0109398 0.000225864 0.0188681 0.00548974 0.022201 0.0420573 0.0314612 0.00583184 0.0565049 0.0690327 0.0222741
internal_weight=613.541 445.142 379.471 65.6718 56.8567 29.1365 15.0044 12.2664 27.7202 12.526 11.0986 15.1943 8.05612 7.06943 2.11514
internal_count=6300 4547 3963 584 483 246 112 94 237 107 92 130 63 51 21
is_linear=0
shrinkage=0.03


Tree=142
num_leaves=16
num_cat=0
split_feature=4 5 6 17 8 8 3 9 10 10 17 8 4 16 4
split_gain=2.91648 8.0014 6.62323 6.98366 11.0403 10.4068 9.29068 5.72233 5.64606 14.5628 15.8663 9.12253 8.62409 6.7032 12.3008
threshold=13.876736111111112 17.500000000000004 0.0011703025472373882 0.65451388888888895 1746.5000000000002 2572.0000000000005 1.6144097222222227 2479.0000000000005 6.3102686309897374e-15 7.0475468602841363e-15 0.66724537037037046 2701.0000000000005 13.661458333333334 81.200966435185194 10.26678240740741
decision_type=2 2 2 2 2 2 2 2 2 2 2 2 2 2 2
left_child=8 2 7 5 -5 -4 -7 -2 13 10 11 -10 -11 14 -1
right_child=1 -3 3 4 -6 6 -8 -9 9 12 -12 -13 -14 -15 -16
leaf_value=0.010667365794955594 -0.027650115517870607 7.2795016450392653e-05 -0.0011337378922213483 0.058227875653556888 0.0026143023920574262 0.1062101973931585 0.017157606910563717 0.011397709883448348 -0.032455632737996606 0.0035285580624161042 0.12752169081984843 0.044491131558600558 -0.033372394772417928 0.00063350516376953399 -0.01360738701847543
leaf_weight=23.045745609328151 5.0242981519550076 228.12863400857896 2.455180179327729 4.0492486804723766 15.549292018637059 3.0300893187522888 1.6170706152915952 10.306504363194106 1.9504888765513877 74.902086958289146 1.5926224887371061 4.7972354777157307 6.1695804931223384 128.91193215362728 101.67604224383831
leaf_count=252 60 2236 26 28 146 15 10 79 30 746 9 27 76 1338 1222
internal_value=-4.24693e-05 0.00228891 0.014317 0.0233407 0.0141046 0.0488273 0.0752226 -0.00139927 -0.00187851 0.00460371 0.0423512 0.022249 0.000720383 -0.00416365 -0.00912197
internal_weight=613.206 270.16 42.0317 26.7009 19.5985 7.10234 4.64716 15.3308 343.046 89.412 8.34035 6.74772 81.0717 253.634 124.722
internal_count=6300 2600 364 225 174 51 25 139 3700 888 66 57 822 2812 1474
is_linear=0
shrinkage=0.03


Tree=143
num_leaves=16
num_cat=0
split_feature=3 1 2 6 16 5 8 8 17 10 2 0 0 15 3
split_gain=2.88113 3.37542 4.01529 3.43149 4.24175 3.16011 3.14941 3.1054 11.7795 10.8695 6.75577 5.03478 5.54126 5.05672 4.13002
threshold=1.8163194444444446 6.8500000000000005 -0.022508986441079074 -0.0097054679982228921 79.37932291666668 18.500000000000004 2637.0000000000005 3821.0000000000005 0.74826388888888895 -4.7006737095214666e-14 -0.00077015474539904565 1.2818865740740741 1.251678240740741 13.27777777777778 1.3463541666666672
decision_type=2 2 2 2 2 2 2 2 2 2 2 2 2 2 2
left_child=1 2 3 4 -1 -3 -7 14 9 10 -9 12 -11 -13 -4
right_child=-2 5 7 -5 -6 6 -8 8 -10 11 -12 13 -14 -15 -16
leaf_value=-0.0025981401219307139 0.01696002660237541 -0.033118160966695738 -0.003591343822886789 -0.015934781762396516 0.055837693346017021 -0.031791985342164576 0.040618892941555268 0.068986412305016495 0.037165396845349488 -0.016027349639207093 -0.0077949736764986203 -0.028548511989452463 0.071586439892017573 0.030198925430577214 0.0020109697328515521
leaf_weight=1.7097567543387411 8.8401115192100388 5.2196733355522147 171.92276670504361 1.5199813917279232 3.2299596965312958 0.94371827691793475 1.2654916346073148 2.0691136103123426 4.4489762727171174 1.7135902177542477 2.0563230589032164 24.724903133697811 1.0464338436722753 1.3929529264569271 380.62222683150321
leaf_count=16 170 75 1597 14 18 19 13 13 35 18 15 319 6 15 3957
internal_value=-4.26751e-05 -0.000291573 -4.12618e-05 0.0234826 0.0356116 -0.0203888 0.00968681 -0.000298818 -0.00865869 -0.014836 0.0307147 -0.0213432 0.0171905 -0.0254153 0.000267826
internal_weight=612.726 603.886 596.457 6.4597 4.93972 7.42888 2.20921 589.997 37.4523 33.0033 4.12544 28.8779 2.76002 26.1179 552.545
internal_count=6300 6130 6023 48 34 107 32 5975 421 386 28 358 24 334 5554
is_linear=0
shrinkage=0.03


Tree=144
num_leaves=16
num_cat=0
split_feature=15 5 16 2 17 3 16 10 10 10 8 8 4 15 10
split_gain=2.88766 5.87012 5.57801 5.24459 3.44301 3.54707 4.18588 3.4599 15.7952 13.6166 21.1547 15.1078 16.0279 22.5929 13.5131
threshold=12.964872685185187 15.500000000000002 93.068686342592613 -0.006716968410147863 0.84085648148148162 1.0897569444444446 92.531996527777792 -8.2262657544828189e-16 3.5139020509704052e-15 -3.4965524095278308e-15 2572.0000000000005 3201.5000000000005 13.752893518518521 13.178472222222224 -1.4403360468863488e-15
decision_type=2 2 2 2 2 2 2 2 2 2 2 2 2 2 2
left_child=1 -1 4 -3 5 -2 7 9 -9 -7 14 -12 -13 -14 -11
right_child=2 3 -4 -5 -6 6 -8 8 -10 10 11 12 13 -15 -16
leaf_value=0.047383898067360569 -0.02170167354614105 0.031606764674460809 -0.03331090170712047 -0.023953008803511509 0.035508970511449266 -0.000115886480115666 0.045997656891611324 -0.019882007247364122 0.00080213518768349444 -0.022516540073446091 0.076744235312382614 -0.031250109510661594 0.0040413325528815712 0.14239933121335657 0.032830992632471426
leaf_weight=3.4824943691492063 6.8248674329370251 2.5953327100723982 4.5733068119734517 3.7219511400908232 2.4402971845120183 336.73472661245614 1.7791262008249749 40.929241177625954 176.57064339611679 11.068703741766511 7.3648093082010737 3.4791504293680173 2.9369528340175748 1.6640225974842904 6.1904568709433105
leaf_count=20 76 21 52 27 17 3396 13 567 1758 150 58 41 28 11 65
internal_value=-4.22939e-05 0.0161118 -0.000305019 -0.00112736 -5.25939e-05 -0.000198311 5.09724e-05 -8.8301e-05 -0.00309022 0.00167902 0.0201601 0.045666 0.017339 0.0540809 -0.00266468
internal_weight=612.356 9.79978 602.556 6.31728 597.983 595.543 588.718 586.939 217.5 369.439 32.7041 15.4449 8.08013 4.60098 17.2592
internal_count=6300 68 6232 48 6180 6163 6087 6074 2325 3749 353 138 80 39 215
is_linear=0
shrinkage=0.03


Tree=145
num_leaves=16
num_cat=0
split_feature=10 12 6 15 7 7 2 16 0 4 2 4 2 10 2
split_gain=2.82974 2.83084 2.89495 6.32184 9.0145 10.9388 7.99181 6.78187 12.6709 9.42565 7.69328 6.90024 6.7109 12.6516 12.4858
threshold=-9.1350585052644827e-14 1.0000000180025095e-35 0.0067595898164087989 13.210497685185187 9.7482638888888911 12.157986111111112 -0.003534183082271145 88.954577546296306 1.2044560185185187 14.817129629629632 -0.0018361866679169445 12.149884259259261 0.001560057334610407 -6.532337423504455e-15 0.0010578938907829241
decision_type=2 2 2 2 2 2 2 2 2 2 2 2 2 2 2
left_child=-1 2 -2 4 -4 -6 -5 12 11 -10 -11 -9 13 14 -7
right_child=1 -3 3 6 5 7 -8 8 9 10 -12 -13 -14 -15 -16
leaf_value=0.030670882778980287 -0.0016800668807158776 0.036790070376902011 0.081687082704996791 -0.017127254602853331 -0.01530332122629368 0.015784814079920186 0.022510282794043497 0.04709346062806239 0.09862309913713109 0.062063436583254444 -0.020659308679967445 -0.02142339990243388 -0.0084278524931369822 -0.0056565523730969756 0.097587897218168726
leaf_weight=2.6878964705392709 418.99504713620991 1.8585247583687294 1.2175955399870861 5.6019099177792695 34.032061597332358 32.461702117696404 25.046277161687613 1.7656051367521266 2.5616935919970274 2.2743023484945297 1.8227516887709496 5.2752642566338181 39.606980347074568 34.875775305554271 1.7708745356649149
leaf_count=127 4220 14 7 73 411 292 249 9 16 20 24 61 392 370 15
internal_value=-4.28246e-05 -0.000178346 -0.00029148 0.00279812 0.000374646 -0.000258192 0.0152653 0.00392444 0.023816 0.053484 0.0252606 -0.00424175 0.00141783 0.00706052 0.0200165
internal_weight=611.854 609.166 607.308 188.313 157.665 156.447 30.6482 122.415 13.6996 6.65875 4.09705 7.04087 108.715 69.1084 34.2326
internal_count=6300 6173 6159 1939 1617 1610 322 1199 130 60 44 70 1069 677 307
is_linear=0
shrinkage=0.03


Tree=146
num_leaves=16
num_cat=0
split_feature=4 5 14 1 0 10 10 3 8 8 14 4 4 10 8
split_gain=2.79406 2.76873 2.75606 2.76339 2.77613 7.57452 6.1292 6.24073 6.03301 7.60537 10.2912 6.31136 7.95307 8.46815 12.9387
threshold=9.6574074074074101 27.500000000000004 12.160000000000002 8.0000000000000018 1.5485532407407412 -4.1501528847619061e-14 -4.4365947357783763e-14 1.7178819444444446 1910.5000000000002 3092.5000000000005 12.480000000000002 9.9253472222222232 10.026620370370372 -9.1180093768749655e-15 2701.0000000000005
decision_type=2 2 2 2 2 2 2 2 2 2 2 2 2 2 2
left_child=-1 2 -2 4 -4 6 7 -6 -7 10 11 -10 -13 14 -14
right_child=1 -3 3 -5 5 8 -8 -9 9 -11 -12 12 13 -15 -16
leaf_value=-0.031748032436040803 0.032180624186525793 0.031536572733048406 0.00093787790690206109 0.034022994381344498 -0.001525193518687708 -0.022892551268792433 0.081686783482567776 0.063378915531643695 -0.033892473360549499 -0.011481272593725937 -0.0088403437220957396 0.067433064019930725 -0.024842601898020858 0.023450644355496646 0.040136142703140067
leaf_weight=2.4913661815226069 2.3794343229383221 2.5090174106881014 441.37693766504526 2.1197470473125568 6.1332379635423422 15.684723675251005 1.3549352828413228 1.7036835998296735 2.427520338445901 57.791402464732528 36.073247155174613 2.5270071476697913 9.7190001942217261 23.121432436630137 3.8507123962044707
leaf_count=50 42 160 4016 94 79 278 7 13 27 737 387 13 133 234 30
internal_value=-4.26167e-05 8.71359e-05 -4.30175e-05 -0.000169986 -0.000290432 -0.00367068 0.0227705 0.0125844 -0.00527817 -0.00323938 0.00288925 0.0130494 0.015955 0.0124095 -0.00640342
internal_weight=611.263 608.772 606.263 603.884 601.764 160.387 9.19186 7.83692 151.195 135.51 77.7189 41.6457 39.2182 36.6911 13.5697
internal_count=6300 6250 6090 6048 5954 1938 99 92 1839 1561 824 437 410 397 163
is_linear=0
shrinkage=0.03


Tree=147
num_leaves=16
num_cat=0
split_feature=10 2 8 8 8 10 3 8 6 1 14 3 17 8 7
split_gain=2.73685 2.77313 4.25253 3.12015 7.3169 4.01296 3.08186 4.10825 4.60015 3.81072 5.2515 5.86633 3.95112 12.8131 11.0906
threshold=-9.1350585052644827e-14 -0.022508986441079074 3682.0000000000005 3175.5000000000005 2917.0000000000005 -7.9275263422620108e-15 1.8295138888888893 3212.0000000000005 0.0084603156529290315 6.6000000000000005 12.480000000000002 1.6008680555555557 0.67303240740740755 3925.5000000000005 14.064236111111112
decision_type=2 2 2 2 2 2 2 2 2 2 2 2 2 2 2
left_child=-1 2 3 4 5 -2 9 8 -8 12 11 -11 -3 -14 -15
right_child=1 6 -4 -5 -6 -7 7 -9 -10 10 -12 -13 13 14 -16
leaf_value=0.030649109693318202 0.027798188232049121 -0.0035458745804639318 0.053617976992456066 -0.034647371459168901 0.091238363732645322 -0.032822427390936812 0.01380073977181092 -0.012180913540290198 0.07849401727353375 0.060907121924149307 -0.022521401956073807 -0.0097301180665785685 0.00092603692888328787 0.080322135505206171 -0.00055409763124585499
leaf_weight=2.6037953980267039 1.9976816512644289 204.10761229135096 2.1252360492944717 1.4171591997146604 0.93760162591934193 1.9345452263951286 2.7031606491655102 2.3130772309377789 1.5601787604391573 1.5823050327599055 14.755873043090105 3.1941830292344093 363.01018802821636 3.4429973214864722 2.7407431360334158
leaf_count=127 14 2327 12 13 7 29 79 53 17 14 163 38 3355 20 32
internal_value=-4.21809e-05 -0.000173657 0.0169314 0.00452997 0.0159309 -0.00202545 -0.000413712 0.0200101 0.0374754 -0.000640277 -0.0136711 0.0136698 -0.000196317 0.00165547 0.0444764
internal_weight=610.426 607.823 8.41222 6.28699 4.86983 3.93223 599.41 6.57642 4.26334 592.834 19.5324 4.77649 573.302 369.194 6.18374
internal_count=6300 6173 75 63 50 43 6098 149 96 5949 215 52 5734 3407 52
is_linear=0
shrinkage=0.03


Tree=148
num_leaves=16
num_cat=0
split_feature=4 12 15 5 2 16 17 3 15 10 3 10 10 2 8
split_gain=2.70847 2.68744 2.70209 5.51971 4.95667 4.87044 3.12919 3.02415 4.02064 13.9649 11.2041 9.6788 8.3197 7.46913 7.03787
threshold=9.6574074074074101 1.0000000180025095e-35 12.964872685185187 15.500000000000002 -0.006716968410147863 93.068686342592613 0.84085648148148162 1.0897569444444446 13.024971064814816 -1.2316656111445453e-14 1.3748263888888892 -2.3115276591407293e-14 -2.9704374744497782e-14 -0.0036576824582437426 1867.5000000000002
decision_type=2 2 2 2 2 2 2 2 2 2 2 2 2 2 2
left_child=-1 2 3 -2 -5 6 7 -4 9 11 14 12 13 -9 -11
right_child=1 -3 5 4 -6 -7 -8 8 -10 10 -12 -13 -14 -15 -16
leaf_value=-0.031694882169055076 0.045970002087903659 0.036566937559816569 -0.020811757548043396 0.030760021528464753 -0.023469372886371704 -0.033290283989589706 0.033518161487886 0.081033827215659909 -0.00064029649338451125 0.03724107175100496 0.054319695862051424 0.061126131204562797 -0.034559292350630592 0.0024192811849916398 -0.016316702995545086
leaf_weight=2.4232770055532447 3.4754387252032739 1.8118313774466503 6.337305709719657 2.5762331914156675 3.6891387291252613 3.9958468042314044 2.4876333046704522 1.8191323047503827 544.4371138503775 2.4777453802526059 2.6835190979763857 6.3296661116182786 2.455550990998745 2.7051594126969576 20.298678270541131
leaf_count=50 20 14 67 21 27 44 17 14 5728 21 17 41 22 18 179
internal_value=-4.16732e-05 8.45727e-05 -2.45448e-05 0.0156485 -0.00117101 -0.000280688 -5.78934e-05 -0.000199571 2.44079e-05 0.00935881 -0.0036593 0.0342613 0.00989903 0.0340287 -0.0104904
internal_weight=610.003 607.58 605.768 9.74081 6.26537 596.027 592.032 589.544 583.207 38.7695 25.4599 13.3095 6.97984 4.52429 22.7764
internal_count=6300 6250 6236 68 48 6168 6124 6107 6040 312 217 95 54 32 200
is_linear=0
shrinkage=0.03


Tree=149
num_leaves=16
num_cat=0
split_feature=5 14 0 1 1 2 1 14 3 1 8 10 1 0 4
split_gain=2.69908 2.65355 2.65139 2.89697 4.52114 3.35668 4.21464 5.48157 3.94605 3.91963 3.58986 7.74517 7.29944 10.0249 9.87578
threshold=27.500000000000004 12.160000000000002 1.81712962962963 6.8500000000000005 6.7500000000000009 -0.024332006019241025 6.6000000000000005 12.480000000000002 1.6008680555555557 6.5499999999999998 3712.0000000000005 3.9172649979356755e-14 5.200000000000002 1.5698495370370373 9.8454861111111125
decision_type=2 2 2 2 2 2 2 2 2 2 2 2 2 2 2
left_child=1 -1 3 4 5 -3 9 8 -8 10 -7 12 14 -14 -12
right_child=-2 2 -4 -5 -6 6 7 -9 -10 -11 11 -13 13 -15 -16
leaf_value=0.032098796332427681 0.031508574181146803 0.027712520383764622 0.029344952958513651 -0.018086769496873756 0.034086698474660615 0.0004727357491822115 0.057014194004789853 -0.031046150231916442 -0.014246849211276258 0.054846037556250705 0.10014090303883334 0.053136645433116303 0.027192576201842532 -0.026452703785693574 -0.017678181490708947
leaf_weight=2.2852713726460925 2.4307310329750171 3.8040630556643 2.7050929963588706 8.2414774615317565 3.4457833096384993 516.9099606173113 1.2527372278273099 8.3454912602901441 1.5832120701670644 1.1616650447249401 0.65055226534604926 1.8379985094070423 9.349009480327366 4.7169651314616194 40.626081336289644
leaf_count=42 160 26 110 121 19 5060 10 92 18 6 5 12 69 70 480
internal_value=-4.0947e-05 -0.000167305 -0.000289258 -0.000422436 -0.000177221 -0.000377253 -0.000559465 -0.0188015 0.0172316 -0.000204887 -0.000316282 -0.00744896 -0.00946109 0.00920286 -0.0158213
internal_weight=609.346 606.915 604.63 601.925 593.684 590.238 586.434 11.1814 2.83595 575.252 574.091 57.1806 55.3426 14.066 41.2766
internal_count=6300 6140 6098 5988 5867 5848 5822 120 28 5702 5696 636 624 139 485
is_linear=0
shrinkage=0.03


Tree=150
num_leaves=16
num_cat=0
split_feature=10 8 8 4 2 4 3 10 1 15 10 4 4 16 10
split_gain=2.65186 2.65968 8.16446 20.072 7.23409 8.30915 8.58064 7.14265 12.5063 12.0131 13.1837 9.9782 9.87584 8.28489 8.81494
threshold=-9.1350585052644827e-14 2628.0000000000005 2656.0000000000005 14.989583333333334 -0.0050129661506998274 10.903356481481483 1.3984375000000002 -1.3171640396441542e-14 5.2999999999999998 13.083738425925928 -2.8833203368255315e-14 13.67766203703704 13.030671296296299 90.873912037037044 -2.166990786251147e-14
decision_type=2 2 2 2 2 2 2 2 2 2 2 2 2 2 2
left_child=-1 -2 3 -3 5 6 -4 8 13 -10 11 -11 -9 -7 -15
right_child=1 2 4 -5 -6 7 -8 12 9 10 -12 -13 -14 14 -16
leaf_value=0.030629413511190438 -0.0026073496421531975 0.11202229055890957 0.01432929579384494 0.007309526750073363 -0.0018860164013791989 -0.031435754622069059 -0.027594429955668461 0.03482310764144414 0.10481392527309655 0.11364493358743157 -0.016673050373288759 -0.0033858834305475851 0.0078077421132549838 0.06084085895685408 -0.035713446486744058
leaf_weight=2.5267498409375539 241.8353880494833 2.0367942675948134 7.4677929058671024 8.6206043828278762 260.95516528282315 11.017054792493584 10.674191184341906 20.383925888687372 1.462057264521716 1.5778644680976861 5.2096378440037379 1.1218833941966293 30.254038798622787 2.0842734668403868 1.4381568506360043
leaf_count=127 2783 16 80 54 2487 110 130 151 10 11 59 11 243 16 12
internal_value=-4.04439e-05 -0.000168294 0.00145082 0.0273218 0.000671182 0.00787053 -0.0103373 0.0123015 -0.00121203 0.0258126 0.0112091 0.0650126 0.0186826 -0.0186308 0.0214191
internal_weight=608.666 606.139 364.303 10.6574 353.646 92.6909 18.142 74.5489 23.9109 9.37144 7.90939 2.69975 50.638 14.5395 3.52243
internal_count=6300 6173 3390 70 3320 833 210 623 229 91 81 22 394 138 28
is_linear=0
shrinkage=0.03


Tree=151
num_leaves=16
num_cat=0
split_feature=4 5 0 10 8 8 2 0 1 15 16 7 4 15 8
split_gain=2.67959 7.44442 6.26347 7.41538 9.87035 15.4556 11.3767 8.54406 6.70714 6.06165 5.50509 7.60763 11.5332 6.48315 9.73625
threshold=13.876736111111112 17.500000000000004 1.1302083333333335 -2.8833203368255315e-14 1746.5000000000002 1989.0000000000002 0.00097942160809293393 1.2074652777777779 4.4000000000000012 13.197511574074076 74.54950810185187 16.015625000000004 16.354745370370374 13.183738425925929 2732.5000000000005
decision_type=2 2 2 2 2 2 2 2 2 2 2 2 2 2 2
left_child=-1 2 -2 7 -5 -6 -7 -4 -8 -10 11 -3 -13 -12 -15
right_child=1 10 3 4 5 6 8 -9 9 -11 13 12 -14 14 -16
leaf_value=-0.0018112084199127208 -0.028496075194748657 -0.025385245038249505 0.12214427960492366 0.067198735631404036 -0.032624451078747327 0.044164768933498626 -0.019579368779940209 -0.020799074746339272 0.0039379652855937161 0.07820303393833633 -0.00055804051733915707 0.076897015552643111 -0.013802030059458391 -0.0033451739635675637 0.032112952430321411
leaf_weight=339.68665504548699 2.9314418490976086 15.568025484681131 0.40076793357729812 3.9653335437178603 4.7654061689972904 13.831562992185356 5.60580240562558 6.173922436311841 2.8060721773654222 1.5276643037796018 177.16079917084426 1.8411991335451592 4.0096264816820621 13.472551668062808 14.43897559866309
leaf_count=3700 24 223 6 27 65 98 50 63 22 9 1574 19 70 199 151
internal_value=-4.08147e-05 0.00219897 0.0137981 0.0169709 0.0228487 0.016686 0.0265713 -0.0120858 0.00208864 0.0301168 4.76433e-05 -0.0144245 0.0147401 0.00155919 0.0149977
internal_weight=608.186 268.499 42.008 39.0765 32.5018 28.5365 23.7711 6.57469 9.93954 4.33374 226.491 21.4189 5.85083 205.072 27.9115
internal_count=6300 2600 364 340 271 244 179 69 81 31 2236 312 89 1924 350
is_linear=0
shrinkage=0.03


Tree=152
num_leaves=16
num_cat=0
split_feature=5 9 8 16 6 8 2 3 16 2 8 1 15 1 6
split_gain=2.6565 4.40726 5.65675 5.8278 6.23733 3.91238 6.04293 3.17417 11.5967 8.10505 9.41983 6.54032 6.42029 6.67363 6.73911
threshold=23.500000000000004 2444.6053240740744 2678.5000000000005 84.561562500000008 0.0090895339776779615 2210.5000000000005 0.00093466801519100074 1.3463541666666672 89.671689814814826 -0.0051365325063574821 3925.5000000000005 5.950000000000002 13.105787037037038 3.9500000000000015 -0.00058953286134997012
decision_type=2 2 2 2 2 2 2 2 2 2 2 2 2 2 2
left_child=7 5 -3 4 -4 6 -2 9 -9 10 -1 12 13 14 -11
right_child=1 2 3 -5 -6 -7 -8 8 -10 11 -12 -13 -14 -15 -16
leaf_value=0.0042099149767513425 0.055255118986885919 0.053685846089374829 -0.037481843521823134 0.033723604360378211 0.044278227885725871 -0.029381657068536685 -0.018402897499867062 0.00066758407496417033 0.077483484462803842 -0.012273243378617599 0.082749482006242964 0.044174665427947436 -0.017563453344683528 -0.01822799411324481 0.01035115486786189
leaf_weight=46.811639259569347 1.758718585595491 3.5814031446352592 3.1664533689618093 4.245943552814424 1.1428612973541019 3.6740517653524876 2.3310559941455722 417.33099956251681 1.7763097649440158 18.344200884923339 1.4159581959247578 2.1214387360960236 47.125542376190424 19.555006880313158 33.466805622912943
leaf_count=434 45 25 22 54 65 35 28 4449 18 150 7 16 501 184 267
internal_value=-4.10544e-05 0.0107389 0.0220307 0.00877915 -0.0157985 -0.00691279 0.0132721 -0.000405927 0.000993154 -0.00387882 0.00651583 -0.00803516 -0.00896991 -0.00329528 0.00234076
internal_weight=607.848 19.9005 12.1367 8.55526 4.30931 7.76383 4.08977 587.948 419.107 168.841 48.2276 120.613 118.492 71.366 51.811
internal_count=6300 274 166 141 87 108 73 6026 4467 1559 441 1118 1102 601 417
is_linear=0
shrinkage=0.03


Tree=153
num_leaves=16
num_cat=0
split_feature=12 6 15 4 7 8 2 1 16 10 10 4 10 2 8
split_gain=2.63811 2.65375 5.83982 10.6145 10.9446 7.76649 7.31545 6.06684 10.3873 6.6379 12.5044 12.986 16.6289 9.41599 13.2781
threshold=1.0000000180025095e-35 0.0067595898164087989 13.210497685185187 9.7540509259259274 12.157986111111112 3925.5000000000005 -0.003534183082271145 3.9000000000000008 84.710613425925942 -1.3171640396441542e-14 5.9669349096589707e-15 15.358217592592593 1.7638539448601268e-14 -0.000409887764374406 3480.5000000000005
decision_type=2 2 2 2 2 2 2 2 2 2 2 2 2 2 2
left_child=1 -1 3 -3 5 -5 -4 8 -6 13 -11 12 -12 14 -9
right_child=-2 2 6 4 7 -7 -8 9 -10 10 11 -13 -14 -15 -16
leaf_value=-0.0014791591701023583 0.036401788513284968 0.081168618169232667 -0.016515807395001511 -0.017747317220242934 0.005653049830181475 0.078827009616552729 0.02160579980968003 0.0084486063725884766 0.049560721722756169 -0.019149251695317865 0.039841829491253151 -0.027622802805342114 -0.016065442295432084 -0.0033526184003846177 0.064681862213926619
leaf_weight=417.74321074318141 1.7825755551457394 1.4534269869327534 5.5211203340441015 32.549379261210561 18.908204448409382 0.76711466908454795 25.248738277703524 11.764585539698603 6.5216981302946797 30.60655543487519 13.668065043166285 6.7289453074336043 7.3700466267764559 21.029548305086792 5.5675888573750845
leaf_count=4311 14 8 75 409 192 6 252 117 55 350 108 102 60 199 42
internal_value=-4.05025e-05 -0.000147797 0.00281519 0.000472118 -0.000282224 -0.0155237 0.0147655 0.00387438 0.0169135 0.000446631 -0.00592403 0.00865361 0.0202565 0.0101406 0.0265123
internal_weight=607.231 605.448 187.705 156.935 155.482 33.3165 30.7699 122.165 25.4299 96.7353 58.3736 27.7671 21.0381 38.3617 17.3322
internal_count=6300 6286 1975 1648 1640 415 327 1225 247 978 620 270 168 358 159
is_linear=0
shrinkage=0.03


Tree=154
num_leaves=16
num_cat=0
split_feature=4 17 8 8 2 10 10 3 10 10 3 8 2 8 10
split_gain=2.62304 2.5828 8.96082 10.5373 9.50562 13.1497 8.84723 10.0465 9.55331 16.008 14.2508 11.5199 14.2282 11.4838 8.81649
threshold=9.6574074074074101 0.67303240740740755 3925.5000000000005 3799.5000000000005 -0.0045696722684009866 -1.7840803720575218e-14 3.8741847777034414e-15 1.3970486111111116 8.3979360615191395e-15 1.2603671822465569e-14 1.5532986111111113 3764.0000000000005 0.0092720815276726692 2201.0000000000005 -1.9554507755786809e-15
decision_type=2 2 2 2 2 2 2 2 2 2 2 2 2 2 2
left_child=-1 6 3 -3 -4 -6 7 -2 -8 -10 11 12 -11 -12 -9
right_child=1 2 4 -5 5 -7 8 14 9 10 13 -13 -14 -15 -16
leaf_value=-0.031644600656024272 -0.027028403863482143 0.0018084390809312081 0.080279772736894739 -0.026034340915223577 0.079706041071387651 -0.018732068660605904 0.021541661059344051 -0.00059677071821943374 -0.024732903659148497 0.067133067289302739 0.043942706018967062 -0.033593715648385244 -0.040326001586978133 -0.014836441820627204 -0.023752771855774183
leaf_weight=2.354399722069501 19.135171593166888 365.27340818569064 2.5706256572157145 12.65725990757346 1.7490841560065744 4.0476905535906536 23.994986245408654 110.00321466568857 17.27864720672369 7.9208809472620505 3.6798866558820036 1.6679989472031582 1.2894611358642576 15.990221826359628 17.098465667106211
leaf_count=50 211 3468 16 151 11 35 257 1318 223 55 29 19 10 180 267
internal_value=-4.07797e-05 8.23397e-05 0.00155582 0.000875958 0.0322633 0.0109701 -0.00252798 -0.00676284 0.0060946 -0.00165523 0.0113978 0.0389508 0.0520886 -0.00384003 -0.00371185
internal_weight=606.711 604.357 386.298 377.931 8.3674 5.79677 218.059 146.237 71.8221 47.8271 30.5484 10.8783 9.21034 19.6701 127.102
internal_count=6300 6250 3681 3619 62 46 2569 1796 773 516 293 84 65 209 1585
is_linear=0
shrinkage=0.03


Tree=155
num_leaves=16
num_cat=0
split_feature=16 16 4 4 10 10 16 2 3 8 4 0 15 15 10
split_gain=2.60645 3.19031 4.41025 12.9746 16.5539 18.6982 12.4698 9.82987 7.84909 8.21197 6.83574 10.1011 7.96318 11.644 6.91161
threshold=68.721105324074088 73.878420138888899 11.884837962962964 12.074074074074074 -1.7567334612127807e-14 -8.8934824992446403e-15 79.37932291666668 0.0022792572845989219 1.5314236111111115 2717.5000000000005 10.903356481481483 1.3447337962962962 13.152141203703707 13.137384259259262 8.6697872341492282e-15
decision_type=2 2 2 2 2 2 2 2 2 2 2 2 2 2 2
left_child=-1 -2 7 4 -4 -6 -7 -3 9 -8 11 -9 13 -12 -13
right_child=1 2 3 -5 5 6 8 10 -10 -11 12 14 -14 -15 -16
leaf_value=0.020060484469304883 -0.0070521415213328142 -0.0094111730266498977 -0.02865556815284976 0.0008733915076870873 0.1113062721136252 -0.0134429583387926 -0.033606245740829675 -0.011741921794544944 0.092945816662809197 0.056905419022436378 0.002514178408686544 0.043159399521857066 -0.021307948326750557 0.11631340117993622 -0.0094048461974766667
leaf_weight=5.7501418087631455 56.002423378638923 95.082825396209955 3.7534085437655476 394.57742208242416 2.8201444707810888 4.5314746666699612 1.3898979946970942 6.3612821325659779 2.5106748249381781 2.5708214715123177 4.3510211370885363 12.142387518659232 10.493271475657819 0.99410253763198841 2.7637766851112238
leaf_count=50 700 1194 48 3766 19 60 15 73 20 13 50 121 136 9 26
internal_value=-4.13963e-05 -0.000233933 0.00046753 0.0019968 0.0272165 0.0423876 0.0247231 -0.00430062 0.0514481 0.025143 0.00879506 0.019907 -0.00612584 0.0236789 0.0334134
internal_weight=606.095 600.345 544.343 412.154 17.5764 13.823 11.0029 132.189 6.47139 3.96072 37.1058 21.2674 15.8384 5.34512 14.9062
internal_count=6300 6250 5550 3941 175 127 108 1609 48 28 415 220 195 59 147
is_linear=0
shrinkage=0.03


Tree=156
num_leaves=16
num_cat=0
split_feature=10 12 4 5 10 10 8 8 8 8 10 8 8 4 7
split_gain=2.58515 2.56254 2.57242 7.04086 6.27305 10.7689 15.4551 13.1963 11.2264 17.464 12.8456 10.8009 9.99016 10.4104 10.955
threshold=-9.1350585052644827e-14 1.0000000180025095e-35 13.876736111111112 17.500000000000004 -1.7840803720575218e-14 -1.2777364950816627e-14 3162.5000000000005 1910.5000000000002 2628.0000000000005 2656.0000000000005 2.3464897047013668e-14 1753.5000000000002 3945.5000000000005 13.645254629629632 13.706597222222223
decision_type=2 2 2 2 2 2 2 2 2 2 2 2 2 2 2
left_child=-1 2 4 -4 12 6 7 11 10 -10 -7 -6 13 -2 -15
right_child=1 -3 3 -5 5 8 -8 -9 9 -11 -12 -13 -14 14 -16
leaf_value=0.030614849031777976 -0.014121597041473553 0.036226483891468916 0.013227527203586284 -0.00017786571468841032 0.042954116809108607 -0.012813906108703241 -0.013972200113168442 0.045537005833815099 0.096407779262137699 0.0019563188880523169 0.062696767939560014 -0.034444441349413657 0.04342879973405156 0.063105022155865262 -0.020342576953769197
leaf_weight=2.4655169686302534 75.264943800866604 1.7362493835389603 41.846728589385748 224.10200608056039 2.6504770796746042 79.252838388085365 10.341787800192831 15.642855970188974 1.7850887086242426 135.34540885034949 2.0808219742029896 4.1846409738063812 3.1363948956131926 3.3291054237633935 2.4637097734957933
leaf_count=127 851 14 349 2188 17 1102 112 107 12 1297 14 40 20 22 28
internal_value=-4.17711e-05 -0.000167085 -0.000272149 0.00193146 -0.00201905 0.000355535 0.0163786 0.0303426 -0.00205161 0.00318584 -0.0108821 -0.00443134 -0.00910617 -0.0111389 0.0276144
internal_weight=605.629 603.163 601.427 265.949 335.478 251.284 32.8198 22.478 218.464 137.13 81.3337 6.83512 84.1942 81.0578 5.79282
internal_count=6300 6173 6159 2537 3622 2701 276 164 2425 1309 1116 57 921 901 50
is_linear=0
shrinkage=0.03


Tree=157
num_leaves=16
num_cat=0
split_feature=5 2 8 8 17 10 2 0 15 0 3 16 4 17 8
split_gain=2.53175 2.53966 3.61986 3.11572 10.6563 9.08914 5.82579 4.34049 5.05078 4.3586 4.07981 10.3456 9.39211 8.80856 7.60915
threshold=27.500000000000004 -0.022508986441079074 3682.0000000000005 3821.0000000000005 0.74826388888888895 -4.7006737095214666e-14 -0.00077015474539904565 1.2818865740740741 13.27777777777778 1.251678240740741 1.3463541666666672 89.671689814814826 11.26678240740741 0.69733796296296313 3803.5000000000005
decision_type=2 2 2 2 2 2 2 2 2 2 2 2 2 2 2
left_child=1 2 -1 10 5 6 -5 9 -9 -7 12 14 -3 -14 -12
right_child=-2 3 -4 4 -6 7 -8 8 -10 -11 11 -13 13 -15 -16
leaf_value=0.0045355205039711065 0.03154625195379597 -0.023498482316684759 0.049474960239138964 0.062145209701991222 0.034471820636027183 -0.016390582083336179 -0.0081425082657832284 -0.028018161419198648 0.02963476723903689 0.060924435040233482 0.0012322321138412298 0.074411069769086666 -0.0171332566268773 0.0021423367903635891 0.061461200060762826
leaf_weight=6.1900914534926397 2.274977443739771 19.173194047063589 2.1817351654171944 2.0712998285889626 4.497591362334787 1.6102152466774016 2.1765115149319163 24.156818104907874 1.4496676102280606 1.1076640561223028 384.9635569639504 1.7608083132654417 25.800791686400771 123.32591677084565 1.8971549058333028
leaf_count=62 160 278 12 10 36 16 17 332 17 6 4053 15 268 997 21
internal_value=-4.19295e-05 -0.00016123 0.0162469 -0.00039249 -0.00881415 -0.0147911 0.0261309 -0.0209282 -0.0247542 0.0151189 0.000168071 0.00185782 -0.00373373 -0.00119258 0.00152759
internal_weight=604.638 602.363 8.37183 593.991 37.0698 32.5722 4.24781 28.3244 25.6065 2.71788 556.921 388.622 168.3 149.127 386.861
internal_count=6300 6140 74 6066 434 398 27 371 349 22 5632 4089 1543 1265 4074
is_linear=0
shrinkage=0.03


Tree=158
num_leaves=16
num_cat=0
split_feature=10 1 5 8 8 16 6 8 2 7 7 3 16 2 8
split_gain=2.50893 2.51423 2.52701 4.33695 5.24535 5.52314 5.8196 3.69418 4.96967 4.30662 2.99629 2.84163 9.91711 7.79696 7.51228
threshold=-9.1350585052644827e-14 8.0000000000000018 23.500000000000004 2498.5000000000005 2817.0000000000005 84.561562500000008 0.0090895339776779615 2346.0000000000005 0.00093466801519100074 23.552083333333339 20.456597222222225 1.3463541666666672 89.671689814814826 -0.0051365325063574821 2684.0000000000005
decision_type=2 2 2 2 2 2 2 2 2 2 2 2 2 2 2
left_child=-1 2 10 7 -5 6 -6 8 -4 -10 11 13 -13 14 -2
right_child=1 -3 3 4 5 -7 -8 -9 9 -11 -12 12 -14 -15 -16
leaf_value=0.030597024176383974 -0.007452706468754843 0.034011168881333861 0.04579131126322665 0.051590158126192179 -0.037185670971305575 0.032916977582571449 0.045322146277018874 -0.0361005407459139 -0.037889293346856333 0.042388593720835102 -0.033864598391017901 0.0005433240927106834 0.072673654668115845 -0.0079385258494287479 0.016631833126555161
leaf_weight=2.395870746113359 20.224422134459019 1.9312458308413614 1.9120760755613471 3.6555319586768737 3.0489006340503675 4.1089436123147607 1.0290740467607973 2.6280335634946823 2.2032201122492556 0.82725561596453179 2.4312019795179358 410.22550216689706 1.7227082885801781 118.1730683427304 27.510407544672489
leaf_count=127 221 94 48 33 22 49 61 20 16 21 25 4263 10 1084 206
internal_value=-4.16865e-05 -0.000163699 -0.000273754 0.0103734 0.0217107 0.00836926 -0.0163649 -0.00736128 0.00791984 -0.0159751 -0.000629945 -0.000490117 0.000844963 -0.00380511 0.00642763
internal_weight=604.027 601.632 599.7 19.413 11.8425 8.18692 4.07797 7.57059 4.94255 3.03048 580.287 577.856 411.948 165.908 47.7348
internal_count=6300 6173 6079 270 165 132 83 105 85 37 5809 5784 4273 1511 427
is_linear=0
shrinkage=0.03


Tree=159
num_leaves=16
num_cat=0
split_feature=4 16 14 17 7 16 1 16 10 2 8 4 15 0 10
split_gain=2.48239 2.51127 7.82395 7.28693 15.7558 8.82112 7.15133 6.96689 6.75069 8.24554 7.77884 6.84428 11.789 6.35608 6.34831
threshold=9.6574074074074101 82.291886574074098 12.480000000000002 0.70775462962962976 15.598958333333334 83.971875000000026 4.4000000000000012 83.049444444444447 2.1280598606534423e-14 -0.0016250387924009182 3120.0000000000005 19.712962962962965 13.159664351851854 1.5377893518518519 3.8741847777034414e-15
decision_type=2 2 2 2 2 2 2 2 2 2 2 2 2 2 2
left_child=-1 6 -3 4 5 -4 8 -5 11 -10 -11 -2 -13 -6 -8
right_child=1 2 3 7 13 -7 14 -9 9 10 -12 12 -14 -15 -16
leaf_value=-0.031561871362050561 -0.008708330793149496 0.05988212190378913 -0.0010342104338661722 -0.023211291776266189 0.071777634701625834 0.070450629594968089 -0.0013359919196855952 0.0011214131498427443 0.053215864688346694 0.030653081751417961 -0.033116459670382174 0.0051116399764022128 0.12932592686858291 0.0010651438693105593 0.011505134811160939
leaf_weight=2.2402328047901383 151.20996174402535 2.09823965281248 21.765059763565667 11.09186710231006 5.2201769538223735 1.6730181090533722 105.96269807219505 234.10496035404503 3.7031149938702583 3.332992456853388 3.5609172163531184 3.5279376674443474 0.85416009183973063 1.4651278071105478 51.484504953026772
leaf_count=50 1877 26 213 97 43 14 1174 2121 30 17 45 34 31 14 514
internal_value=-4.07594e-05 7.67251e-05 0.00217119 0.00173137 0.0156559 0.0040684 -0.00171863 2.06847e-05 -0.00605925 0.0171091 -0.00228586 -0.0076372 0.0293235 0.0562805 0.002863
internal_weight=603.295 601.055 277.418 275.32 30.1234 23.4381 323.636 245.197 166.189 10.597 6.89391 155.592 4.3821 6.6853 157.447
internal_count=6300 6250 2528 2502 284 227 3722 2218 2034 92 62 1942 65 57 1688
is_linear=0
shrinkage=0.03


Tree=160
num_leaves=16
num_cat=0
split_feature=12 10 14 1 0 8 8 14 8 10 10 0 8 3 1
split_gain=2.44639 2.45654 2.45772 2.46043 2.50027 6.4097 6.37973 10.0656 6.3332 8.81852 7.27775 9.53389 7.01286 8.42784 9.20222
threshold=1.0000000180025095e-35 -9.1350585052644827e-14 12.160000000000002 8.0000000000000018 1.5485532407407412 1910.5000000000002 3162.5000000000005 12.480000000000002 2548.0000000000005 1.361222552039145e-14 8.6697872341492282e-15 1.5835069444444447 2588.5000000000005 1.6609375000000002 4.200000000000002
decision_type=2 2 2 2 2 2 2 2 2 2 2 2 2 2 2
left_child=1 -1 -3 4 -4 -6 7 8 9 -7 11 -10 -13 -14 -15
right_child=-2 2 3 -5 5 6 -8 -9 10 -11 -12 12 13 14 -16
leaf_value=0.030581285821843773 0.036024283089789326 0.031982448866650338 0.00068205156136748595 0.033971385873102618 -0.022172927038757315 -0.0094379420364827313 -0.0094266356650387628 -0.0078647923068042302 -0.025110855294200388 0.053219653537524156 -0.0092520301718740129 0.092693966571721173 0.0017362752340473458 0.083703499569401332 0.027659365339748748
leaf_weight=2.3331627547740927 1.6880293674767006 2.1199918184429398 437.43908253591508 1.871095111593603 15.306560244411228 15.305827014148237 57.685687510296702 38.198899026960135 2.5851792693138185 2.3292198777198783 5.5058973506093016 1.7937828693538929 6.1146379336714771 3.7936750566586843 8.6465369965881091
leaf_count=127 14 42 4085 94 289 241 750 417 25 13 51 12 50 31 59
internal_value=-4.06112e-05 -0.000141902 -0.000261632 -0.000376215 -0.000484281 -0.00372847 -0.00173972 0.00352201 0.0129624 -0.00116219 0.0217208 0.0291567 0.0360511 0.0305752 0.0447502
internal_weight=602.717 601.029 598.696 596.576 594.705 157.266 141.959 84.2737 46.0748 17.635 28.4397 22.9338 20.3486 18.5548 12.4402
internal_count=6300 6286 6159 6117 6023 1938 1649 899 482 254 228 177 152 140 90
is_linear=0
shrinkage=0.03


Tree=161
num_leaves=16
num_cat=0
split_feature=4 4 10 0 8 10 16 5 10 10 5 8 4 4 3
split_gain=2.40677 2.447 8.92094 16.6983 11.0704 7.85819 15.0975 7.88406 7.8458 5.25069 4.01823 7.82485 11.1582 11.917 8.48518
threshold=9.6574074074074101 10.026620370370372 -1.5304066061840219e-14 1.3864004629629632 3853.0000000000005 1.131130533926431e-14 83.971875000000026 13.500000000000002 -3.0408686614355864e-14 -4.4365947357783763e-14 14.500000000000002 3792.5000000000005 10.77141203703704 10.318865740740742 1.4373263888888894
decision_type=2 2 2 2 2 2 2 2 2 2 2 2 2 2 2
left_child=-1 2 8 -4 5 7 -7 -5 9 -2 11 14 13 -13 -3
right_child=1 10 3 4 -6 6 -8 -9 -10 -11 -12 12 -14 -15 -16
leaf_value=-0.0315145868273859 -0.012367293361405084 -0.0021880929058880291 -0.033028428203363443 0.046977109671187608 -0.032163768648243628 -0.033585350083829416 0.10574235841362482 0.11462030019930043 -0.032520435974296817 0.045384907826353453 0.00053044883119571283 -0.011093114938654171 -0.016673188313454563 0.10391441602755798 -0.026593251686428215
leaf_weight=2.1786496471613637 2.9089374933391809 34.158450083807111 3.4406988732516757 4.0118028633296472 1.5381798967719067 2.0065863877534871 1.0749283116310833 2.5279249716550112 6.5016396120190638 2.7622320726513863 511.57748848758638 1.3013279139995568 3.2838748283684254 2.1515338039025664 20.526106936857104
leaf_count=50 34 453 44 28 25 23 9 17 101 20 5130 14 40 22 290
internal_value=-4.01681e-05 7.41617e-05 0.00893908 0.0247514 0.0425662 0.0545135 0.0150165 0.0731245 -0.0100263 0.0157618 -0.000340045 -0.00759038 0.0229172 0.0605699 -0.0113487
internal_weight=601.95 599.772 26.7729 14.6001 11.1594 9.62124 3.08151 6.53973 12.1728 5.67117 572.999 61.4213 6.73674 3.45286 54.6846
internal_count=6300 6250 301 146 102 77 32 45 155 54 5949 819 76 36 743
is_linear=0
shrinkage=0.03


Tree=162
num_leaves=16
num_cat=0
split_feature=10 2 6 8 8 8 10 8 17 10 2 10 0 15 0
split_gain=2.36813 2.38627 3.45882 5.4503 3.73332 5.64546 3.0235 2.89888 9.67091 8.75731 5.42604 4.5384 4.14882 4.8017 3.88183
threshold=-9.1350585052644827e-14 -0.022508986441079074 -0.015206900247155134 3682.0000000000005 3175.5000000000005 2669.0000000000005 -7.9275263422620108e-15 3821.0000000000005 0.74826388888888895 -4.7006737095214666e-14 -0.00077015474539904565 -5.2106564906783303e-14 1.2818865740740741 13.27777777777778 1.251678240740741
decision_type=2 2 2 2 2 2 2 2 2 2 2 2 2 2 2
left_child=-1 2 -2 4 5 6 -4 11 9 10 -9 -3 14 -14 -11
right_child=1 7 3 -5 -6 -7 -8 8 -10 12 -12 -13 13 -15 -16
leaf_value=0.03056412622908259 -0.035575060235997852 -0.02454700324693608 0.033454168127593338 0.068896205881820938 -0.034501990384172621 0.065404830081479973 -0.032619675637508672 0.059816351376855786 0.032242792538608692 -0.015435536716759714 -0.0078167981846151927 0.0004559012732653152 -0.027705981049393823 0.02808905949598331 0.056941481825303848
leaf_weight=2.2669159444048992 1.037937059998512 6.6126753389835349 1.0582930818200105 1.7651307210326193 1.3747373819351194 1.6666778698563574 1.5163912214338768 2.1097352923825383 4.5733772302046409 1.6179612241685419 2.1612643338739899 547.62383449729532 23.495938322506849 1.4753477070480574 1.1346173658967016
leaf_count=127 10 62 8 9 13 11 24 13 38 18 17 5592 335 17 6
internal_value=-4.04196e-05 -0.000156199 0.0157027 0.0229133 0.00846098 0.0223864 -0.00546082 -0.000382194 -0.00856326 -0.0143961 0.0255918 0.000157588 -0.0205564 -0.0244095 0.0143984
internal_weight=601.491 599.224 8.41917 7.38123 5.6161 4.24136 2.57468 590.805 36.5682 31.9949 4.271 554.237 27.7239 24.9713 2.75258
internal_count=6300 6173 75 65 56 43 32 6098 444 406 30 5654 376 352 24
is_linear=0
shrinkage=0.03


Tree=163
num_leaves=16
num_cat=0
split_feature=12 6 15 4 7 8 2 0 2 10 10 4 10 8 10
split_gain=2.36297 2.4352 5.19951 9.18422 9.82814 6.5264 6.36875 5.9235 6.64431 10.0627 8.26084 10.7133 9.36937 7.86683 16.4098
threshold=1.0000000180025095e-35 0.0067595898164087989 13.210497685185187 9.7540509259259274 11.96354166666667 3925.5000000000005 -0.003534183082271145 1.6176504629629631 0.001560057334610407 -5.6215155235271674e-15 3.5139020509704052e-15 15.656828703703704 1.578014212270366e-14 3606.5000000000005 -1.8142276805410288e-14
decision_type=2 2 2 2 2 2 2 2 2 2 2 2 2 2 2
left_child=1 -1 3 -3 5 -5 -4 8 9 13 -11 12 -12 14 -6
right_child=-2 2 6 4 7 -7 -8 -9 -10 10 11 -13 -14 -15 -16
leaf_value=-0.0014199138458415249 0.035823280024074741 0.074114026148410561 -0.015858445884763466 -0.018456375848231048 -0.0068877130347692137 0.066539996891307962 0.02026384886691562 -0.017186922938168977 -0.0044800960805601725 -0.020195394412221578 0.038743699730521219 -0.02846203287188144 -0.0049591415832862598 0.051121455204520147 0.036519032763183142
leaf_weight=413.64099045377225 1.6489559598267067 1.5097848214209069 5.3137655435130027 28.085576083511118 15.370611352846026 0.83728471770882507 25.347070802934468 11.409950914792715 39.274804846383631 12.581202749162911 10.708199366927152 5.1010811142623416 7.5124310702085486 6.6720609832555047 15.99577771872282
leaf_count=4311 14 8 75 366 152 6 252 167 387 156 84 80 58 50 134
internal_value=-3.99163e-05 -0.000138583 0.00271524 0.000483122 -0.00024086 -0.0159958 0.0140036 0.00341551 0.00549182 0.0107885 -0.000602999 0.00996637 0.0207249 0.0215405 0.0152482
internal_weight=601.01 599.361 185.72 155.059 153.549 28.9229 30.6608 124.626 113.216 73.9414 35.9029 23.3217 18.2206 38.0385 31.3664
internal_count=6300 6286 1975 1648 1640 372 327 1268 1101 714 378 222 142 336 286
is_linear=0
shrinkage=0.03


Tree=164
num_leaves=16
num_cat=0
split_feature=15 1 16 8 2 10 10 8 10 10 4 10 3 15 15
split_gain=2.34242 5.1757 5.05475 5.03067 3.69636 2.72362 15.0461 19.6593 14.2002 12.4188 16.2144 15.3632 12.3385 11.6653 12.5392
threshold=12.964872685185187 3.7999999999999994 93.068686342592613 1962.0000000000002 -0.0039139244067274192 -8.2262657544828189e-16 -3.4965524095278308e-15 2572.0000000000005 3.5139020509704052e-15 -1.4403360468863488e-15 11.55266203703704 -3.1664917081249131e-15 1.3598958333333335 13.213831018518521 13.178472222222224
decision_type=2 2 2 2 2 2 2 2 2 2 2 2 2 2 2
left_child=1 -1 5 -3 -5 6 -2 9 -7 11 -11 -8 -12 14 -9
right_child=2 3 -4 4 -6 8 7 13 -10 10 12 -13 -14 -15 -16
leaf_value=-0.034907209330462298 -0.00036480547910114873 -0.031859187587583174 -0.033059812846322964 0.05278349843509763 0.0076424889594704053 -0.019150827071063442 0.099100020053842219 0.035822645102158025 0.00088307545943263417 -0.032246883604213773 0.010903334336085545 -0.032658905240515519 0.11766865199691323 -0.0019162036982703046 0.0986925511413453
leaf_weight=1.5813068235293011 338.31824339553714 1.2097819149494169 4.2032690532505503 4.0418648160994044 2.7388509800657639 38.836246123537421 0.8683046707883485 7.8647921746596712 176.81544937100261 2.2553663440048686 1.7996892370283606 9.6261850856244564 2.1238792734220624 3.726277000270783 4.4823711439967155
leaf_count=12 3479 10 52 27 19 568 10 62 1778 37 11 140 17 42 36
internal_value=-3.99678e-05 0.0146821 -0.000278437 0.0244957 0.0345502 -4.35896e-05 0.00151464 0.0209318 -0.00272479 -0.00189065 0.0318515 -0.0217573 0.0686968 0.0446061 0.0586462
internal_weight=600.492 9.5718 590.92 7.9905 6.78072 586.717 371.065 32.7469 215.652 16.6734 6.17893 10.4945 3.92357 16.0734 12.3472
internal_count=6300 68 6232 56 46 6180 3834 355 2346 215 65 150 28 140 98
is_linear=0
shrinkage=0.03


Tree=165
num_leaves=16
num_cat=0
split_feature=5 9 8 16 6 8 2 7 7 3 16 2 9 8 7
split_gain=2.33798 4.09938 4.96433 5.19718 5.53714 3.57595 4.63656 4.17369 2.8867 2.88377 8.95468 7.13174 6.63535 6.69752 8.73136
threshold=23.500000000000004 2444.6053240740744 2817.0000000000005 84.561562500000008 0.0090895339776779615 2346.0000000000005 0.00093466801519100074 23.552083333333339 20.456597222222225 1.3463541666666672 89.671689814814826 -0.0051365325063574821 2684.0000000000005 1867.5000000000002 12.236111111111112
decision_type=2 2 2 2 2 2 2 2 2 2 2 2 2 2 2
left_child=8 5 -3 4 -4 6 -2 -8 9 11 -11 12 13 14 -1
right_child=1 2 3 -5 -6 -7 7 -9 -10 10 -12 -13 -14 -15 -16
leaf_value=-0.029593686761574801 0.044555002082411241 0.0504042778820709 -0.036908550525187538 0.031982635333824935 0.045857004431452297 -0.03586028143319641 -0.037439605576852282 0.041679332731936108 -0.033676748642576831 0.00080007801788159634 0.067004764399264838 -0.0075608922812280257 0.015677564854825295 -0.016365455390066772 0.056113239770178687
leaf_weight=1.685632381588223 1.9018752239644552 3.6507443217560631 2.94903576374054 4.0501274461857975 0.96572664100676764 2.5532590001821518 2.1523305438458924 0.83204424660652865 2.3339118957519522 411.01127019990236 1.8469800427556027 117.72037180513144 27.767221281304955 15.532955786213277 2.9280321393162012
leaf_count=35 49 34 22 49 61 20 16 23 25 4428 18 1115 210 171 24
internal_value=-4.04656e-05 0.0102997 0.0214356 0.00815761 -0.0164912 -0.00708728 0.00794775 -0.0153812 -0.000379694 -0.000245358 0.00109625 -0.00358945 0.00616807 -0.00693846 0.0247997
internal_weight=599.882 19.0551 11.6156 7.96489 3.91476 7.43951 4.88625 2.98437 580.826 578.492 412.858 165.634 47.9138 20.1466 4.61366
internal_count=6300 274 166 132 83 108 88 39 6026 6001 4446 1555 440 230 59
is_linear=0
shrinkage=0.03


Tree=166
num_leaves=16
num_cat=0
split_feature=1 0 10 8 8 14 4 4 10 8 10 1 1 3 16
split_gain=2.31253 2.33136 6.93529 5.38831 6.42935 9.06962 5.81941 6.4163 7.39869 11.6442 10.3942 9.90626 8.33306 11.5263 6.09418
threshold=8.0000000000000018 1.5485532407407412 -4.1501528847619061e-14 1910.5000000000002 3092.5000000000005 12.480000000000002 9.9253472222222232 10.026620370370372 -9.1180093768749655e-15 2701.0000000000005 -8.2164627110349947e-15 4.2500000000000009 4.4000000000000012 1.6946180555555557 69.140295138888902
decision_type=2 2 2 2 2 2 2 2 2 2 2 2 2 2 2
left_child=1 -1 -3 -4 5 6 -5 -8 9 -9 -10 -11 14 -14 -12
right_child=-2 2 3 4 -6 -7 7 8 10 11 12 -13 13 -15 -16
leaf_value=0.00098181004347828961 0.034034725662583344 0.02220646474390791 -0.021898746146436297 -0.03387720316959926 -0.010605374052149445 -0.008507025286446963 0.060514982245881692 -0.024286723424673955 0.068524556566763387 0.095942230101849824 0.05132241848670184 -0.0010704202694528284 0.065494219663171246 0.0038873336793714703 -0.018346110947782723
leaf_weight=439.51827824208885 1.7872030725702632 9.0667605614289624 14.953337601386009 2.3395402058958998 56.515884236432612 35.32920772396028 2.5846536662429562 9.4522592462599189 3.6159907598048404 1.5565599352121346 1.3242597058415571 2.4203097298741341 4.8348817713558656 6.2878194712102413 7.7039183117449284
leaf_count=4209 94 101 289 27 761 394 13 134 25 11 7 19 41 68 107
internal_value=-3.97767e-05 -0.000141698 -0.00326732 -0.00481826 -0.00291172 0.00270244 0.0121046 0.0148089 0.0116329 -0.00616684 0.0216903 0.0369007 0.0132861 0.030667 -0.00812708
internal_weight=599.291 597.504 157.985 148.919 133.965 77.4494 42.1202 39.7807 37.196 13.4291 23.7669 3.97687 20.1509 11.1227 9.02818
internal_count=6300 6206 1997 1896 1607 846 452 425 412 164 248 30 223 109 114
is_linear=0
shrinkage=0.03


Tree=167
num_leaves=16
num_cat=0
split_feature=4 17 10 3 10 3 8 8 0 6 4 8 10 3 8
split_gain=2.3147 2.35282 8.22981 9.44901 9.06498 10.8038 12.7911 15.9069 11.0645 9.24841 10.0486 8.30907 7.91175 7.90144 7.60841
threshold=9.6574074074074101 0.67303240740740755 3.8741847777034414e-15 1.3970486111111116 4.432397722212644e-15 1.5296875000000003 2798.0000000000005 3745.0000000000005 1.2152199074074075 0.0033521099717120657 15.237268518518521 1777.0000000000002 -1.9554507755786809e-15 1.736979166666667 3925.5000000000005
decision_type=2 2 2 2 2 2 2 2 2 2 2 2 2 2 2
left_child=-1 2 3 -2 -4 6 11 8 -8 10 -10 -6 -5 14 -3
right_child=1 13 4 12 5 -7 7 -9 9 -11 -12 -13 -14 -15 -16
leaf_value=-0.031457210882175388 -0.026663667192905777 0.00041607038658007925 0.084095356401098928 -0.00070966484841477695 0.072948177113450641 -0.0034313541596602106 -0.018175242220635299 -0.013195011809736992 0.066114330937923516 0.093729920157452989 -0.034882687716551487 -0.027802429905139578 -0.023194975537313641 0.045050233766407412 0.029403003638179173
leaf_weight=2.1031257435679427 18.396644003689289 370.42548257112503 1.3096244055777777 108.4115492105484 0.85356749966740864 48.320527286268771 1.5621922444552172 4.1313064619898787 2.7798922359943372 5.4047188339754939 1.3018018230795858 5.3814771510660648 16.186502697877586 3.7097691604867569 8.3328479342162591
leaf_count=50 211 3533 16 1318 14 573 12 41 16 33 11 57 267 86 62
internal_value=-3.97038e-05 7.10658e-05 -0.00244753 -0.00659397 0.00589815 0.00442962 0.0221671 0.0370265 0.0558053 0.0679882 0.0339027 -0.0140098 -0.00363073 0.00148054 0.0010538
internal_weight=598.611 596.508 214.04 142.995 71.0451 69.7355 21.415 15.1799 11.0486 9.48641 4.08169 6.23504 124.598 382.468 378.758
internal_count=6300 6250 2569 1796 773 757 184 113 72 60 27 71 1585 3681 3595
is_linear=0
shrinkage=0.03


Tree=168
num_leaves=16
num_cat=0
split_feature=10 14 12 6 5 10 10 4 2 7 7 7 17 8 10
split_gain=2.28802 2.30375 2.29835 2.34725 5.18058 6.783 16.9746 5.61842 7.18456 7.80241 6.45725 9.07485 11.2536 16.1756 6.65111
threshold=-9.1350585052644827e-14 12.160000000000002 1.0000000180025095e-35 0.0067595898164087989 13.500000000000002 1.1599327130195827e-14 1.3156065161101083e-14 10.026620370370372 -0.0025310450840260088 9.7100694444444464 10.692708333333334 11.43229166666667 0.68807870370370383 1910.5000000000002 -8.7113754891636639e-15
decision_type=2 2 2 2 2 2 2 2 2 2 2 2 2 2 2
left_child=-1 -2 3 4 5 -3 -7 8 -6 -10 -9 12 14 -14 -12
right_child=1 2 -4 -5 7 6 -8 10 9 -11 11 -13 13 -15 -16
leaf_value=0.030545768704829484 0.031891476165870236 -0.021520110198720396 0.035670193067447467 0.0024603057675207912 -0.014347926697498924 0.11522472360090374 -0.021625268346540893 -0.026919082996177963 -0.032166039396213833 0.057010464991571877 -0.033324097069942951 -0.001876048801541778 -0.033623313882959846 0.080993741149088791 0.015378187413338736
leaf_weight=2.1931399907916775 2.0123921837657681 21.069254052825276 1.5978696607053269 183.53611313272268 3.1668088994920254 1.2014531791210168 2.5409503988921642 8.673673762008546 1.0711476262658814 5.0276642013341188 3.2686849944293526 345.66618402022868 1.4639081880450238 4.5601237472146749 11.072962777689098
leaf_count=127 42 329 14 1926 49 11 32 112 15 43 43 3404 20 38 95
internal_value=-4.0065e-05 -0.000152627 -0.000261203 -0.000358134 -0.00162356 -0.0149093 0.0223088 -0.000765058 0.0223123 0.0413482 -0.00133571 -0.000729473 0.0187313 0.0531405 0.00427818
internal_weight=598.122 595.929 593.917 592.319 408.783 24.8117 3.7424 383.971 9.26562 6.09881 374.706 366.032 20.3657 6.02403 14.3416
internal_count=6300 6173 6131 6117 4191 372 43 3819 107 58 3712 3600 196 58 138
is_linear=0
shrinkage=0.03


Tree=169
num_leaves=16
num_cat=0
split_feature=2 6 8 8 8 8 17 10 2 15 0 0 3 4 16
split_gain=2.27224 3.2582 5.01869 3.55687 4.97057 2.97959 8.91223 8.02439 5.05312 3.98773 4.54008 3.47157 3.35311 8.80391 8.17095
threshold=-0.022508986441079074 -0.015206900247155134 3682.0000000000005 3175.5000000000005 2669.0000000000005 3821.0000000000005 0.74826388888888895 -4.7006737095214666e-14 -0.00077015474539904565 13.27777777777778 1.2818865740740741 1.251678240740741 1.3463541666666672 11.26678240740741 89.671689814814826
decision_type=2 2 2 2 2 2 2 2 2 2 2 2 2 2 2
left_child=1 -1 3 4 -3 12 7 8 -7 10 11 -9 13 -2 -14
right_child=5 2 -4 -5 -6 6 -8 9 -10 -11 -12 -13 14 -15 -16
leaf_value=-0.035298636861184209 -0.022947949933507274 -0.0049584247325679242 0.06611712997869934 -0.034339790488337005 0.061554910722169155 0.056874332891613956 0.030419764854873556 -0.015393450975044068 -0.0082708569683169943 0.02742890962179213 -0.027516323559315173 0.052832895974616496 0.0015157171000703361 -0.00085641077885903862 0.065232496072675006
leaf_weight=0.99904406815767277 18.233894789591432 2.5054595712572318 1.7902761846780775 1.3342126831412313 1.6954636611044405 2.1110128900036216 4.5904934527352443 1.5991846937686269 2.176435241475704 1.485206427052616 22.871049669571221 1.1567263603210447 385.08089077658951 148.13873162260279 1.8199328314512957
leaf_count=10 278 32 9 13 11 13 38 18 17 17 335 6 4169 1319 15
internal_value=-4.02759e-05 0.0155238 0.022455 0.00833302 0.0218859 -0.000260148 -0.00862432 -0.0143324 0.0238047 -0.0203633 -0.0231331 0.0132429 0.000283936 -0.00327757 0.00181543
internal_weight=597.588 8.32446 7.32541 5.53514 4.20092 589.264 35.9901 31.3996 4.28745 27.1122 25.627 2.75591 553.273 166.373 386.901
internal_count=6300 75 65 56 43 6225 444 406 30 376 359 24 5781 1597 4184
is_linear=0
shrinkage=0.03


Tree=170
num_leaves=16
num_cat=0
split_feature=10 15 16 5 2 17 3 17 17 8 3 10 8 8 17
split_gain=2.22075 2.23476 4.95406 4.93371 4.42041 2.51725 3.02205 3.49032 3.46951 12.8274 8.69018 6.52998 5.37369 6.34766 4.11627
threshold=-9.1350585052644827e-14 12.964872685185187 93.068686342592613 15.500000000000002 -0.006716968410147863 0.84085648148148162 1.0897569444444446 0.75983796296296313 0.81655092592592604 2231.5000000000005 1.2453125000000005 -2.9704374744497782e-14 3265.0000000000005 3556.0000000000005 0.81192129629629639
decision_type=2 2 2 2 2 2 2 2 2 2 2 2 2 2 2
left_child=-1 3 5 -2 -5 6 7 -3 14 -10 11 -11 -13 -14 -8
right_child=1 2 -4 4 -6 -7 8 -9 9 10 -12 12 13 -15 -16
leaf_value=0.030530030648272068 0.04304295291846634 0.042146444701203226 -0.033573871205825903 0.02899890831242756 -0.023421072979067516 0.029625671376324905 -0.00025015484722417319 -0.028937169585964154 0.056898157720437624 0.044279615075305562 0.061492744677219095 -0.032934513134669746 0.049675020129387085 -0.035391376551135077 -0.028950109339664989
leaf_weight=2.131082819774746 3.4292995408177358 0.69980989769101043 4.0194528559222809 2.4427460748702288 3.5546272108331323 2.5435865744948378 549.61688254727051 5.5685636475682259 4.48283897712827 1.70810006558895 1.7363205449655641 7.4348512059077603 1.8523184312507512 1.3759029507637022 4.5347379874438039
leaf_count=127 20 7 50 21 27 15 5777 66 28 8 11 70 16 13 44
internal_value=-3.9905e-05 -0.000149396 -0.00038267 0.0143413 -0.00207028 -0.000153267 -0.000284085 -0.0210013 -5.73459e-05 0.0126908 -0.00135667 -0.0101777 -0.0189012 0.0134188 -0.000485013
internal_weight=597.131 595 585.573 9.42667 5.99737 581.554 579.01 6.26837 572.742 18.5903 14.1075 12.3712 10.6631 3.22822 554.152
internal_count=6300 6173 6105 68 48 6055 6040 73 5967 146 118 107 99 29 5821
is_linear=0
shrinkage=0.03


Tree=171
num_leaves=16
num_cat=0
split_feature=5 9 8 16 6 8 2 7 7 3 16 2 9 8 7
split_gain=2.2095 3.90137 4.66114 4.85181 5.33067 3.44196 4.41726 3.99485 2.79881 2.58419 7.67509 6.72736 6.33561 9.90964 7.82489
threshold=23.500000000000004 2444.6053240740744 2817.0000000000005 84.561562500000008 0.0090895339776779615 2346.0000000000005 0.00093466801519100074 23.552083333333339 20.456597222222225 1.3463541666666672 89.671689814814826 -0.0051365325063574821 2315.5000000000005 1867.5000000000002 12.236111111111112
decision_type=2 2 2 2 2 2 2 2 2 2 2 2 2 2 2
left_child=8 5 -3 4 -4 6 -2 -8 9 11 -11 12 13 14 -1
right_child=1 2 3 -5 -6 -7 7 -9 -10 10 -12 -13 -14 -15 -16
leaf_value=-0.029996251294129403 0.04365098576469232 0.049144371427972927 -0.03665641537642958 0.031105200025878063 0.045862971015939204 -0.035659672528526469 -0.037009043783778332 0.041418632696251831 -0.033574723510652271 0.00075601522881024621 0.061707779717685596 -0.0073043298661904605 0.012867700456004081 -0.030476672621090446 0.05255157130193381
leaf_weight=1.576490856707095 1.8820322565734411 3.6288987919688207 2.8579107299447064 3.9795630723237991 0.93507064692676056 2.4887771308422089 2.1108646597713236 0.80837571155279864 2.2753140963613978 409.72678956016898 1.8677918962202955 116.45036177989095 34.383502082899213 8.6405047290027124 3.0005927588790655
leaf_count=34 49 34 22 49 61 20 16 23 25 4428 18 1115 272 110 24
internal_value=-3.93125e-05 0.0101123 0.0210718 0.00796515 -0.0163132 -0.00702817 0.0078132 -0.0152914 -0.000367642 -0.000236387 0.00103261 -0.00342022 0.00608179 -0.0115707 0.0241195
internal_weight=596.613 18.6915 11.4014 7.77254 3.79298 7.29005 4.80127 2.91924 577.921 575.646 411.595 164.051 47.6011 13.2176 4.57708
internal_count=6300 274 166 132 83 108 88 39 6026 6001 4446 1555 440 168 58
is_linear=0
shrinkage=0.03


Tree=172
num_leaves=16
num_cat=0
split_feature=14 12 4 5 15 8 16 15 8 15 10 2 15 10 16
split_gain=2.19859 2.20483 2.21191 6.7706 5.62164 10.571 8.52231 12.8412 7.03354 6.30167 11.1096 7.18303 6.64073 5.84972 5.31573
threshold=12.160000000000002 1.0000000180025095e-35 13.876736111111112 17.500000000000004 13.162673611111112 1746.5000000000002 87.853877314814824 13.028026620370373 3661.5000000000005 13.167187500000002 -3.4965524095278308e-15 -0.00077015474539904565 13.214062500000002 -2.6523000940374237e-15 74.54950810185187
decision_type=2 2 2 2 2 2 2 2 2 2 2 2 2 2 2
left_child=-1 2 -2 4 5 -4 -7 -8 9 -6 11 12 -11 -12 -5
right_child=1 -3 3 14 8 6 7 -9 -10 10 13 -13 -14 -15 -16
leaf_value=0.031831363390723184 -0.0018718567411811144 0.035493518336872622 0.042542668938098195 -0.015042827828735389 0.065799903944685642 -0.024285609647361647 -0.03351568357546672 0.056045963789634272 0.077245772035015009 -0.0041918861062867343 0.090838759557831425 -0.033674953856076432 0.069658179110973134 0.024999052231605673 0.0011902204578676091
leaf_weight=1.941795902326702 329.92279137577862 1.5584394074976433 4.6176316663622883 19.959537628106773 2.2124867103993955 11.029826082289221 2.4048143252730361 3.5942015573382378 2.030988171696662 3.8581840284168747 1.7577342689037321 4.8012529369443646 1.5306126549839971 3.9298642389476255 200.85470342589542
leaf_count=42 3673 14 32 308 14 116 28 20 11 38 8 48 8 34 1906
internal_value=-3.86973e-05 -0.00014287 -0.000236603 0.00181802 0.0128944 0.00228313 -0.00863386 0.0201436 0.02431 0.0183669 0.0117573 -0.00699068 0.0167842 0.0453466 -0.000277095
internal_weight=596.005 594.063 592.505 262.582 41.7676 21.6465 17.0288 5.99902 20.1211 18.0901 15.8776 10.19 5.3888 5.6876 220.814
internal_count=6300 6258 6244 2571 357 196 164 48 161 150 136 94 46 42 2214
is_linear=0
shrinkage=0.03


Tree=173
num_leaves=16
num_cat=0
split_feature=1 0 10 8 8 14 4 4 10 8 10 1 1 3 16
split_gain=2.16905 2.22977 6.37857 5.18146 5.92254 8.47585 5.55831 5.79314 6.86699 10.874 9.39028 8.49787 7.76258 10.2308 5.72931
threshold=8.0000000000000018 1.5485532407407412 -4.1501528847619061e-14 1910.5000000000002 3092.5000000000005 12.480000000000002 9.9253472222222232 10.026620370370372 -9.1180093768749655e-15 2701.0000000000005 -8.2164627110349947e-15 4.2500000000000009 4.4000000000000012 1.6946180555555557 69.140295138888902
decision_type=2 2 2 2 2 2 2 2 2 2 2 2 2 2 2
left_child=1 -1 -3 -4 5 6 -5 -8 9 -9 -10 -11 14 -14 -12
right_child=-2 2 3 4 -6 -7 7 8 10 11 12 -13 13 -15 -16
leaf_value=0.00096460371557756386 0.033869835779985778 0.021250405978806466 -0.0216426453990489 -0.033802911928358707 -0.010296241460557782 -0.0083444132320745767 0.057416940451466864 -0.024005024905358507 0.064990425687021541 0.087464293352476449 0.049403603009532893 -0.0010087197130624202 0.061600398447446775 0.0039396067859419097 -0.018133795691499775
leaf_weight=437.25990817788988 1.69302324252203 9.0415381975471956 14.646269476972519 2.2913396656513205 55.681196602061391 35.074809174053371 2.6140032839030019 9.2509174086153418 3.6697605787776366 1.6456682160496701 1.3282329738140264 2.4050035178661346 4.960615072399376 6.2697169128805399 7.5922374287620187
leaf_count=4209 94 101 289 27 761 394 13 134 25 11 7 19 41 68 107
internal_value=-3.84815e-05 -0.000135171 -0.0032085 -0.00470851 -0.00284064 0.00254359 0.0116304 0.0142502 0.0112106 -0.00605621 0.0208525 0.0349353 0.0128144 0.0294093 -0.00807767
internal_weight=595.424 593.731 156.471 147.43 132.784 77.1023 42.0275 39.7362 37.1222 13.3016 23.8206 4.05067 20.1508 11.2303 8.92047
internal_count=6300 6206 1997 1896 1607 846 452 425 412 164 248 30 223 109 114
is_linear=0
shrinkage=0.03


Tree=174
num_leaves=16
num_cat=0
split_feature=3 1 5 1 2 8 2 8 8 8 2 3 0 9 8
split_gain=2.13986 2.74938 3.06428 3.04839 3.37801 4.09974 3.00642 6.1481 5.00311 4.63465 3.58668 4.89214 3.1436 6.39749 6.34639
threshold=1.8163194444444446 6.8500000000000005 18.500000000000004 6.7999999999999998 0.019117525904393206 2023.0000000000002 0.015180990272317079 3377.0000000000005 1777.0000000000002 3792.5000000000005 0.010267650821505834 1.7421875000000002 1.6022569444444448 2088.5000000000005 2201.0000000000005
decision_type=2 2 2 2 2 2 2 2 2 2 2 2 2 2 2
left_child=1 3 -3 4 6 -6 10 8 -8 -9 12 -12 -1 -14 -15
right_child=-2 2 -4 -5 5 -7 7 9 -10 -11 11 -13 13 14 -16
leaf_value=0.001292656509245206 0.015175365788839731 -0.032812091883910821 0.010851534070132509 0.031826375616706704 0.027187944384798476 -0.030028171453586296 0.05634486461851302 0.083819954364719063 -0.0066288053023763945 0.0087528684588003558 -0.015749914226492991 0.052145900960714947 -0.025481719455700148 0.025029953804882227 -0.0044055908941772878
leaf_weight=443.47447046916932 8.2058454165235144 4.6644362770020953 2.0968092121183872 2.6910157725214949 1.3700553271919478 6.3557948768138885 1.3292575422674398 1.7402463853359216 7.7871936671435833 1.2881267443299291 19.756423693150285 1.0036348681896914 11.733189006336032 7.2366587528958908 74.014353688806295
leaf_count=4375 170 75 32 15 11 63 15 14 74 12 204 11 250 83 896
internal_value=-3.83372e-05 -0.00025118 -0.0192711 -2.93755e-05 -0.000177922 -0.0198818 8.9446e-05 0.0148556 0.0025533 0.05189 -0.00023239 -0.0124675 0.00024109 -0.0047742 -0.0017839
internal_weight=594.748 586.542 6.76125 579.78 577.089 7.72585 569.364 12.1448 9.11645 3.02837 557.219 20.7601 536.459 92.9842 81.251
internal_count=6300 6130 107 6023 6008 74 5934 115 89 26 5819 215 5604 1229 979
is_linear=0
shrinkage=0.03


Tree=175
num_leaves=16
num_cat=0
split_feature=2 6 8 4 8 17 10 2 15 0 3 4 17 16 10
split_gain=2.15507 3.15474 4.5881 2.91706 2.83592 8.32798 7.60721 4.69276 3.85752 4.39824 3.166 8.27904 8.06181 7.02007 6.55774
threshold=-0.022508986441079074 -0.0097054679982228921 2917.0000000000005 11.737847222222223 3821.0000000000005 0.74826388888888895 -4.7006737095214666e-14 -0.00077015474539904565 13.27777777777778 1.2818865740740741 1.3463541666666672 11.26678240740741 0.69733796296296313 89.671689814814826 3.6986975043505344e-15
decision_type=2 2 2 2 2 2 2 2 2 2 2 2 2 2 2
left_child=1 2 3 -1 10 6 7 -6 9 -8 11 -2 14 -12 -13
right_child=4 -3 -4 -5 5 -7 8 -9 -10 -11 13 12 -14 -15 -16
leaf_value=0.026619908102178687 -0.022571191618026693 -0.020959518367227963 0.047624804628929325 -0.032732863084883192 0.054790905301122475 0.029154775300106794 0.013001268634282932 -0.0080556961261160406 0.026626158078148793 -0.027302781264690917 0.0014838973717213393 -0.027732166838696795 0.002298712981698849 0.06022922648878986 0.004492391420517319
leaf_weight=1.5035595670342448 17.726000303402543 1.722336052916942 3.5675270035862923 1.4776885677129028 2.115016614086926 4.6031285878270856 2.735955920070416 2.1627897191792753 1.5005091242492188 22.287946010008454 383.92573913000524 16.182837232016031 122.35570394573733 1.83955773198977 8.7602987149730307
leaf_count=10 278 20 22 23 13 38 24 17 17 335 4169 194 1044 15 81
internal_value=-3.80867e-05 0.0151683 0.02467 -0.00279895 -0.000252647 -0.00848276 -0.0141074 0.0230167 -0.0200947 -0.0228962 0.000276393 -0.00320113 -0.000870135 0.00176403 -0.0164146
internal_weight=594.467 8.27111 6.54878 2.98125 586.195 35.4053 30.8022 4.27781 26.5244 25.0239 550.79 165.025 147.299 385.765 24.9431
internal_count=6300 75 55 33 6225 444 406 30 376 359 5781 1597 1319 4184 275
is_linear=0
shrinkage=0.03


Tree=176
num_leaves=16
num_cat=0
split_feature=10 6 9 9 1 2 6 17 6 6 10 2 0 16 17
split_gain=2.13517 2.13823 2.21854 4.04 6.72557 2.50813 3.30126 3.83297 3.02688 2.79409 8.70824 6.37637 13.2081 7.05486 8.73818
threshold=-9.1350585052644827e-14 0.071741382505352544 1516.0358796296298 1542.0966435185187 5.8500000000000023 -0.022508986441079074 -0.0097054679982228921 0.63136574074074081 -0.012986858585790996 -0.0022761371476032357 -4.998512130797359e-15 -0.019220562986579499 1.4718171296296301 88.199994212962977 0.75520833333333348
decision_type=2 2 2 2 2 2 2 2 2 2 2 2 2 2 2
left_child=-1 2 -2 4 -4 6 7 -5 -9 10 -7 12 -12 14 -13
right_child=1 -3 3 5 -6 9 -8 8 -10 -11 11 13 -14 -15 -16
leaf_value=0.030511320997801447 -0.032549067143960261 0.030559925307961495 0.069865104484085061 -0.01792354321697457 -0.0098848520776041518 -0.014086939487354323 -0.02087252741463717 0.008603950130774583 0.05704626981324086 0.00035694091809124293 0.10462920385554654 0.0012488427290640381 -0.0036167437595720168 -0.026609346470007539 0.052745392955050152
leaf_weight=2.0519711449742308 1.907728038728236 2.0343140880577257 1.9357417523860925 1.3777277134358881 1.8722122265025971 49.067269537597895 1.6922149620950202 1.8700689002871507 3.0611391887068753 480.12853915290907 1.6741835139691819 32.260465565137565 2.5747938323765993 7.1864680405706158 3.2657729461789122
leaf_count=127 30 168 8 18 22 494 19 15 19 4913 12 328 33 72 22
internal_value=-3.7949e-05 -0.000143854 -0.000249743 -0.000144944 0.0306554 -0.000345722 0.0163354 0.0263155 0.0386754 -0.000577374 -0.00524879 0.00398562 0.0390344 0.000499044 0.0059827
internal_weight=593.961 591.909 589.874 587.967 3.80795 584.159 8.00115 6.30894 4.93121 576.157 96.029 46.9617 4.24898 42.7127 35.5262
internal_count=6300 6173 6005 5975 30 5945 71 52 34 5874 961 467 45 422 350
is_linear=0
shrinkage=0.03


Tree=177
num_leaves=16
num_cat=0
split_feature=12 6 15 4 7 8 3 0 2 10 8 10 17 4 17
split_gain=2.11871 2.14648 4.84138 8.55305 8.94854 6.02126 5.96165 5.59946 5.71819 8.57131 8.52499 15.4708 21.3877 8.46801 7.44084
threshold=1.0000000180025095e-35 0.0067595898164087989 13.210497685185187 9.7540509259259274 11.935763888888891 3925.5000000000005 1.3970486111111116 1.6359375000000003 0.001560057334610407 -6.532337423504455e-15 3606.5000000000005 -1.8142276805410288e-14 0.67303240740740755 15.695601851851853 0.6684027777777779
decision_type=2 2 2 2 2 2 2 2 2 2 2 2 2 2 2
left_child=1 -1 3 -3 5 -5 -4 8 9 10 11 14 -13 -11 -6
right_child=-2 2 6 4 7 -7 -8 -9 -10 13 -12 12 -14 -15 -16
leaf_value=-0.001340661699211862 0.035337371375751353 0.070913080331904521 -0.033956619884323899 -0.01850268844860211 0.033270920823654057 0.062132224661819578 0.017182324434137527 -0.020813893154599764 -0.0043465387872903749 0.0077347478900416638 0.049327617430213841 -0.030447227668116882 0.05239981312263263 -0.025068675582442228 -0.018232509591831092
leaf_weight=408.16943852696568 1.5198889449238766 1.5323446989059437 2.2119917022064355 26.247467427514497 3.1449528019875315 0.86079097911715408 28.305312867276371 8.2462318101897818 40.439422656781971 27.456853728741407 7.0348872751928857 3.6239740177989033 12.402024529874323 9.5444827489554864 12.798739192076026
leaf_count=4311 14 8 23 353 37 6 304 133 405 251 52 34 100 145 124
internal_value=-3.74947e-05 -0.000128313 0.00256326 0.000391401 -0.000320481 -0.0159422 0.0134756 0.00307572 0.0047675 0.00961668 0.019429 0.0128499 0.0336655 -0.000726885 -0.00807327
internal_weight=593.539 592.019 183.849 153.332 151.8 27.1083 30.5173 124.692 116.445 76.0059 39.0046 31.9697 16.026 37.0013 15.9437
internal_count=6300 6286 1975 1648 1640 359 327 1281 1148 743 347 295 134 396 161
is_linear=0
shrinkage=0.03


Tree=178
num_leaves=16
num_cat=0
split_feature=14 3 0 10 10 3 8 8 14 4 4 10 5 7 10
split_gain=2.11463 2.10132 2.22231 5.73062 5.18914 5.50199 4.7754 5.74227 7.71735 5.30444 5.39407 6.4575 5.87631 7.49784 6.71072
threshold=12.160000000000002 1.9423611111111116 1.5485532407407412 -4.1501528847619061e-14 -4.4365947357783763e-14 1.7178819444444446 1910.5000000000002 3092.5000000000005 12.480000000000002 9.9253472222222232 10.026620370370372 -1.1691678835528707e-14 19.500000000000004 16.015625000000004 -8.2164627110349947e-15
decision_type=2 2 2 2 2 2 2 2 2 2 2 2 2 2 2
left_child=-1 2 -2 4 5 -4 -5 8 9 -8 -11 -12 13 14 -13
right_child=1 -3 3 6 -6 -7 7 -9 -10 10 11 12 -14 -15 -16
leaf_value=0.031773157051178801 0.00085360352679544145 0.030635109080108303 -0.0030545511341051571 -0.021288641876028139 0.07427440629194923 0.059691352193978982 -0.033758095289747679 -0.010411999771887755 -0.0080859415461729048 0.055305779529782044 -0.0086838109126070699 0.048855426673041831 -0.020831309793917244 0.091499927613843235 0.0099909839712457819
leaf_weight=1.8747974056750525 435.15458748769015 1.9902760311961163 5.8842266090214252 14.205337600782512 1.3492452055215816 1.5996665647253392 2.2484284676611415 54.530627108644694 34.825918666087091 2.6083886101841918 10.916435044258824 5.3169186227023628 2.9732308262027791 1.3910753279924382 16.126571606844678
leaf_count=42 4182 114 79 289 6 11 27 748 386 12 126 47 55 7 169
internal_value=-3.75734e-05 -0.000138464 -0.000242427 -0.00333994 0.0201205 0.0103573 -0.0047677 -0.00297535 0.00233208 0.0110576 0.0136195 0.0106587 0.0188403 0.0240059 0.0196274
internal_weight=592.996 591.121 589.131 153.976 8.83314 7.48389 145.143 130.938 76.407 41.581 39.3326 36.7242 25.8078 22.8346 21.4435
internal_count=6300 6258 6144 1962 96 90 1866 1577 829 443 416 404 278 223 216
is_linear=0
shrinkage=0.03


Tree=179
num_leaves=16
num_cat=0
split_feature=4 4 10 0 8 10 10 16 5 16 10 16 4 4 10
split_gain=2.09544 2.15947 8.33209 14.7678 8.97823 6.96237 6.2635 12.8997 5.92016 5.1469 6.51904 3.6397 7.04578 16.404 15.4075
threshold=9.6574074074074101 10.026620370370372 -1.5304066061840219e-14 1.3864004629629632 3853.0000000000005 -3.0408686614355864e-14 1.131130533926431e-14 83.971875000000026 13.500000000000002 86.499994212962989 -3.8177163412239058e-14 75.612129629629649 11.884837962962964 12.074074074074074 -1.7567334612127807e-14
decision_type=2 2 2 2 2 2 2 2 2 2 2 2 2 2 2
left_child=-1 2 5 -4 6 9 8 -8 -5 10 -2 -3 -13 14 -14
right_child=1 11 3 4 -6 -7 7 -9 -10 -11 -12 12 13 -15 -16
leaf_value=-0.031329179417073125 -0.0318235749485552 -0.0060015565323008552 -0.03283529551301588 0.04340901081928502 -0.031884735431146199 -0.032355899709597256 -0.033433128149166297 0.093807255426780534 0.10085856006644123 0.072373943931631116 0.039980062585724022 -0.0066450179524588926 -0.028344043359149799 0.0012687393417746028 0.048956284108130001
leaf_weight=1.9197081122547377 2.5789075940847392 86.164137014187872 3.2099227309226981 4.0255254954099637 1.3645402379333962 6.1267442032694834 1.8988639228045943 1.1522106714546678 2.6952514769509435 1.0887620151042936 2.0366938635706906 94.404550025239587 2.8929154407232991 368.98315048310906 11.731506943702696
leaf_count=50 36 1107 44 28 25 101 23 9 17 8 10 1188 39 3519 96
internal_value=-3.699e-05 6.47657e-05 0.00848808 0.0238582 0.0401994 -0.0101496 0.0502652 0.014618 0.0664482 0.0137009 -0.000139291 -0.000326071 0.000696965 0.0025038 0.0336652
internal_weight=592.273 590.354 26.1774 14.3463 11.1364 11.8311 9.77185 3.05107 6.72078 5.70436 4.6156 564.176 478.012 383.608 14.6244
internal_count=6300 6250 301 146 102 155 77 32 45 54 46 5949 4842 3654 135
is_linear=0
shrinkage=0.03


Tree=180
num_leaves=16
num_cat=0
split_feature=10 15 16 1 8 2 10 10 8 10 10 4 10 3 4
split_gain=2.07624 2.08699 4.73465 4.72717 4.4644 3.41669 2.32379 14.3347 17.5835 12.9773 11.5257 14.2765 13.8902 11.4968 10.6171
threshold=-9.1350585052644827e-14 12.964872685185187 93.068686342592613 3.7999999999999994 1962.0000000000002 -0.0039139244067274192 -8.2262657544828189e-16 -3.4965524095278308e-15 2572.0000000000005 3.5139020509704052e-15 -1.4403360468863488e-15 11.55266203703704 -3.1664917081249131e-15 1.3598958333333335 15.186921296296299
decision_type=2 2 2 2 2 2 2 2 2 2 2 2 2 2 2
left_child=-1 3 6 -2 -5 -6 7 -3 10 -8 12 -12 -9 -13 -11
right_child=1 2 -4 4 5 -7 9 8 -10 14 11 13 -14 -15 -16
leaf_value=0.030497818280272898 -0.034361806433099114 -0.00055556316991511509 -0.033482551093311455 -0.031503510352154387 0.050713286821631065 0.0068725388974777103 -0.018649173843890268 0.089571746820371598 0.042339172148765446 0.0053379823927444366 -0.032146443428754862 0.0084007463002412734 -0.032524307255405727 0.11027525824366853 -0.011226947417727806
leaf_weight=1.9973506238311518 1.5227577183395604 331.56805489398539 3.859699227847158 1.1359610669314859 3.9297312013804908 2.6985532101243739 37.515339223667979 0.92258243076503355 16.288805739022791 126.98041164735332 2.1298170909285536 1.8294039666652677 9.2105800323188305 2.1910481350496411 47.981688345782459
leaf_count=127 12 3354 50 10 27 19 568 10 140 1281 37 11 140 17 497
internal_value=-3.72694e-05 -0.000140682 -0.000366411 0.0139683 0.0234471 0.0328645 -0.000144742 0.00131004 0.0203009 -0.00263792 -0.0017447 0.0306524 -0.021408 0.0639199 0.000795208
internal_weight=591.762 589.764 580.477 9.287 7.76425 6.62828 576.618 364.14 32.5722 212.477 16.2834 6.15027 10.1332 4.02045 174.962
internal_count=6300 6173 6105 68 56 46 6055 3709 355 2346 215 65 150 28 1778
is_linear=0
shrinkage=0.03


Tree=181
num_leaves=16
num_cat=0
split_feature=4 5 0 10 8 8 2 2 4 16 10 10 3 4 7
split_gain=2.12539 6.22285 5.54811 6.5399 8.45595 13.4705 9.83538 5.23145 5.83288 4.982 11.2183 15.1105 10.2191 9.39688 24.069
threshold=13.876736111111112 17.500000000000004 1.1302083333333335 -2.8833203368255315e-14 1746.5000000000002 1989.0000000000002 0.00097942160809293393 0.0061629236185998049 13.970486111111112 83.971875000000026 2.3464897047013668e-14 2.8739200180633419e-14 1.3206597222222223 13.332754629629632 12.439236111111112
decision_type=2 2 2 2 2 2 2 2 2 2 2 2 2 2 2
left_child=9 2 -2 -4 -5 -6 -7 -8 -9 10 -1 -12 -11 14 -14
right_child=1 -3 3 4 5 6 7 8 -10 12 11 -13 13 -15 -16
leaf_value=-0.0060399455142802561 -0.028261847404637806 -3.8157268996252032e-05 -0.012222282247587596 0.061359993538098435 -0.032511504214090901 0.040005664733312976 -0.020163056308478096 0.062988866699866974 -0.0042284156801008776 -0.0053699140065672345 0.066402411011026979 -0.0013095145466177321 0.0084092829689107942 -0.0064919290495827767 0.06596296189521747
leaf_weight=203.03891302458942 2.7942551085725418 220.23157007945701 6.4058087738230816 4.0749139655381432 4.4949037916958359 14.244375567883255 5.0810804143547994 1.9792011082172392 2.8136111721396446 57.70368488971144 4.6023924807086578 8.3429462639614922 30.726512504741549 16.248365633189678 8.3078392217867059
leaf_count=2413 24 2236 69 27 65 98 44 12 25 633 35 72 331 145 71
internal_value=-3.75573e-05 0.00197776 0.0125766 0.0154956 0.0209274 0.0151692 0.0240555 0.00104522 0.0235291 -0.00164333 -0.00431355 0.0227638 0.00346104 0.0126787 0.0206587
internal_weight=591.09 262.12 41.8881 39.0939 32.6881 28.6132 24.1183 9.87389 4.79281 328.971 215.984 12.9453 112.986 55.2827 39.0344
internal_count=6300 2600 364 340 271 244 179 81 37 3700 2520 107 1180 547 402
is_linear=0
shrinkage=0.03


Tree=182
num_leaves=16
num_cat=0
split_feature=5 9 8 16 6 8 2 7 7 2 7 9 10 7 1
split_gain=2.09775 3.71842 4.35626 4.5534 5.10798 3.27205 4.19253 3.80232 2.64519 2.42259 8.23914 7.39122 7.55127 7.04966 7.19728
threshold=23.500000000000004 2444.6053240740744 2817.0000000000005 84.561562500000008 0.0090895339776779615 2346.0000000000005 0.00093466801519100074 23.552083333333339 20.456597222222225 -0.007564674467567303 14.578125000000002 2669.0000000000005 1.9524448612776302e-14 14.720486111111112 6.4000000000000012
decision_type=2 2 2 2 2 2 2 2 2 2 2 2 2 2 2
left_child=8 5 -3 4 -4 6 -2 -8 9 10 11 12 -1 -12 -15
right_child=1 2 3 -5 -6 -7 7 -9 -10 -11 13 -13 -14 14 -16
leaf_value=-0.018334255534739247 0.042824077803210639 0.04793498483281896 -0.036397644675473559 0.030323858004611789 0.046308535479724272 -0.035428263027692766 -0.03672450805516024 0.041178631955006116 -0.033394759318254905 -0.001118997850319869 0.061298924480814102 0.0057329328034305222 0.075369842727303696 0.018642219240949054 -0.020158610995302501
leaf_weight=23.475995408371094 1.8431779416278029 3.5988332089036685 2.7611444592475896 3.911309143062681 0.88828321173787106 2.4088071212172508 2.0521643627434973 0.77751034684479226 2.1728534549474707 472.79249756084755 2.8548258990049353 40.060627162456512 0.80039665102958579 25.067880474030975 5.1940716626122585
leaf_count=345 49 34 22 49 61 20 16 23 25 4985 16 374 7 197 77
internal_value=-3.79744e-05 0.00997721 0.0207671 0.00783547 -0.0162667 -0.00702595 0.00761515 -0.015319 -0.000357127 -0.000231242 0.00407567 -0.00218264 -0.0152448 0.0162339 0.0119826
internal_weight=590.66 18.2412 11.1596 7.56074 3.64943 7.08166 4.67285 2.82967 572.419 570.246 97.4538 64.337 24.2764 33.1168 30.262
internal_count=6300 274 166 132 83 108 88 39 6026 6001 1016 726 352 290 274
is_linear=0
shrinkage=0.03


Tree=183
num_leaves=16
num_cat=0
split_feature=12 6 15 4 7 3 8 0 2 10 8 10 17 0 16
split_gain=2.04877 2.09862 4.56155 7.69053 8.26311 5.65952 5.46823 5.17756 5.75521 8.44334 8.1862 13.6589 18.9974 10.5408 7.43148
threshold=1.0000000180025095e-35 0.0067595898164087989 13.210497685185187 9.7540509259259274 11.96354166666667 1.3970486111111116 3925.5000000000005 1.6359375000000003 0.001560057334610407 -5.6215155235271674e-15 3606.5000000000005 -1.8142276805410288e-14 0.67303240740740755 1.564178240740741 80.527604166666677
decision_type=2 2 2 2 2 2 2 2 2 2 2 2 2 2 2
left_child=1 -1 3 -3 6 -4 -5 8 9 10 11 14 -13 -14 -6
right_child=-2 2 5 4 7 -7 -8 -9 -10 -11 -12 12 13 -15 -16
leaf_value=-0.0013280071916375988 0.035207882864702202 0.066660553113124479 -0.033776150485788248 -0.017536916954162214 0.024764699720425738 0.016698000578438486 0.05820128885023082 -0.02031755134356163 -0.0045740435382497641 -0.00092734568449150492 0.048536700360845848 -0.030150375392688476 0.057249379522740132 -0.030406807889341025 -0.020801664084349129
leaf_weight=405.83726705238223 1.4806148447096337 1.5613664835691441 2.1511179255321649 26.701037870720032 4.5551452888175836 28.33380691986531 0.88642672076821227 7.9721665629185727 39.63264781050384 36.118912250734866 7.0156167424283913 3.5393428057432201 11.838896502740679 1.3784238100051869 11.000697892624883
leaf_count=4311 14 8 23 366 51 304 6 132 399 388 51 34 83 23 107
internal_value=-3.73962e-05 -0.000126067 0.00254405 0.000422469 -0.000264084 0.0131364 -0.0151033 0.00306278 0.00468246 0.00954494 0.0191627 0.0127851 0.0315781 0.0481078 -0.00745868
internal_weight=590.003 588.523 182.686 152.201 150.639 30.4849 27.5875 123.052 115.08 75.447 39.3281 32.3125 16.7567 13.2173 15.5558
internal_count=6300 6286 1975 1648 1640 327 372 1268 1136 737 349 298 140 106 158
is_linear=0
shrinkage=0.03


Tree=184
num_leaves=16
num_cat=0
split_feature=1 10 14 0 8 8 14 7 15 8 5 8 8 10 10
split_gain=2.05075 2.03397 2.0412 2.11994 5.26508 4.93869 8.05659 5.84392 11.02 8.31376 8.04162 6.48584 17.8408 5.52614 5.21981
threshold=8.0000000000000018 -9.1350585052644827e-14 12.160000000000002 1.5485532407407412 1910.5000000000002 3162.5000000000005 12.480000000000002 15.477430555555557 13.183738425925929 3636.0000000000005 16.500000000000004 3533.5000000000005 3636.0000000000005 -4.7006737095214666e-14 3.9172649979356755e-14
decision_type=2 2 2 2 2 2 2 2 2 2 2 2 2 2 2
left_child=1 -1 -3 -4 -5 6 -6 10 -9 -10 11 -7 -13 -8 -14
right_child=-2 2 3 4 5 7 13 8 9 -11 -12 12 14 -15 -16
leaf_value=0.030485293059436338 0.034124267284837251 0.031725102035912923 0.00074395837608439233 -0.021012284314614001 0.011440609843506384 -0.022182552800158215 0.063518533797082319 -0.012563486053761789 0.083992487896327309 0.0023403407820483785 -0.027793778085808175 0.079411152983748623 -0.010925447171437792 -0.0092652597181463684 0.063504165940938578
leaf_weight=1.9466983405873168 1.5773062319494773 1.7934799874201406 431.91641616309062 13.844989154487847 45.818435552064329 8.8988184761255997 0.96392007172107597 7.3502268809825164 2.4727277318015695 2.0549755869433284 19.725207005627453 2.735914632678031 11.302450385875996 36.094205630943179 0.916806850582362
leaf_count=127 94 42 4096 289 483 130 4 103 24 24 283 17 163 414 7
internal_value=-3.73344e-05 -0.000128998 -0.000230719 -0.00032884 -0.00337368 -0.00160833 0.00302855 -0.00853781 0.0101159 0.0469333 -0.013622 -0.00190323 0.0101636 -0.00737208 -0.00534102
internal_weight=589.413 587.835 585.889 584.095 152.179 138.334 82.8766 55.4571 11.8779 4.5277 43.5792 23.854 14.9552 37.0581 12.2193
internal_count=6300 6206 6079 6037 1941 1652 901 751 151 48 600 317 187 418 170
is_linear=0
shrinkage=0.03


Tree=185
num_leaves=16
num_cat=0
split_feature=4 17 10 0 3 8 8 10 7 8 3 0 6 7 10
split_gain=2.01867 2.01801 7.98444 8.9034 8.4091 11.7366 13.9494 10.7047 11.41 7.61802 7.19558 6.68606 7.51357 7.61564 6.66625
threshold=9.6574074074074101 0.67303240740740755 3.8741847777034414e-15 1.3956597222222225 1.5296875000000003 2798.0000000000005 3745.0000000000005 6.710938785905148e-15 12.842013888888891 1777.0000000000002 1.736979166666667 1.2195023148148147 0.0033521099717120657 15.796875000000002 -1.9554507755786809e-15
decision_type=2 2 2 2 2 2 2 2 2 2 2 2 2 2 2
left_child=-1 2 3 -2 5 9 11 8 -6 -4 -3 -7 13 -13 -5
right_child=1 10 4 14 7 6 -8 -9 -10 -11 -12 12 -14 -15 -16
leaf_value=-0.03128304987486219 -0.023009639984636173 0.00096671370958159076 0.066975296507772245 -0.00024887017030342186 -0.0083216340127010187 -0.0018878200130726826 -0.012426329905151043 -0.010265183471483964 0.044550772107052466 -0.027416495111895485 0.043783287502427298 0.056960826948234074 0.085812348363816543 -0.034540195332694534 -0.022047252662160878
leaf_weight=1.8550583012402047 24.159547938033938 374.03980312123895 0.90284818038344639 100.79842393938452 6.7765862932428709 1.7073246194049705 3.9983558319509021 33.733944563195109 8.0218290938064438 5.2105926722288132 3.5662013273686162 3.0179108083248121 5.4190999586135149 1.1233785673975942 14.434384047985075
leaf_count=50 283 3595 14 1259 82 14 41 440 67 57 86 17 31 10 254
internal_value=-3.73611e-05 6.13978e-05 -0.00230141 -0.00645105 0.00597227 0.0216483 0.0357144 -0.000933371 0.0203391 -0.0134765 0.00137108 0.0527972 0.062563 0.03214 -0.0029794
internal_weight=588.765 586.91 209.304 139.392 69.9119 21.3795 15.2661 48.5324 14.7984 6.11344 377.606 11.2677 9.56039 4.14129 115.233
internal_count=6300 6250 2569 1796 773 184 113 589 149 71 3681 72 58 27 1513
is_linear=0
shrinkage=0.03


Tree=186
num_leaves=16
num_cat=0
split_feature=12 6 10 10 1 2 7 2 8 6 7 16 17 4 1
split_gain=1.98308 2.00877 4.40672 8.92395 8.50081 8.65966 8.07505 9.07692 15.2779 16.1139 8.81226 7.33152 13.9621 10.5192 10.1531
threshold=1.0000000180025095e-35 0.0067595898164087989 1.1599327130195827e-14 7.0475468602841363e-15 5.4000000000000012 -0.019220562986579499 13.630208333333334 -0.0015305025485770243 3291.5000000000005 0.001548961033451773 13.414930555555557 84.870694444444453 0.70659722222222232 10.866319444444446 3.9000000000000008
decision_type=2 2 2 2 2 2 2 2 2 2 2 2 2 2 2
left_child=1 2 3 -1 5 -4 10 8 9 -8 11 12 13 -7 -15
right_child=-2 -3 4 -5 -6 6 7 -9 -10 -11 -12 -13 -14 14 -16
leaf_value=-0.0011462297344805839 0.035095414379158349 0.0024937278330734109 0.084846890204250458 -0.018514299960746383 -0.024836237429817522 -0.026956878856100742 0.011721246580293899 -0.02166375784597694 -0.027025090904488916 0.10249262620523378 0.067447525687237497 -0.0093260704668818289 0.10853967001671105 -0.019689936042134506 0.051653370694985684
leaf_weight=315.1593591789715 1.4424034096300591 182.0046788691543 1.3645214475691307 29.082357822917402 7.0356717752292743 3.688194587826735 6.0023056827485544 12.685081623494625 5.1819589585065851 2.4904301725327969 3.1259203143417826 8.0252944789826852 1.6506029162555922 2.4337191320955736 6.8436538763344288
leaf_count=3403 14 1975 8 355 85 31 40 130 50 16 21 82 13 31 46
internal_value=-3.75682e-05 -0.000123932 -0.00130096 -0.00261353 0.00616406 0.0102415 0.00828855 -0.00338562 0.0135698 0.0383393 0.0202311 0.0137123 0.026362 0.0159003 0.032938
internal_weight=588.216 586.774 404.769 344.242 60.5274 53.4917 52.1272 26.3598 13.6747 8.49274 25.7674 22.6415 14.6162 12.9656 9.27737
internal_count=6300 6286 4311 3758 553 468 460 236 106 56 224 203 121 108 77
is_linear=0
shrinkage=0.03


Tree=187
num_leaves=16
num_cat=0
split_feature=5 9 8 16 2 8 2 7 2 7 9 10 4 17 0
split_gain=1.97945 3.55643 4.1091 4.32445 4.59753 3.12953 4.92652 2.54774 2.32456 7.5812 7.06152 6.56573 6.36932 5.89269 12.584
threshold=23.500000000000004 2444.6053240740744 2817.0000000000005 84.991875000000007 -0.0026539862959564313 2210.5000000000005 0.00093466801519100074 20.456597222222225 -0.007564674467567303 14.578125000000002 2669.0000000000005 1.9524448612776302e-14 14.608217592592593 0.65104166666666674 1.7243634259259262
decision_type=2 2 2 2 2 2 2 2 2 2 2 2 2 2 2
left_child=7 5 -3 4 -4 6 -2 8 9 10 11 -1 -11 14 -12
right_child=1 2 3 -5 -6 -7 -8 -9 -10 12 13 -13 -14 -15 -16
leaf_value=-0.017993630592442935 0.051906123366131506 0.046825656881088126 0.031800118884822474 0.040327790640884105 -0.029117838808200049 -0.028525982534801 -0.018241894006739638 -0.033278857997789749 -0.0010957184712113066 0.093600527049750526 -0.032647257546291546 0.066450645219281568 0.01342570963432156 0.011843605714033886 0.05958455337839199
leaf_weight=23.00692260358483 1.5796514898538618 3.5724389213137311 1.6891984869726009 2.4443833776749671 3.2801746288314453 3.2460206868126988 2.0975035885348916 2.1064308546483508 470.80858851736411 0.91715764626860519 7.2955895811319333 0.85963989794254203 32.234155074693263 31.055767309851944 1.628568574786186
leaf_count=345 45 34 26 43 63 35 28 25 4985 6 98 7 284 267 9
internal_value=-3.80172e-05 0.00978252 0.020395 0.00765896 -0.00841049 -0.00705815 0.0118927 -0.000346625 -0.000224454 0.00400449 -0.00203904 -0.0149521 0.0156438 0.00566957 -0.0158159
internal_weight=587.822 17.9094 10.9862 7.41376 4.96937 6.92318 3.67716 569.913 567.806 96.9978 63.8465 23.8666 33.1513 39.9799 8.92416
internal_count=6300 274 166 132 89 108 73 6026 6001 1016 726 352 290 374 107
is_linear=0
shrinkage=0.03


Tree=188
num_leaves=16
num_cat=0
split_feature=10 2 6 6 8 4 8 17 10 2 10 15 0 0 8
split_gain=1.96489 1.96038 2.97677 4.12403 4.29366 2.57413 2.56552 7.64643 7.04082 6.12727 4.30051 3.58328 4.22022 3.17749 2.86991
threshold=-9.1350585052644827e-14 -0.022508986441079074 -0.015206900247155134 -0.0097054679982228921 2669.0000000000005 11.737847222222223 3821.0000000000005 0.74826388888888895 -4.7006737095214666e-14 0.0016266742130445196 -5.2106564906783303e-14 13.27777777777778 1.2818865740740741 1.251678240740741 2628.0000000000005
decision_type=2 2 2 2 2 2 2 2 2 2 2 2 2 2 2
left_child=-1 2 -2 4 5 -4 10 8 9 -8 -3 12 13 -10 -12
right_child=1 6 3 -5 -6 -7 7 -9 11 -11 14 -13 -14 -15 -16
leaf_value=0.03047210893676008 -0.035265732425939028 -0.024472393228925207 0.033727824723192829 -0.020653992347904559 0.053752390626672163 -0.032500256995865166 0.045934566479309866 0.027747389125671044 -0.015436750914923809 -0.032288580173644832 -0.002095869559216024 0.024772789909456045 -0.027036717543736998 0.049918737442872015 0.0023419019750741794
leaf_weight=1.8936719186604012 0.95849962532520283 6.3042487651109687 1.0238746479153635 1.652541920542715 3.4834488332271576 1.091005779802799 2.9440399818122414 4.5969226849265388 1.5639876313507621 1.2988419998437164 228.55477290879935 1.531266514211892 21.401340082287788 1.1706606224179266 307.75819451594725
leaf_count=127 10 62 7 20 20 18 18 38 18 12 2746 17 335 6 2846
internal_value=-3.7494e-05 -0.000136199 0.0144207 0.0209888 0.0332811 -0.000437331 -0.000343265 -0.00827498 -0.0138113 0.0219887 0.000161142 -0.0197292 -0.0225525 0.0125409 0.000450704
internal_weight=587.227 585.334 8.20937 7.25087 5.59833 2.11488 577.124 34.5071 29.9101 4.24288 542.617 25.6673 24.136 2.73465 536.313
internal_count=6300 6173 75 65 45 25 6098 444 406 30 5654 376 359 24 5592
is_linear=0
shrinkage=0.03


Tree=189
num_leaves=16
num_cat=0
split_feature=3 8 6 2 8 7 2 8 8 17 2 3 6 16 1
split_gain=1.95878 4.1312 4.08696 2.31102 2.98616 3.75424 2.78378 5.59845 4.94213 3.96686 3.22335 4.5456 2.94263 2.55178 2.38956
threshold=1.8295138888888893 3212.0000000000005 0.0084603156529290315 0.019117525904393206 2023.0000000000002 15.66840277777778 0.015180990272317079 3313.5000000000005 2283.5000000000005 0.65682870370370383 0.010267650821505834 1.7421875000000002 0.002694369464408109 75.97817708333335 6.8500000000000005
decision_type=2 2 2 2 2 2 2 2 2 2 2 2 2 2 2
left_child=3 2 -2 6 -5 -6 10 8 9 -8 14 13 -9 -12 -1
right_child=1 -3 -4 4 5 -7 7 12 -10 -11 11 -13 -14 -15 -16
leaf_value=0.00036963051089176858 0.010150956543940532 -0.016080595581111318 0.073151853794023003 0.023984441717443863 -0.035275195101020292 0.015489400029381392 0.057289132199053398 0.072451873764763502 -0.019223212132710017 -0.0102127699720597 -0.03529809665078875 0.049773551291555418 0.020966630368205112 -0.009333750783589681 -0.018269051342851318
leaf_weight=533.26263862103224 2.2875599260441954 2.1723033655434847 1.5578111317008732 1.4371788278222064 5.5727726705372334 1.7144964681938288 1.8492196593433603 1.7355643324553955 4.8914499040693045 1.3596187327057121 4.4173710551112952 1.0178407002240408 2.3545422675088048 14.889452791772781 6.2632755860686293
leaf_count=5629 80 54 18 12 56 16 15 15 46 21 50 11 19 154 104
internal_value=-3.70206e-05 0.0169909 0.0356735 -0.000213458 -0.0155373 -0.0233317 2.02527e-05 0.0142027 -0.000243777 0.0286879 -0.000288562 -0.0120168 0.0428135 -0.0152744 0.000153257
internal_weight=586.783 6.01767 3.84537 580.765 8.72445 7.28727 572.041 12.1904 8.10029 3.20884 559.851 20.3247 4.09011 19.3068 539.526
internal_count=6300 152 98 6148 84 72 6064 116 82 36 5948 215 34 204 5733
is_linear=0
shrinkage=0.03


Tree=190
num_leaves=16
num_cat=0
split_feature=4 4 10 0 8 6 10 16 10 10 17 16 4 4 10
split_gain=1.95324 2.05264 7.82934 13.8621 7.88295 6.88443 6.58063 4.27685 5.98564 4.19421 7.97199 3.24356 6.37547 15.0678 13.9661
threshold=9.6574074074074101 10.026620370370372 -1.5304066061840219e-14 1.3864004629629632 3853.0000000000005 0.0018791708808051238 -3.0408686614355864e-14 86.499994212962989 -3.8177163412239058e-14 -9.1513152107359448e-15 0.70428240740740755 75.612129629629649 11.884837962962964 12.074074074074074 -1.7567334612127807e-14
decision_type=2 2 2 2 2 2 2 2 2 2 2 2 2 2 2
left_child=-1 2 6 -4 5 -5 7 8 -2 -7 -11 -3 -13 14 -14
right_child=1 11 3 4 -6 9 -8 -9 -10 10 -12 12 13 -15 -16
leaf_value=-0.031246109461558425 -0.031690011371943869 -0.0057279718415961401 -0.032749632704969271 0.10935593664538915 -0.03171826325426963 0.059938490719702128 -0.032255557715686764 0.064379120497877765 0.037503655677953683 -0.013524595586824152 0.06948910988339943 -0.0063945589525576108 -0.028263745354096471 0.0011631751019398396 0.04609717336396215
leaf_weight=1.799238547682761 2.4691832102835174 84.75647704815492 3.1105504520237437 1.4075844921171654 1.2615190632641304 4.0102045852690908 5.8791627287864703 1.1605453789234159 2.0671526864171033 2.7754175812006006 1.6661705421283839 93.095168169122189 2.8037891946732989 366.34943911293522 12.011040206067262
leaf_count=50 36 1107 44 10 25 20 101 8 10 35 12 1188 39 3519 96
internal_value=-3.65395e-05 5.94783e-05 0.00833136 0.0232341 0.0388929 0.0479277 -0.00998989 0.0129882 -0.000159305 0.0376973 0.0176163 -0.000322401 0.000643646 0.00236265 0.032024
internal_weight=586.623 584.823 25.8075 14.2314 11.1209 9.85938 11.576 5.69688 4.53634 8.45179 4.44159 559.016 474.259 381.164 14.8148
internal_count=6300 6250 301 146 102 77 155 54 46 67 47 5949 4842 3654 135
is_linear=0
shrinkage=0.03


Tree=191
num_leaves=16
num_cat=0
split_feature=6 14 10 9 9 1 10 4 0 16 10 6 6 0 8
split_gain=1.93875 1.93849 1.93409 2.12409 3.90303 5.74405 2.30614 9.05028 13.4998 11.8406 13.0289 10.9124 10.7412 8.97526 15.486
threshold=0.071741382505352544 12.160000000000002 -9.1350585052644827e-14 1516.0358796296298 1542.0966435185187 5.8500000000000023 -1.8142276805410288e-14 12.31828703703704 1.4259837962962965 89.871226851851858 -3.1256564295322239e-14 0.0094190182117764049 0.0013133599912480882 1.5141782407407411 2193.0000000000005
decision_type=2 2 2 2 2 2 2 2 2 2 2 2 2 2 2
left_child=1 -1 -3 -4 5 -5 7 -6 9 -9 -11 13 -12 14 -10
right_child=-2 2 3 4 6 -7 -8 8 11 10 12 -13 -14 -15 -16
leaf_value=0.031664180816895933 0.030532780782007309 0.030459365692368335 -0.032512214025488359 0.065866224009028279 -0.015838915410648267 -0.0085259636852094717 0.00068678499504949903 -0.017975299426787644 -0.033596294284303857 0.062029142157869872 -0.036926468080033401 -0.017314243923050979 0.017766779808980081 0.0079930172195395791 0.050205743682199856
leaf_weight=1.720363400876521 1.8612690232694138 1.8425737912766624 1.8394150529056776 1.9543720334768289 39.99433744745329 1.7894065082073209 429.00653267325833 39.887331232428551 2.3439161479473105 3.6454233974218395 5.0005087330937377 8.9544492624700052 9.1358752772212011 24.1815299494192 12.945845942944286
leaf_count=42 168 127 30 8 525 22 4444 339 25 21 41 89 59 270 90
internal_value=-3.66568e-05 -0.000134044 -0.000227954 -0.000325329 -0.000223047 0.0303091 -0.000421807 -0.0036773 0.000907231 -0.00889905 0.0114604 0.0125853 -0.00158004 0.0193683 0.0373589
internal_weight=586.103 584.242 582.522 580.679 578.84 3.74378 575.096 146.089 106.095 57.6691 17.7818 48.4257 14.1364 39.4713 15.2898
internal_count=6300 6132 6090 5963 5933 30 5903 1459 934 460 121 474 100 385 115
is_linear=0
shrinkage=0.03


Tree=192
num_leaves=16
num_cat=0
split_feature=12 6 15 4 7 2 8 0 6 16 3 4 5 4 2
split_gain=1.92096 1.95389 4.45172 6.74984 7.54416 5.28157 5.15186 4.97302 5.09256 6.51602 5.17085 5.46362 4.92796 5.94364 5.27511
threshold=1.0000000180025095e-35 0.0067595898164087989 13.210497685185187 9.7540509259259274 11.935763888888891 -0.003534183082271145 3925.5000000000005 1.6359375000000003 0.01034222153754095 88.954577546296306 1.6442708333333338 15.586226851851853 13.500000000000002 10.446180555555557 -0.0022870380913469057
decision_type=2 2 2 2 2 2 2 2 2 2 2 2 2 2 2
left_child=1 -1 3 -3 6 -4 -5 8 10 -10 -6 -12 13 -7 -14
right_child=-2 2 5 4 7 12 -8 -9 9 -11 11 -13 14 -15 -16
leaf_value=-0.0012852447937328748 0.034949593963286736 0.061856872959905315 -0.015098282682470147 -0.0175694300931762 0.0079143963112185984 0.025049971337240344 0.05548042255375326 -0.020408658960153609 -0.0067126983891730597 0.02825759343268187 0.074883440600581858 -0.0084879807061387751 0.056003939290264808 0.10364448792758453 0.0075018186688313969
leaf_weight=402.73687744420022 1.4090246595442284 1.5893012583255757 5.0372636485844877 24.969082597643141 62.946526950225234 2.9051688620820668 0.90022279694676299 7.791948812082409 44.190147786866874 5.3791549284942439 2.1229164423421021 1.0610071485862134 2.2595194987952807 1.2337443325668571 18.892164687160395
leaf_count=4311 14 8 75 353 543 24 6 133 507 65 19 14 19 7 202
internal_value=-3.66531e-05 -0.000121063 0.00246534 0.000358093 -0.000296295 0.0129537 -0.0150274 0.0027896 0.00435192 -0.0029178 0.00980107 0.0471008 0.018541 0.0484777 0.012683
internal_weight=585.424 584.015 181.278 150.95 149.361 30.3279 25.8693 123.492 115.7 49.5693 66.1305 3.18392 25.2906 4.13891 21.1517
internal_count=6300 6286 1975 1648 1640 327 359 1281 1148 572 576 33 252 31 221
is_linear=0
shrinkage=0.03


Tree=193
num_leaves=16
num_cat=0
split_feature=3 0 10 10 3 8 8 8 16 3 10 6 10 2 6
split_gain=1.90484 1.96219 5.25342 4.59744 4.93777 4.40249 5.23744 10.1328 5.86874 5.34992 12.6033 7.76731 14.0859 5.80983 4.94344
threshold=1.9423611111111116 1.5485532407407412 -4.1501528847619061e-14 -4.4365947357783763e-14 1.7178819444444446 1910.5000000000002 2849.5000000000005 2701.0000000000005 80.446307870370376 1.6442708333333338 -9.1180093768749655e-15 0.0063413574996037782 -1.9554507755786809e-15 0.0049937206545254843 -0.00046076441681886784
decision_type=2 2 2 2 2 2 2 2 2 2 2 2 2 2 2
left_child=1 -1 3 4 -3 -4 7 9 -9 13 -11 14 -13 -7 -12
right_child=-2 2 5 -5 -6 6 -8 8 -10 10 11 12 -14 -15 -16
leaf_value=0.00089839385447172378 0.030589692486956324 -0.0028209456791525428 -0.020759859155559099 0.06979666641196576 0.056392477205674349 -0.015752786074880454 -0.0079707962600361632 0.049132742399120993 -0.0078960319288344256 -0.021110389968780778 0.035496828428526701 0.14006637747728529 0.016480954214810016 0.036512629518856261 -0.0044650371590503725
leaf_weight=431.80529645318165 1.8220716221258033 5.8128906302154064 13.500691706780342 1.3754416555166225 1.6208743480965493 21.779802291654054 73.977653186768293 6.2910415371879918 2.1891953647136688 8.0154272802174109 5.0634219776839009 1.3619776694104078 2.1251493245363227 2.0985952578485003 6.1941323559731236
leaf_count=4209 114 80 289 6 12 285 938 34 19 117 47 14 26 19 91
internal_value=-3.63273e-05 -0.000132009 -0.00307068 0.0194125 0.0100901 -0.00445962 -0.00275497 0.00424546 0.0344106 -0.00123945 0.00916785 0.0256276 0.0647501 -0.0111593 0.013509
internal_weight=585.034 583.212 151.406 8.80921 7.43376 142.597 129.096 55.1187 8.48024 46.6385 22.7601 14.7447 3.48713 23.8784 11.2576
internal_count=6300 6186 1977 98 92 1879 1590 652 53 599 295 178 40 304 138
is_linear=0
shrinkage=0.03


Tree=194
num_leaves=16
num_cat=0
split_feature=4 4 10 0 8 10 6 16 10 10 17 2 16 4 4
split_gain=1.89045 1.98397 7.11117 12.9199 7.25635 6.38866 5.88224 3.83558 5.60517 3.77015 7.29638 3.20655 3.14454 5.74143 13.8748
threshold=9.6574074074074101 10.026620370370372 -1.5304066061840219e-14 1.3864004629629632 3853.0000000000005 -3.0408686614355864e-14 0.0018791708808051238 86.499994212962989 -3.8177163412239058e-14 -9.1513152107359448e-15 0.70428240740740755 0.0040856100844613762 75.612129629629649 11.884837962962964 12.074074074074074
decision_type=2 2 2 2 2 2 2 2 2 2 2 2 2 2 2
left_child=-1 2 5 -4 6 7 -5 8 -2 -8 11 -11 -3 -14 -15
right_child=1 12 3 4 -6 -7 9 -9 -10 10 -12 -13 13 14 -16
leaf_value=-0.031205279066875227 -0.031488458114331937 -0.0056607719227464992 -0.032660917367204292 0.10097212974963819 -0.031658801271828893 -0.032152352058985631 0.057217812003307153 0.06067661725583378 0.035995365768931954 -0.032853436327534569 0.065847193997817716 0.040428622688011201 -0.0060874621212382261 0.030521538789231285 0.0010988899054441414
leaf_weight=1.7460608910769213 2.3600953221321102 84.138072561006993 3.019315466284751 1.4792794054374088 1.2230226919054974 5.6279931478202361 4.0092927236109945 1.1973614543676374 2.0875119343400006 2.0057725682854666 1.7035194300115106 0.73405071720480908 92.119362436234951 15.016555857844649 365.97882585367188
leaf_count=50 36 1107 44 10 25 101 20 8 10 29 12 6 1188 135 3519
internal_value=-3.61632e-05 5.72351e-05 0.0082489 0.0223919 0.037293 -0.009534 0.0457838 0.0130163 0.000185491 0.0361254 0.0170935 -0.0132198 -0.000316841 0.000633516 0.00225855
internal_weight=584.446 582.7 25.4472 14.1743 11.1549 11.273 9.93191 5.64497 4.44761 8.45264 4.44334 2.73982 557.253 473.115 380.995
internal_count=6300 6250 301 146 102 155 77 54 46 67 47 35 5949 4842 3654
is_linear=0
shrinkage=0.03


Tree=195
num_leaves=16
num_cat=0
split_feature=15 1 16 8 2 10 10 8 10 10 4 10 3 4 15
split_gain=1.87668 4.48941 4.38105 4.10203 3.27614 2.33205 13.2122 15.4164 11.7175 11.0702 12.8254 11.6368 10.5195 10.0048 9.3797
threshold=12.964872685185187 3.7999999999999994 93.068686342592613 1962.0000000000002 -0.0039139244067274192 -8.2262657544828189e-16 -3.4965524095278308e-15 2572.0000000000005 3.5139020509704052e-15 -1.4403360468863488e-15 11.55266203703704 -3.1664917081249131e-15 1.3598958333333335 15.186921296296299 13.213831018518521
decision_type=2 2 2 2 2 2 2 2 2 2 2 2 2 2 2
left_child=1 -1 5 -3 -5 6 -2 9 -7 11 -11 -8 -12 -10 -9
right_child=2 3 -4 4 -6 8 7 14 13 10 12 -13 -14 -15 -16
leaf_value=-0.034345173466589905 -0.00038061127715721134 -0.031024206369241296 -0.032761887627150363 0.049555640186227871 0.0062905181090193493 -0.018095882249434776 0.073713741064038302 0.051988133924615383 0.0050861245398660052 -0.032001861572187797 0.0075207425864287454 -0.032395817255760483 0.10434521978373006 -0.011117967708285105 -0.0022611626106389692
leaf_weight=1.4780688257887939 329.27209474146366 1.0915820524096487 3.706149377860128 3.8419431839138265 2.6697614416480069 36.143539819866419 1.0405217530205817 12.889405593276026 126.19114573253319 1.9925497919321049 1.8336083516478536 8.7716643810272217 2.2479618191719055 47.089290894567966 3.689487292431294
leaf_count=12 3479 10 52 27 19 568 10 98 1281 37 11 140 17 497 42
internal_value=-3.60915e-05 0.0134951 -0.000249848 0.0227952 0.0318172 -3.88844e-05 0.00141969 0.0196789 -0.00255827 -0.00143996 0.0303894 -0.0211436 0.0608477 0.000682631 0.0399154
internal_weight=583.949 9.08136 574.867 7.60329 6.5117 571.161 361.737 32.4652 209.424 15.8863 6.07412 9.81219 4.08157 173.28 16.5789
internal_count=6300 68 6232 56 46 6180 3834 355 2346 215 65 150 28 1778 140
is_linear=0
shrinkage=0.03


Tree=196
num_leaves=16
num_cat=0
split_feature=5 9 8 16 2 8 2 7 7 2 7 5 8 10 10
split_gain=1.91086 3.38474 3.85715 4.09034 4.38693 3.02676 3.78397 3.62301 2.44418 2.30865 7.13005 9.49985 8.97591 7.90283 8.59352
threshold=23.500000000000004 2444.6053240740744 2817.0000000000005 84.991875000000007 -0.0026539862959564313 2346.0000000000005 0.00093466801519100074 23.552083333333339 20.456597222222225 -0.007564674467567303 15.52604166666667 19.500000000000004 2262.0000000000005 -9.3184168180846704e-15 1.578014212270366e-14
decision_type=2 2 2 2 2 2 2 2 2 2 2 2 2 2 2
left_child=8 5 -3 4 -4 6 -2 -8 9 10 12 -12 -1 -14 -15
right_child=1 2 3 -5 -6 -7 7 -9 -10 -11 11 -13 13 14 -16
leaf_value=-0.019605331963548904 0.041594438948415066 0.045816610280280411 0.031143602047801019 0.040063581024084284 -0.028628883658613952 -0.035049102629876608 -0.036087547400344054 0.041200288628216834 -0.033167878457386717 -0.001090623019842263 0.036867916132126782 -0.0016522928743216468 -0.0093777673144633464 0.022470705634762514 -0.011982633452877147
leaf_weight=17.095260884612799 1.7660404839552963 3.5393497692421061 1.686171344015748 2.3587786327116191 3.2067907480522981 2.281700037419796 1.9775671008974316 0.75399680621922005 2.0337536521255961 467.65791280567646 12.110394231043758 10.992185491137205 20.862454543821514 26.342821426689625 8.6566588021814805
leaf_count=275 49 34 26 43 63 20 16 23 25 4985 90 109 221 237 84
internal_value=-3.63545e-05 0.0097069 0.0201434 0.00761303 -0.00803059 -0.00690554 0.0073721 -0.0147537 -0.000338948 -0.000220509 0.00401556 0.01854 -0.000583757 0.00523736 0.0139491
internal_weight=583.322 17.5704 10.7911 7.25174 4.89296 6.7793 4.4976 2.73156 565.751 563.718 96.0598 23.1026 72.9572 55.8619 34.9995
internal_count=6300 274 166 132 89 108 88 39 6026 6001 1016 199 817 542 321
is_linear=0
shrinkage=0.03


Tree=197
num_leaves=16
num_cat=0
split_feature=10 1 0 8 10 16 15 17 16 3 1 10 10 0 17
split_gain=1.85932 1.86338 1.88326 4.80305 4.71615 11.4022 6.33413 5.72389 6.85135 5.3826 12.2274 7.58867 13.6713 12.4967 11.1533
threshold=-9.1350585052644827e-14 8.0000000000000018 1.5485532407407412 1910.5000000000002 -3.8177163412239058e-14 89.871226851851858 13.185532407407409 0.73900462962962976 87.155011574074095 1.3897569444444449 6.0500000000000016 -8.2262657544828189e-16 5.0177080014496199e-15 1.2705439814814816 0.68460648148148162
decision_type=2 2 2 2 2 2 2 2 2 2 2 2 2 2 2
left_child=-1 2 4 -4 5 6 7 -2 -9 10 -6 14 -13 -14 -11
right_child=1 -3 3 -5 9 -7 -8 8 -10 11 -12 12 13 -15 -16
leaf_value=0.030447869465191988 -0.032329621202637715 0.033799390508591161 -0.020421277529970021 -0.0014444437346604472 -0.0030797122320364296 0.074724059462880771 0.014515044631290752 0.028675210572463677 -0.0296550480618623 -0.00030309515248718642 0.042368081878591667 -0.022701553909759458 0.10232962907599114 0.0035225818733133473 0.017587995582427005
leaf_weight=1.7952271555550385 15.27316953241826 1.4531203876249481 13.157611364498733 136.8642196985893 194.62109247175977 1.3371161418035615 5.3097448986954978 3.6914722351357332 3.5601245425641537 56.847391192801297 5.4778038398362687 21.453267883509398 1.1787508837878693 50.802160742226988 69.944579912815243
leaf_count=127 157 94 289 1667 1892 10 54 27 36 611 48 263 7 456 562
internal_value=-3.58788e-05 -0.000130075 -0.000215152 -0.0031088 0.000795591 -0.01085 -0.0149608 -0.0219091 3.83473e-05 0.0016442 -0.00183556 0.00512175 -0.00255258 0.00576319 0.0095665
internal_weight=582.767 580.972 579.519 150.022 429.497 29.1716 27.8345 22.5248 7.2516 400.325 200.099 200.226 73.4342 51.9809 126.792
internal_count=6300 6173 6079 1956 4123 284 274 220 63 3839 1940 1899 726 463 1173
is_linear=0
shrinkage=0.03


Tree=198
num_leaves=16
num_cat=0
split_feature=12 6 14 0 1 1 2 0 2 10 4 14 15 16 7
split_gain=1.86466 1.85221 1.86094 1.84256 2.24981 3.8138 2.92562 3.40808 2.40165 7.87487 8.57327 8.17447 7.98251 4.67559 4.50502
threshold=1.0000000180025095e-35 0.071741382505352544 12.160000000000002 1.81712962962963 6.8500000000000005 6.7500000000000009 0.00097942160809293393 1.5316550925925927 -0.012533283321835153 5.7738841096248958e-15 10.938078703703704 12.480000000000002 13.185532407407409 84.2459027777778 12.878472222222223
decision_type=2 2 2 2 2 2 2 2 2 2 2 2 2 2 2
left_child=1 2 -1 4 5 8 -6 -8 9 11 -11 12 -4 14 -12
right_child=-2 -3 3 -5 6 -7 7 -9 -10 10 13 -13 -14 -15 -16
leaf_value=0.031620072522894567 0.034852053600894814 0.030517806378661846 0.075301741524018709 0.028290764994870467 -0.027191494399828573 0.032128185329002516 -0.03252581104030882 0.057643928957205735 -0.00094224061840214232 -0.022796326842366162 -0.012066713879165148 -0.010115936997284363 -0.00093505129759609653 0.065971024383371935 0.037279023626925228
leaf_weight=1.6481501758098591 1.3755001686513413 1.7706358078867186 2.1754991002380875 2.0211121528409413 5.6088450681418172 3.2667605653405181 0.65469193831086137 0.8902198001742363 521.78858029656112 2.7912421561777583 2.2891003862023336 23.566080639138818 2.8626003675162792 3.300514079630374 6.1082777269184589
leaf_count=42 14 168 16 110 100 19 10 10 5387 40 28 272 33 19 32
internal_value=-3.60276e-05 -0.000118661 -0.000212354 -0.00030323 -0.000403684 -0.00019317 -0.0171227 0.0194324 -0.000380087 0.00642666 0.0244457 -0.00270068 0.0319847 0.0357181 0.0238275
internal_weight=582.118 580.742 578.972 577.324 575.302 568.149 7.15376 1.54491 564.882 43.0933 14.4891 28.6042 5.0381 11.6979 8.39738
internal_count=6300 6286 6118 6076 5966 5846 120 20 5827 440 119 321 49 79 60
is_linear=0
shrinkage=0.03


Tree=199
num_leaves=16
num_cat=0
split_feature=2 6 8 10 8 2 10 10 0 3 5 6 2 3 4
split_gain=1.8577 2.56918 3.13764 2.72617 2.47379 7.43995 7.34058 7.4268 9.14121 6.53488 3.55612 3.27742 4.87252 2.67716 7.05403
threshold=-0.022508986441079074 -0.0097054679982228921 2917.0000000000005 -5.6597257848385692e-15 3821.0000000000005 -0.0013428589608771764 3.9172649979356755e-14 -4.7006737095214666e-14 1.2818865740740741 1.2383680555555558 13.500000000000002 0.0085335467752630043 -0.0057141262388451007 1.3463541666666672 11.26678240740741
decision_type=2 2 2 2 2 2 2 2 2 2 2 2 2 2 2
left_child=1 2 3 -1 13 6 7 -6 9 -9 -7 -10 -13 14 -2
right_child=4 -3 -4 -5 5 10 -8 8 11 -11 -12 12 -14 -15 -16
leaf_value=0.026826417983746142 -0.021657288150259815 -0.020267252367953063 0.040476007456238416 -0.032507869615064779 0.050929732438046556 0.020523288987058481 0.058060971224290957 -0.0054907660335350578 -0.032524105376711021 0.083955339626132081 -0.026878454106053332 0.062605313544156341 -0.031523196816199937 0.0016317007176689774 -0.00087285536259630191
leaf_weight=1.457211948931217 16.362011274322867 1.5669192550703863 3.7393843829631805 1.3357588220387699 2.0844496763311335 1.5731021878309572 2.1177228712476781 1.5757950469851505 7.9382004681974632 1.3779338076710699 15.067928274162112 0.89266888890415463 1.1108586676418779 378.96785880113021 144.34459441248327
leaf_count=10 278 20 22 23 13 18 13 13 131 7 219 9 21 4184 1319
internal_value=-3.54274e-05 0.0142318 0.0225071 -0.00155064 -0.000236947 -0.00811775 0.00578064 -0.00161028 -0.010103 0.0362364 -0.0223975 -0.0238706 0.0104156 0.000255735 -0.00298898
internal_weight=581.512 8.09927 6.53236 2.79297 573.413 33.7387 17.0976 14.9799 12.8955 2.95373 16.641 9.94173 2.00353 539.674 160.707
internal_count=6300 75 55 33 6225 444 207 194 181 20 237 161 30 5781 1597
is_linear=0
shrinkage=0.03


Tree=200
num_leaves=16
num_cat=0
split_feature=10 15 5 16 2 17 3 17 16 6 10 10 4 10 2
split_gain=1.80788 1.82584 4.38294 4.26566 3.85865 2.26036 2.64448 3.15591 3.13306 2.24326 5.72608 6.45844 7.92587 5.7919 4.90851
threshold=-9.1350585052644827e-14 12.964872685185187 15.500000000000002 93.068686342592613 -0.006716968410147863 0.84085648148148162 1.0897569444444446 0.75983796296296313 92.531996527777792 0.0067595898164087989 1.6987905100380165e-14 2.4984153184291704e-14 11.066550925925927 1.6658022672952955e-14 -0.006334849306871896
decision_type=2 2 2 2 2 2 2 2 2 2 2 2 2 2 2
left_child=-1 2 -2 5 -4 6 7 -3 9 -8 13 -12 -13 -11 -14
right_child=1 3 4 -5 -6 -7 8 -9 -10 10 11 12 14 -15 -16
leaf_value=0.030435870808596575 0.040309250081339065 0.039166187711342122 0.027716195653122451 -0.033212661380491518 -0.023343880987359723 0.027877572250282551 -0.0014721963168558558 -0.028379051833456136 0.039608494098307821 0.0037610536655475588 -0.03418160141802111 0.075434863074477845 0.040137864483436675 0.068842826483520969 -0.024459800361904691
leaf_weight=1.7471420117653895 3.3732052533887309 0.70759246870875259 2.2116954289376736 3.5302586341276756 3.3490610946901143 2.5810143649578086 380.72369309421629 5.180236890912056 1.7870595576241601 159.90044552320614 7.7310980986803752 1.2094854982569812 1.3923539817333219 1.2402241947129358 4.4173826952464879
leaf_count=127 20 7 21 50 27 15 4055 66 13 1732 87 8 7 7 58
internal_value=-3.5202e-05 -0.000127096 0.0133302 -0.000337871 -0.00303561 -0.000133139 -0.000261258 -0.0202615 -5.03736e-05 -0.000177702 0.00262429 -0.0152665 0.00556688 0.00426196 -0.00897841
internal_weight=581.082 579.335 8.93396 570.401 5.56076 566.871 564.29 5.88783 558.402 556.615 175.891 14.7503 7.01922 161.141 5.80974
internal_count=6300 6173 68 6105 48 6055 6040 73 5967 5954 1899 160 73 1739 65
is_linear=0
shrinkage=0.03


Tree=201
num_leaves=16
num_cat=0
split_feature=5 9 8 16 2 8 2 7 7 3 1 6 0 2 4
split_gain=1.8129 3.26503 3.56151 3.87551 4.20587 2.90767 3.62183 3.44456 2.3801 2.09431 6.52923 6.5206 6.51534 6.02334 6.29349
threshold=23.500000000000004 2444.6053240740744 2817.0000000000005 84.991875000000007 -0.0026539862959564313 2346.0000000000005 0.00093466801519100074 23.552083333333339 20.456597222222225 1.3555555555555558 5.950000000000002 0.009793992815312489 1.2631365740740743 -0.0016250387924009182 17.651041666666671
decision_type=2 2 2 2 2 2 2 2 2 2 2 2 2 2 2
left_child=8 5 -3 4 -4 6 -2 -8 9 10 13 -12 -11 -1 -15
right_child=1 2 3 -5 -6 -7 7 -9 -10 12 11 -13 -14 14 -16
leaf_value=0.0017108307227276739 0.040844318885520696 0.044608466181504915 0.030708191686665713 0.039784253315833677 -0.02820759863099051 -0.034896288744440049 -0.035718004460632079 0.040910691629529136 -0.033094181449035399 0.034438005057372129 0.008007681984487168 0.085408992854326363 0.00053606280978593028 -0.014355496672470613 0.0057410884480501943
leaf_weight=81.890382310841233 1.7389503465965415 3.5074814422987384 1.6744662113487727 2.2876503528095782 3.1270894571207455 2.2269293814897537 1.9362434037029745 0.7258714074268936 1.9881343562155951 5.1696388944983473 3.0952280946075907 1.4331106403842566 389.27555456059054 62.463841346092522 18.085079025477171
leaf_count=792 49 34 26 43 63 20 16 23 25 42 28 11 4328 670 130
internal_value=-3.46736e-05 0.00955256 0.0198824 0.0076489 -0.00766165 -0.00696262 0.00717176 -0.0148239 -0.000327781 -0.000211745 -0.00302804 0.0325033 0.000980385 -0.00401855 -0.00984335
internal_weight=580.626 17.2247 10.5967 7.08921 4.80156 6.62799 4.40107 2.66211 563.401 561.413 166.968 4.52834 394.445 162.439 80.5489
internal_count=6300 274 166 132 89 108 88 39 6026 6001 1631 39 4370 1592 800
is_linear=0
shrinkage=0.03


Tree=202
num_leaves=16
num_cat=0
split_feature=12 16 8 16 15 10 10 1 10 10 2 1 8 8 8
split_gain=1.80594 1.78863 2.83397 2.31961 3.32241 5.08621 5.72678 4.04683 3.96331 3.76291 5.00008 4.41247 5.08614 3.66855 3.37014
threshold=1.0000000180025095e-35 67.880225694444462 2954.5000000000005 73.878420138888899 13.214062500000002 -3.0012836840295467e-15 -1.9554507755786809e-15 4.700000000000002 5.7738841096248958e-15 -3.1256564295322239e-14 0.0021858262055785165 3.5499999999999994 3515.5000000000005 2628.0000000000005 2859.5000000000005
decision_type=2 2 2 2 2 2 2 2 2 2 2 2 2 2 2
left_child=1 2 -1 4 5 -3 -7 -8 -9 10 -6 12 13 -11 -10
right_child=-2 3 -4 -5 9 6 7 8 14 11 -12 -13 -14 -15 -16
leaf_value=0.043046425824248565 0.034725331481241212 -0.025027408354280137 -0.015136638477181443 0.00037238777565540634 0.064544288481539244 0.083496200053733594 -0.019610880465160938 -0.033071003383182113 0.053450224722630314 0.023834892751866069 -0.0080314040523413021 -0.0076026375508292882 -0.032203395637649575 0.10847173725139679 -0.0083252942063028624
leaf_weight=2.0855193026363845 1.3421320058405388 15.252717890776696 1.1795783080160616 521.57570243626833 1.8280389560386567 0.71552662551403123 6.3679752359166706 1.080236382782459 2.3496462637558584 1.0810832064598828 1.603995122015476 20.944598760455847 0.75566713139414776 0.80346260499209154 1.2010836135596035
leaf_count=11 14 235 14 5539 15 6 94 17 22 18 14 266 13 6 16
internal_value=-3.41221e-05 -0.00011472 0.0220267 -0.000240326 -0.00616016 -0.0136095 0.0012572 -0.00409279 0.0172459 0.00127544 0.0306253 -0.00299552 0.0335524 0.0599192 0.0325538
internal_weight=580.167 578.825 3.2651 575.56 53.984 26.9672 11.7145 10.9989 4.63097 27.0168 3.43203 23.5848 2.64021 1.88455 3.55073
internal_count=6300 6286 25 6261 722 390 155 149 55 332 29 303 37 24 38
is_linear=0
shrinkage=0.03


Tree=203
num_leaves=16
num_cat=0
split_feature=14 6 10 9 9 1 2 6 6 8 6 10 5 2 15
split_gain=1.77127 1.7692 1.77338 2.01414 3.92037 5.02061 2.11855 3.01102 4.0541 2.75916 2.67913 7.46498 6.01497 7.39435 12.0236
threshold=12.160000000000002 0.071741382505352544 -9.1350585052644827e-14 1516.0358796296298 1542.0966435185187 5.8500000000000023 -0.022508986441079074 -0.015206900247155134 -0.0097054679982228921 3682.0000000000005 -0.0022761371476032357 -4.998512130797359e-15 19.500000000000004 -0.019220562986579499 13.201793981481483
decision_type=2 2 2 2 2 2 2 2 2 2 2 2 2 2 2
left_child=-1 2 -2 -4 5 -5 7 -6 9 -9 11 -8 13 14 -13
right_child=1 -3 3 4 6 -7 10 8 -10 -11 -12 12 -14 -15 -16
leaf_value=0.031569832454060823 0.03042345584327167 0.03051353404418515 -0.032433789317616681 0.063497981341465143 -0.035372341848400608 -0.0069344066870086676 -0.013674657437546766 0.019691521442004832 -0.021679381444571145 0.066092613135785391 0.00030500239406886306 0.086295950130895319 -0.024101271259403693 0.0035625247889827863 -0.032169226601534998
leaf_weight=1.5917105460539449 1.6957376184873272 1.691747817210852 1.7502795904874791 1.958501756191253 0.93592063896358002 1.702817012555897 47.007865132763982 3.7060564048588276 1.4973462596535672 1.674461171030998 468.7105053034611 2.4388514310121532 6.2185014616698018 36.126972970087081 1.1275697723031042
leaf_count=42 127 168 30 8 10 22 492 34 18 8 4881 14 64 362 20
internal_value=-3.36526e-05 -0.000120646 -0.000210535 -0.000300901 -0.000202766 0.0307411 -0.000401724 0.0151118 0.0219815 0.0341319 -0.000617558 -0.00527118 0.00333289 0.00763082 0.0488417
internal_weight=579.835 578.243 576.551 574.856 573.105 3.66132 569.444 7.81378 6.87786 5.38052 561.63 92.9198 45.9119 39.6934 3.56642
internal_count=6300 6258 6090 5963 5933 30 5903 70 60 42 5833 952 460 396 34
is_linear=0
shrinkage=0.03


Tree=204
num_leaves=16
num_cat=0
split_feature=4 4 10 0 8 10 10 16 5 10 16 4 0 4 10
split_gain=1.75946 1.9342 6.8513 12.1437 6.52075 6.07213 5.44298 9.41645 4.65733 3.54409 2.82924 5.31283 13.445 12.7843 12.3458
threshold=9.6574074074074101 10.026620370370372 -1.5304066061840219e-14 1.3864004629629632 3853.0000000000005 -3.0408686614355864e-14 1.131130533926431e-14 83.971875000000026 13.500000000000002 -4.4365947357783763e-14 75.612129629629649 11.884837962962964 1.4591435185185186 12.074074074074074 -1.7567334612127807e-14
decision_type=2 2 2 2 2 2 2 2 2 2 2 2 2 2 2
left_child=-1 2 5 -4 6 9 8 -8 -5 -2 -3 12 -12 14 -13
right_child=1 10 3 4 -6 -7 7 -9 -10 -11 11 13 -14 -15 -16
leaf_value=-0.031122411883997243 -0.012316970057622433 -0.0054234088840116957 -0.03256313264128035 0.038196363645543845 -0.031535553988777887 -0.032067644419124797 -0.033361250078418093 0.07221542228065439 0.0883345346030706 0.035490893387690181 0.0023560033556902032 -0.028552938506512433 -0.021982660340844139 0.0010252184392507638 0.041823748690332757
leaf_weight=1.6336996685713518 2.691909447312355 82.922800074797124 2.8982809465378514 4.0004126857966167 1.1414484716951836 5.4336007237434405 1.7982604093849661 1.3172610336914656 2.8591217258945107 2.8979189842939377 60.069076555781066 2.7370848357677451 30.953300036489964 363.55087092751637 12.437708752695469
leaf_count=50 34 1107 44 28 25 101 23 9 17 20 724 39 464 3519 96
internal_value=-3.30561e-05 5.48613e-05 0.00821034 0.0221282 0.0363872 -0.00948427 0.0441596 0.0112772 0.0590944 0.0124679 -0.000314615 0.000587221 -0.00592066 0.00215132 0.0291299
internal_weight=579.343 577.709 25.0382 14.0148 11.1165 11.0234 9.97506 3.11552 6.85953 5.58983 552.671 469.748 91.0224 378.726 15.1748
internal_count=6300 6250 301 146 102 155 77 32 45 54 5949 4842 1188 3654 135
is_linear=0
shrinkage=0.03


Tree=205
num_leaves=16
num_cat=0
split_feature=3 0 9 8 14 7 15 5 8 8 8 16 10 4 10
split_gain=1.75158 1.82401 5.19128 5.058 7.19445 5.1282 9.42378 7.18693 6.93652 5.84972 16.8314 6.29417 5.04903 4.73413 4.3963
threshold=1.9423611111111116 1.5500578703703705 1910.5000000000002 3162.5000000000005 12.480000000000002 15.477430555555557 13.183738425925929 16.500000000000004 3636.0000000000005 3533.5000000000005 3621.5000000000005 80.898408564814829 -4.7006737095214666e-14 9.9253472222222232 3.9172649979356755e-14
decision_type=2 2 2 2 2 2 2 2 2 2 2 2 2 2 2
left_child=1 -1 -3 4 13 7 -7 9 -8 -5 -11 14 -6 -4 -12
right_child=-2 2 3 5 12 6 8 -9 -10 10 11 -13 -14 -15 -16
leaf_value=0.0008641538037634939 0.030555582462784264 -0.021205684249158002 -0.033626082019925972 -0.021923070380898798 0.057239604230591219 -0.012399533717411688 0.074098122902645933 -0.027025282248750428 -0.00019319897993352384 0.13514469948976351 -0.0096372869357170127 0.075463455703329907 -0.0086501822336695431 0.013466564024341795 0.05788242699688137
leaf_weight=430.01111454004422 1.6799010760150839 12.871136596426366 2.0102485790848723 8.3226079083979148 1.0794991925358761 7.2465514065697771 2.6521344725042582 18.947845790535212 1.9722850280813871 0.9022245965898027 11.400222321972246 0.95452795922756273 34.429224951192737 43.378621386829764 0.93941633403301317
leaf_count=4233 114 306 27 127 13 104 24 285 21 8 164 4 395 469 6
internal_value=-3.32643e-05 -0.000122304 -0.00300584 -0.00126076 0.00346778 -0.00843254 0.00895321 -0.0134097 0.0424134 -0.00195327 0.00975398 0.00124419 -0.00664707 0.0113809 -0.00449701
internal_weight=578.798 577.118 147.107 134.235 80.8976 53.3378 11.871 41.4668 4.62442 22.519 14.1964 13.2942 35.5087 45.3889 12.3396
internal_count=6300 6186 1953 1647 904 743 149 594 45 309 182 174 408 496 170
is_linear=0
shrinkage=0.03


Tree=206
num_leaves=16
num_cat=0
split_feature=12 3 1 5 1 1 2 8 2 8 8 8 2 3 10
split_gain=1.74756 1.72953 2.2633 2.98585 2.64837 2.61402 2.97641 4.51688 2.36275 5.02442 4.47982 3.68628 3.00859 4.31553 2.67152
threshold=1.0000000180025095e-35 1.8163194444444446 6.8500000000000005 18.500000000000004 6.950000000000002 6.7500000000000009 0.019117525904393206 1962.0000000000002 0.015180990272317079 3377.0000000000005 1777.0000000000002 3792.5000000000005 0.010267650821505834 1.7421875000000002 -1.8142276805410288e-14
decision_type=2 2 2 2 2 2 2 2 2 2 2 2 2 2 2
left_child=1 2 5 -4 -5 6 8 -8 12 10 -10 -11 14 -14 -1
right_child=-2 -3 3 4 -6 -7 7 -9 9 11 -12 -13 13 -15 -16
leaf_value=-0.0035530238338304689 0.034607066156857817 0.014023300281748498 -0.032565958828134255 -0.032114798401658484 0.041255570192500965 0.027838140482054331 0.033305269942162555 -0.029741980767919646 0.051191993386401277 0.071861845880117334 -0.0077807841023385402 0.0063082607855600723 -0.014982883667963482 0.048148190832490452 0.0013910801988791844
leaf_weight=131.61276798928156 1.3077427223324765 7.6865889537148169 4.1994268056005231 0.7199573554098605 1.1500416398048399 2.9966570213437072 1.2276534140110005 6.125925007276237 1.3742085704579929 1.9071781784296029 7.4134386484511197 1.2971199117600916 18.917192466557029 1.0274488879367698 389.32672657258809
leaf_count=1461 14 170 75 12 19 18 10 64 15 14 72 12 204 11 4129
internal_value=-3.35037e-05 -0.000112017 -0.000302871 -0.0185247 0.0130077 -0.00010651 -0.000255986 -0.0192165 -3.79988e-06 0.0131673 0.00144135 0.0453253 -0.000295817 -0.0117307 0.000141977
internal_weight=578.29 576.982 569.296 6.06943 1.87 563.226 560.23 7.35358 552.876 11.9919 8.78765 3.2043 540.884 19.9446 520.939
internal_count=6300 6286 6116 106 31 6010 5992 74 5918 113 87 26 5805 215 5590
is_linear=0
shrinkage=0.03


Tree=207
num_leaves=16
num_cat=0
split_feature=4 4 10 0 8 10 10 16 5 16 6 16 4 0 4
split_gain=1.70732 1.87011 6.39712 11.4761 6.1003 5.85054 4.85215 8.66895 4.14442 3.3395 4.93251 2.73929 5.00254 12.7923 11.8079
threshold=9.6574074074074101 10.026620370370372 -1.5304066061840219e-14 1.3864004629629632 3853.0000000000005 -3.0408686614355864e-14 1.131130533926431e-14 83.971875000000026 13.500000000000002 86.499994212962989 0.0083848518744265698 75.612129629629649 11.884837962962964 1.4591435185185186 12.074074074074074
decision_type=2 2 2 2 2 2 2 2 2 2 2 2 2 2 2
left_child=-1 2 5 -4 6 9 8 -8 -5 10 -2 -3 13 -13 -14
right_child=1 11 3 4 -6 -7 7 -9 -10 -11 -12 12 14 -15 -16
leaf_value=-0.031089233048932203 -0.03468073912014686 -0.0053495580939088997 -0.032483685130128385 0.03683087103531911 -0.031486920555525696 -0.03197785394428701 -0.033212772102203379 0.068290060292685542 0.083819137341177657 0.055379362511091913 0.029483029764574713 0.0022460385189944309 0.027860938360054256 -0.021651879571267855 0.0010024065509196304
leaf_weight=1.5887955091893662 2.0116049516946077 82.534388829488307 2.8214846514165393 4.0217758454382402 1.1093257814645756 5.2345936503261346 1.726950027048588 1.34866894967854 2.9130207784473896 1.2494318634271619 2.3240198567509651 60.175121881999075 15.354113311972467 30.314825860783458 363.32882817881182
leaf_count=50 27 1107 44 28 25 101 23 9 17 8 19 724 135 464 3519
internal_value=-3.31098e-05 5.24835e-05 0.00811812 0.0215515 0.0352622 -0.00919097 0.0426592 0.0112966 0.0565687 0.012166 -0.00028711 -0.000309506 0.000577113 -0.00575995 0.00209142
internal_weight=578.057 576.468 24.7609 13.9412 11.1197 10.8197 10.0104 3.07562 6.9348 5.58506 4.33562 551.707 469.173 90.4899 378.683
internal_count=6300 6250 301 146 102 155 77 32 45 54 46 5949 4842 1188 3654
is_linear=0
shrinkage=0.03


Tree=208
num_leaves=16
num_cat=0
split_feature=10 9 9 1 2 6 10 5 2 15 17 15 3 15 15
split_gain=1.7049 1.74604 3.66156 4.74128 1.98987 2.59517 7.13275 5.73039 6.62041 10.5561 5.51511 9.30774 4.2288 7.1064 6.7989
threshold=-9.1350585052644827e-14 1516.0358796296298 1542.0966435185187 5.8500000000000023 -0.022508986441079074 -0.0022761371476032357 -4.998512130797359e-15 19.500000000000004 -0.019220562986579499 13.201793981481483 0.7621527777777779 13.09976851851852 1.3498263888888891 13.155150462962967 13.125347222222224
decision_type=2 2 2 2 2 2 2 2 2 2 2 2 2 2 2
left_child=-1 -2 3 -3 -4 6 -6 8 9 -8 11 -10 -13 14 -14
right_child=1 2 4 -5 5 -7 7 -9 10 -11 -12 12 13 -15 -16
leaf_value=0.030412238030508052 -0.029581259516024791 0.061690639049893817 0.014784864129238967 -0.0068360363925387508 -0.013319108746525402 0.00047533634012551069 0.079106451872950387 -0.023646907326126534 0.057538223795359403 -0.03212845157509555 -0.024110379606173751 -0.025850485926567066 -0.017245185421823545 -0.0017960815437471176 0.055070687523253281
leaf_weight=1.6506466595455993 1.8048572931438673 1.9592291563749307 7.8453736077062777 1.6947086807340381 46.442075553350151 470.03487576730549 2.5720865409821267 6.1397264683619133 3.1338353753089931 1.0945903807878492 5.4864510968327513 3.9269895404577282 1.590976439416411 17.744734821841121 4.4228052161633968
leaf_count=127 34 8 72 22 494 5076 16 65 21 20 60 50 14 186 35
internal_value=-3.31811e-05 -0.000120445 -2.7824e-05 0.0299077 -0.000219577 -0.000428816 -0.00502053 0.00333741 0.00748217 0.0459002 0.00360217 0.00853555 0.00298874 0.0077555 0.0359392
internal_weight=577.544 575.893 574.088 3.65394 570.435 562.589 92.5543 46.1122 39.9725 3.66668 36.3058 30.8193 27.6855 23.7585 6.01378
internal_count=6300 6173 6139 30 6109 6037 961 467 402 36 366 306 285 235 49
is_linear=0
shrinkage=0.03


Tree=209
num_leaves=16
num_cat=0
split_feature=5 9 8 16 2 8 2 7 2 7 8 5 10 10 17
split_gain=1.71783 3.08839 3.38091 3.77456 3.98217 2.78643 4.46833 2.28191 2.02919 6.17679 8.20971 8.10057 6.76051 8.03576 8.16221
threshold=23.500000000000004 2444.6053240740744 2817.0000000000005 84.991875000000007 -0.0026539862959564313 2210.5000000000005 0.00093466801519100074 20.456597222222225 -0.007564674467567303 15.52604166666667 2262.0000000000005 19.500000000000004 -9.3184168180846704e-15 1.578014212270366e-14 0.75520833333333348
decision_type=2 2 2 2 2 2 2 2 2 2 2 2 2 2 2
left_child=7 5 -3 4 -4 6 -2 8 9 10 -1 -11 -12 14 -14
right_child=1 2 3 -5 -6 -7 -8 -9 -10 11 12 -13 13 -15 -16
leaf_value=-0.019138821668272011 0.050852167484750688 0.043656867249460433 0.029462294538265731 0.039589022495994983 -0.02791805435200569 -0.028031369277166984 -0.018045875006747342 -0.032967764413294437 -0.0010241252263908504 0.033910005047850321 -0.008826296338524775 -0.0016206705803541758 0.014911318638805267 -0.012458958367909403 0.065973284037712618
leaf_weight=16.487586505711079 1.4810380875133007 3.470675624907015 1.6830464839003987 2.2372719119302928 3.0814922386780372 3.0090722870081663 1.9794574156403539 1.9198971614241589 463.34883334022015 12.31638669036329 20.237058740109205 10.873365169391034 23.369470199570063 8.489924378693102 3.2036836221814147
leaf_count=275 45 34 26 43 63 35 28 25 4985 90 221 109 216 84 21
internal_value=-3.29583e-05 0.00937855 0.0194459 0.00744501 -0.00764877 -0.00691784 0.0114414 -0.000317566 -0.000205293 0.00378939 -0.000558866 0.0172501 0.0049807 0.0129496 0.0210674
internal_weight=577.188 16.9421 10.4725 7.00181 4.76454 6.46957 3.4605 560.246 558.326 94.9775 71.7877 23.1898 55.3001 35.0631 26.5732
internal_count=6300 274 166 132 89 108 73 6026 6001 1016 817 199 542 321 237
is_linear=0
shrinkage=0.03


Tree=210
num_leaves=16
num_cat=0
split_feature=10 10 8 10 4 10 8 4 15 16 10 3 10 2 4
split_gain=1.7385 12.2392 13.1519 10.5099 11.593 10.4568 9.21254 12.4857 11.6469 10.7875 9.18341 10.4097 12.0116 15.3456 9.83549
threshold=-8.2262657544828189e-16 -3.4965524095278308e-15 2572.0000000000005 -1.4403360468863488e-15 11.55266203703704 -3.1664917081249131e-15 3201.5000000000005 13.752893518518521 13.178472222222224 83.308836805555558 3.5139020509704052e-15 1.2078125000000004 2.4699068349658487e-15 -0.003534183082271145 15.358217592592593
decision_type=2 2 2 2 2 2 2 2 2 2 2 2 2 2 2
left_child=1 -1 3 5 -5 -3 -4 -8 9 -9 11 12 13 -2 -12
right_child=10 2 6 4 -6 -7 7 8 -10 -11 14 -13 -14 -15 -16
leaf_value=-0.00049764795912398557 0.21116148409917029 0.065952571977484484 0.059681924697579207 -0.031890343323631984 0.057851541902905805 -0.032273257970509853 -0.031825331308055621 -0.035142422306026037 0.098073498623190036 0.072113882187366127 0.004860693639949374 -0.021644969181228425 -0.010021404365520105 0.016389825197322728 -0.011542667498193942
leaf_weight=334.88831471977755 0.61902526579797268 1.1035743709653587 8.2664944091811794 1.8853057250380505 4.1413475470617414 8.3996563218533993 3.1885559149086458 2.0573962330818181 2.1154630570672452 1.4309276193380354 128.65288504818454 32.243981622625142 2.5875862427055836 0.88390327896922716 44.201033954974264
leaf_count=3567 9 10 60 37 28 140 41 17 11 14 1316 526 29 14 481
internal_value=-3.25323e-05 0.00121027 0.0187611 -0.00121317 0.0297778 -0.0208667 0.0369452 0.0155683 0.0425353 0.00885464 -0.00221573 -0.0159256 0.0291577 0.0966123 0.000666137
internal_weight=576.665 367.477 32.5887 15.5299 6.02665 9.50323 17.0588 8.79234 5.60379 3.48832 209.188 36.3345 4.09051 1.50293 172.854
internal_count=6300 3925 358 215 65 150 143 83 42 31 2375 578 52 23 1797
is_linear=0
shrinkage=0.03


Tree=211
num_leaves=16
num_cat=0
split_feature=12 6 10 10 4 10 0 10 10 1 1 7 2 1 1
split_gain=1.7024 1.7258 4.31231 7.16812 6.81751 5.47749 4.07409 3.69019 8.42401 8.19723 7.18803 6.76351 9.9542 10.9535 8.54956
threshold=1.0000000180025095e-35 0.0067595898164087989 1.6987905100380165e-14 2.4984153184291704e-14 11.066550925925927 1.6658022672952955e-14 1.1567708333333335 1.1599327130195827e-14 7.0475468602841363e-15 5.4000000000000012 4.450000000000002 13.630208333333334 -0.0015305025485770243 3.7000000000000015 4.4000000000000012
decision_type=2 2 2 2 2 2 2 2 2 2 2 2 2 2 2
left_child=1 7 5 -4 -5 6 -3 8 -1 11 -10 -9 13 -13 -15
right_child=-2 2 3 4 -6 -7 -8 9 10 -11 -12 12 -14 14 -16
leaf_value=-0.00099851662499550464 0.034491476394353578 -0.018822101225217294 -0.033969798006660633 0.071532467502395766 -0.0048170764941067997 0.066418334755776479 0.0043298908186187538 0.020443057744217581 -0.026693279799199596 -0.025340760271939912 0.0086094193441075169 0.068217342530978789 -0.020978569026106616 -0.025944103998886033 0.025773069369938242
leaf_weight=308.05399290472269 1.2825298532843579 7.1574939489364615 7.4689029213041058 1.2355801686644534 7.106844384688884 1.2471496914513398 154.52090483671054 26.267949106171727 21.375872116535906 6.8063923688605419 6.855618253350257 2.8756320774555233 12.194886233657597 5.1684288419783098 6.4884283617138863
leaf_count=3403 14 77 87 8 73 7 1723 228 271 85 84 18 130 58 34
internal_value=-3.35576e-05 -0.000110589 0.00233643 -0.0126218 0.0064909 0.00378807 0.00330495 -0.00121482 -0.00243593 0.00565186 -0.0181205 0.00963237 -0.000992496 0.0157787 0.00284266
internal_weight=576.107 574.824 178.737 15.8113 8.34242 162.926 161.678 396.087 336.285 59.8017 28.2315 52.9953 26.7274 14.5325 11.6569
internal_count=6300 6286 1975 168 81 1807 1800 4311 3758 553 355 468 240 110 92
is_linear=0
shrinkage=0.03


Tree=212
num_leaves=16
num_cat=0
split_feature=15 5 16 2 0 10 10 8 10 10 4 10 4 3 3
split_gain=1.71449 4.20144 3.96279 3.67492 2.94297 2.16454 11.2084 12.1813 10.2354 9.97103 10.7347 9.84739 9.28506 9.02665 8.2642
threshold=12.964872685185187 15.500000000000002 93.068686342592613 -0.0051365325063574821 1.1019675925925927 -8.2262657544828189e-16 -3.4965524095278308e-15 2572.0000000000005 3.5139020509704052e-15 -1.4403360468863488e-15 11.55266203703704 -3.1664917081249131e-15 15.186921296296299 1.3598958333333335 1.2078125000000004
decision_type=2 2 2 2 2 2 2 2 2 2 2 2 2 2 2
left_child=1 -1 5 4 -3 6 -2 9 14 11 -11 -8 -10 -12 -7
right_child=2 3 -4 -5 -6 8 7 -9 12 10 13 -13 -14 -15 -16
leaf_value=0.03948941452941656 -0.00031004506510279734 -0.018363603930239419 -0.032462838978519676 -0.028414609259253473 0.044957846352036444 0.029095390326400114 0.062064540971920844 0.035593763760823481 0.004727234135170841 -0.031830414304081837 0.0057214354636394371 -0.032202675723962092 -0.011060633499434284 0.09415683246137195 -0.02201329471968461
leaf_weight=3.3594011361710709 325.08319389959797 1.067265907302499 3.4137874143198124 2.6585511988960207 1.7335765371099112 3.1310311881825319 1.1359534882940323 17.101517841685563 125.56133525120094 1.8327106647193421 1.858750559389591 8.1731807235628366 45.738431181758642 2.3546769921667874 31.436935504898429
leaf_count=20 3479 9 52 23 16 46 10 140 1281 37 11 140 497 17 522
internal_value=-3.37094e-05 0.0130923 -0.000237928 -0.00315102 0.0208291 -4.26713e-05 0.00136832 0.0181786 -0.0024932 -0.00121705 0.02878 -0.0206997 0.000511745 0.0551436 -0.0173841
internal_weight=575.64 8.81879 566.822 5.45939 2.80084 563.408 357.54 32.4568 205.868 15.3553 6.04614 9.30913 171.3 4.21343 34.568
internal_count=6300 68 6232 48 25 6180 3834 355 2346 215 65 150 1778 28 568
is_linear=0
shrinkage=0.03


Tree=213
num_leaves=16
num_cat=0
split_feature=4 15 8 9 8 4 8 7 16 4 6 17 0 6 3
split_gain=1.75415 5.95648 10.9399 10.9537 9.93447 8.45489 17.2212 8.03613 9.73727 9.8421 7.65153 7.19528 9.05182 6.74556 6.29174
threshold=13.876736111111112 13.182233796296297 3299.5000000000005 3259.5000000000005 2701.0000000000005 14.817129629629632 3606.5000000000005 17.487847222222225 82.291886574074098 19.526041666666668 0.0017907576965239596 0.67534722222222232 1.4692708333333335 0.00098315014389453422 1.4619791666666668
decision_type=2 2 2 2 2 2 2 2 2 2 2 2 2 2 2
left_child=-1 2 3 -2 -3 11 10 -4 -9 14 -7 -6 -13 -5 -10
right_child=1 4 7 13 5 6 -8 8 9 -11 -12 12 -14 -15 -16
leaf_value=-0.0015160183742673815 0.0023849864300473714 -0.0039832877727564225 -0.021873029814369102 -0.0074780185176223403 -0.0030779885297211478 0.03303651921870232 -0.013460901757931859 -0.025107191831074911 0.01871790300938744 -0.014492761258999376 0.087424632076095771 0.085727638390630481 -0.018578169468735757 0.080766524004719897 0.073154683775816715
leaf_weight=319.45791512914002 147.5728588248603 22.253427025396377 31.398516695946455 1.1106556504964822 12.034281773492696 4.3331724777817708 3.800712637603282 7.873870414216074 5.8890587454661709 5.6344321263022712 5.0308021255768836 2.0378741770982738 1.1837460584938524 2.6157341678626835 2.8287077881395817
leaf_count=3700 1404 352 295 10 114 41 58 110 36 59 53 10 13 28 17
internal_value=-3.394e-05 0.00181843 -0.000458943 0.00366768 0.011028 0.022782 0.0403965 -0.012102 0.00170137 0.016409 0.0622566 0.00758191 0.0474017 0.0544651 0.0363813
internal_weight=575.056 255.598 204.924 151.299 50.674 28.4206 13.1647 53.6246 22.2261 14.3522 9.36397 15.2559 3.22162 3.72639 8.71777
internal_count=6300 2600 1959 1442 641 289 152 517 222 112 94 137 23 38 53
is_linear=0
shrinkage=0.03


Tree=214
num_leaves=16
num_cat=0
split_feature=16 16 4 8 0 9 8 15 0 8 1 0 0 8 6
split_gain=1.69093 2.02546 4.59372 8.30455 7.15931 5.40323 11.0522 6.99378 6.72374 6.10682 5.50995 5.41967 5.05899 5.76468 4.06326
threshold=67.880225694444462 75.612129629629649 11.80266203703704 2023.0000000000002 1.6556134259259261 2699.06712962963 3162.5000000000005 13.199537037037041 1.5178240740740743 3686.5000000000005 4.3500000000000023 1.6176504629629631 1.672627314814815 2849.5000000000005 0.015573390757249931
decision_type=2 2 2 2 2 2 2 2 2 2 2 2 2 2 2
left_child=-1 2 3 -2 -5 14 7 -7 9 10 -8 -9 -6 -14 -4
right_child=1 -3 5 4 12 6 8 11 -10 -11 -12 -13 13 -15 -16
leaf_value=0.021883323648975848 0.051495529456132491 0.00059561663106112391 -0.02228820238223202 -0.012714301251225258 0.056192373419532052 -0.0043821318830649866 -0.011232604702766848 -0.006852993894878613 -0.026885885856406472 -0.023033243443956398 0.066659259362303283 0.051042359167517919 0.029184180688111697 -0.033831056015813571 0.043137611247601029
leaf_weight=3.15060194954276 3.180704538710418 485.70150419557467 23.403576414100829 14.793374100700023 2.6619038023054582 6.6334058083593836 1.3218124583363562 1.9100919589400271 14.435405376367269 2.7358438670635223 2.1416282644495368 6.1107170656323433 3.5483947088941932 2.068013546988368 0.88668399257585306
leaf_count=25 28 5125 386 177 22 68 14 15 255 33 16 47 40 25 24
internal_value=-3.43222e-05 -0.000155144 -0.00440353 0.00605192 -0.000213024 -0.00901052 -0.00151506 0.0184075 -0.0156635 0.0104684 0.036932 0.037255 0.0221268 0.00598139 -0.0198999
internal_weight=574.684 571.533 85.8316 26.2524 23.0717 59.5792 35.2889 14.6542 20.6347 6.19928 3.46344 8.02081 8.27831 5.61641 24.2903
internal_count=6300 6275 1150 292 264 858 448 130 318 63 30 62 87 65 410
is_linear=0
shrinkage=0.03


Tree=215
num_leaves=16
num_cat=0
split_feature=4 5 0 8 9 8 16 16 15 2 2 4 4 8 9
split_gain=1.68446 5.68543 4.85084 6.10555 9.33407 6.55229 7.51854 6.41333 13.3451 6.41659 7.05146 4.39281 5.24463 4.78419 5.66311
threshold=13.876736111111112 17.500000000000004 1.1302083333333335 1746.5000000000002 1983.127314814815 1681.0000000000002 83.487800925925953 87.853877314814824 13.159664351851854 0.00097942160809293393 0.0061629236185998049 13.931134259259261 14.542245370370372 3252.0000000000005 2699.06712962963
decision_type=2 2 2 2 2 2 2 2 2 2 2 2 2 2 2
left_child=-1 2 -2 5 -5 6 -4 8 -6 11 -11 -10 13 14 -13
right_child=1 -3 3 4 7 -7 -8 -9 9 10 -12 12 -14 -15 -16
leaf_value=-0.0014882090008876444 -0.027309235333932206 -0.00018388156634446484 -0.029048520564352462 -0.032266515951020994 -0.025113677126617155 0.093724125839446185 0.063901666100562166 0.053244409285166945 0.082396893795236875 -0.035798208325009732 0.025879360001925217 -0.0099843146587238526 0.054868768531627914 -0.034917553893918402 0.055744218285261951
leaf_weight=318.88452378520742 2.6470268741250029 214.05193235119805 1.4673746274784201 4.101355303078889 6.8598338272422614 1.6951716803014276 1.6797810913994906 3.6523758433759204 1.6373771093785787 2.836879037320613 4.0498557090759277 2.116096977144478 4.3633463671430945 1.489138215780258 2.6661727568134665
leaf_count=3700 24 2236 28 65 71 9 10 23 11 25 32 15 21 13 17
internal_value=-3.4286e-05 0.00178165 0.0119782 0.0146713 0.0101543 0.046175 0.0205632 0.016018 0.0107923 0.0236485 0.000472283 0.0366542 0.0296114 0.0120386 0.0266601
internal_weight=574.198 255.314 41.2618 38.6148 33.7724 4.84233 3.14716 29.6711 26.0187 19.1589 6.88673 12.2721 10.6348 6.27141 4.78227
internal_count=6300 2600 364 340 293 47 38 228 205 134 57 77 66 45 32
is_linear=0
shrinkage=0.03


Tree=216
num_leaves=16
num_cat=0
split_feature=1 5 15 7 2 4 2 17 17 10 10 2 3 10 10
split_gain=1.68399 1.68937 2.95255 2.15997 2.13011 5.88298 5.36565 5.21971 5.86257 4.47939 16.1563 17.6294 9.18662 8.9954 11.5222
threshold=8.0000000000000018 23.500000000000004 13.077199074074075 20.456597222222225 -0.007564674467567303 10.903356481481483 -0.0069575259490463172 0.74363425925925941 0.76909722222222232 -1.0828520104394046e-14 -1.1190243093550497e-14 -0.0010542769877896166 1.5967013888888892 -3.8779266549576675e-15 -8.2262657544828189e-16
decision_type=2 2 2 2 2 2 2 2 2 2 2 2 2 2 2
left_child=1 3 -3 4 5 7 -6 -1 -9 10 -8 12 -12 -11 -15
right_child=-2 2 -4 -5 6 -7 9 8 -10 13 11 -13 -14 14 -16
leaf_value=-0.02468624661644174 0.033703031144521133 0.040079725273054562 0.0041197913420929566 -0.032834497615820524 -0.022254902931989479 0.0069136734022076478 0.0012306277761293537 0.05057334648650702 -0.031686881079598571 -0.012429706552182521 0.13629064843579458 0.0051679495372529529 0.012678817571879712 0.015965971779253917 -0.0032739699090210996
leaf_weight=10.456575490534304 1.3284961008466769 2.4004530813545015 14.277514666318892 1.8411654215306033 10.571975737810133 80.579459115397185 183.08782852860168 2.0104293264448638 1.2737713027745483 69.484370555728674 2.140010636299849 3.5783742759376755 0.72421953827142704 34.153536688536406 155.82674277480692
leaf_count=166 94 60 214 25 122 792 1827 25 33 765 18 30 11 342 1776
internal_value=-3.40672e-05 -0.000112368 0.00929549 -0.000394707 -0.000286874 0.00381974 -0.0011297 -0.0143239 0.0186689 -0.000632293 0.00287369 0.0495667 0.105035 -0.0031933 0.000184874
internal_weight=573.735 572.406 16.678 555.728 553.887 94.3202 459.567 13.7408 3.2842 448.995 189.53 6.4426 2.86423 259.465 189.98
internal_count=6300 6206 274 5932 5907 1016 4891 224 58 4769 1886 59 29 2883 2118
is_linear=0
shrinkage=0.03


Tree=217
num_leaves=16
num_cat=0
split_feature=10 15 5 16 2 4 17 3 17 8 3 10 8 8 17
split_gain=1.65511 1.66833 3.96374 3.89505 3.48766 2.82333 2.06701 2.58151 2.892 11.236 7.67685 5.74074 4.83746 5.3322 4.13302
threshold=-9.1350585052644827e-14 12.964872685185187 15.500000000000002 93.068686342592613 -0.0051365325063574821 15.322337962962964 0.84085648148148162 1.0897569444444446 0.81655092592592604 2231.5000000000005 1.2453125000000005 -2.9704374744497782e-14 3265.0000000000005 3556.0000000000005 0.81192129629629639
decision_type=2 2 2 2 2 2 2 2 2 2 2 2 2 2 2
left_child=-1 2 -2 6 5 -4 7 -3 14 -10 11 -11 -13 -14 -9
right_child=1 3 4 -5 -6 -7 -8 8 9 10 -12 12 13 -15 -16
leaf_value=0.030400937308016265 0.038513487482042176 -0.020273619009064419 -0.017578684054576642 -0.032925606774303826 -0.027707191625588604 0.044823080060289386 0.026513768672690192 -0.00020740513364899711 0.052469905389861737 0.042016335530541633 0.057266210926760958 -0.032875350609096451 0.042821977595823645 -0.035195320095060177 -0.029441814934131515
leaf_weight=1.6036174409091462 3.3498101821169239 5.7380387149751177 1.0666017532348635 3.2784967841580501 2.6354920607991517 1.6809415398165581 2.6082427427172652 528.7021722337231 4.5615737028419998 1.6176908612251271 1.7218757597729553 6.994306408800183 1.9517837218008938 1.3227863907814024 4.3884476232342413
leaf_count=127 20 73 11 50 23 14 15 5777 28 8 11 70 16 13 44
internal_value=-3.4265e-05 -0.000119648 0.0128923 -0.000321521 -0.00305154 0.0205986 -0.000130507 -0.000255274 -4.69039e-05 0.0117228 -0.00193572 -0.0105117 -0.0187866 0.0113063 -0.000448065
internal_weight=573.222 571.618 8.73285 562.885 5.38304 2.74754 559.607 556.999 551.261 18.17 13.6084 11.8866 10.2689 3.27457 533.091
internal_count=6300 6173 68 6105 48 25 6055 6040 5967 146 118 107 99 29 5821
is_linear=0
shrinkage=0.03


Tree=218
num_leaves=16
num_cat=0
split_feature=12 14 6 3 0 9 8 14 8 8 1 8 15 8 7
split_gain=1.64729 1.6532 1.6576 1.65702 1.7418 4.82725 4.77756 6.48537 5.16735 8.06754 11.0138 12.7767 11.0574 8.06555 4.8564
threshold=1.0000000180025095e-35 12.160000000000002 0.071741382505352544 1.9423611111111116 1.5500578703703705 1910.5000000000002 3162.5000000000005 12.480000000000002 3430.5000000000005 3636.0000000000005 4.6000000000000005 3533.5000000000005 13.212557870370372 3621.5000000000005 11.460069444444446
decision_type=2 2 2 2 2 2 2 2 2 2 2 2 2 2 2
left_child=1 -1 3 4 -3 -6 7 -7 -8 10 11 12 -10 -12 -11
right_child=-2 2 -4 -5 5 6 8 -9 9 14 13 -13 -14 -15 -16
leaf_value=0.031493883287456885 0.03439973495575973 0.00060642680956774853 0.030499267883571955 0.0305298806362195 -0.021183712541476361 0.010653349394010657 -0.021457332972687534 -0.0066177138324819557 0.080114684832654992 0.013119392474351571 -0.028283244283867953 0.14194081031191244 -0.031986681726713595 0.045104736679602402 -0.019400872954940106
leaf_weight=1.4858895982615639 1.2476880438625801 423.36169072287157 1.5794569859281171 1.5670671646948893 12.306159701198338 44.650052610784769 18.276987358927727 34.833103504031897 1.628851249814032 5.4214964266866472 4.3206466324627399 1.160982549190521 1.5411901734769342 1.9588591456413267 17.387293249368668
leaf_count=42 14 4072 168 114 295 475 262 400 7 81 47 7 27 9 280
internal_value=-3.37005e-05 -0.000108878 -0.000191261 -0.000276541 -0.000361707 -0.00321823 -0.00153286 0.00308439 -0.0086319 -0.00161768 0.0199934 0.0567968 0.025614 -0.00539025 -0.011671
internal_weight=572.727 571.48 569.994 568.414 566.847 143.486 131.179 79.4832 51.6963 33.4193 10.6105 4.33102 3.17004 6.27951 22.8088
internal_count=6300 6286 6244 6076 5962 1890 1595 875 720 458 97 41 34 56 361
is_linear=0
shrinkage=0.03


Tree=219
num_leaves=16
num_cat=0
split_feature=2 6 8 4 8 2 10 10 0 3 17 4 6 2 3
split_gain=1.63484 2.26402 2.54887 2.71008 2.06222 6.88641 6.24637 7.12025 8.40192 5.78308 3.4707 3.54248 3.19531 8.87362 2.49535
threshold=-0.022508986441079074 -0.0097054679982228921 2917.0000000000005 11.737847222222223 3821.0000000000005 -0.0013428589608771764 3.9172649979356755e-14 -4.7006737095214666e-14 1.2818865740740741 1.2383680555555558 0.7621527777777779 9.9253472222222232 0.0085335467752630043 -0.0082693509891783278 1.3463541666666672
decision_type=2 2 2 2 2 2 2 2 2 2 2 2 2 2 2
left_child=1 2 3 -1 14 6 7 -6 9 -9 11 -7 -10 -14 -2
right_child=4 -3 -4 -5 5 10 -8 8 12 -11 -12 -13 13 -15 -16
leaf_value=0.027415131990383444 -0.0029407390049066531 -0.019915989795261466 0.036885837623796873 -0.032466981531368296 0.050373897084356155 0.04013145320200761 0.054070982209056873 -0.0055443994916073687 -0.032450365609847258 0.07830163991049624 0.043283759093039664 -0.02804473600106459 0.10681539148894682 -0.031668069668596643 0.0015581846212039
leaf_weight=1.4277890697121622 157.78897872334346 1.4933481635525803 3.8067571967840195 1.2990534324198959 2.0719017777591953 0.72031303122639379 2.1153998551890245 1.5566135942935955 7.4918937329202873 1.4118457734584806 0.70554481912404376 14.373521854169665 0.5989059954881667 1.3668273985385893 373.84932754840702
leaf_count=10 1597 20 22 23 13 7 13 13 131 7 9 221 3 27 4184
internal_value=-3.36691e-05 0.0134099 0.021027 -0.00111239 -0.000224983 -0.00757146 0.00591353 -0.00111312 -0.00969796 0.0343341 -0.0217512 -0.0247912 -0.0235183 0.0105241 0.000222915
internal_weight=572.078 8.02695 6.5336 2.72684 564.051 32.4128 16.6134 14.498 12.4261 2.96846 15.7994 15.0938 9.45763 1.96573 531.638
internal_count=6300 75 55 33 6225 444 207 194 181 20 237 228 161 30 5781
is_linear=0
shrinkage=0.03


Tree=220
num_leaves=16
num_cat=0
split_feature=4 4 10 0 10 2 5 10 10 16 16 4 0 4 10
split_gain=1.62615 1.7247 6.09336 10.8005 5.51217 3.50914 6.14098 3.34071 3.20153 6.43736 2.45011 4.66191 11.8923 10.5736 10.9233
threshold=9.6574074074074101 10.026620370370372 -1.5304066061840219e-14 1.3864004629629632 -3.0408686614355864e-14 -0.0025310450840260088 12.500000000000002 -4.4365947357783763e-14 1.131130533926431e-14 84.428726851851863 75.612129629629649 11.884837962962964 1.4591435185185186 12.074074074074074 -1.7567334612127807e-14
decision_type=2 2 2 2 2 2 2 2 2 2 2 2 2 2 2
left_child=-1 2 4 -4 7 6 -5 -2 -7 -10 -3 12 -12 14 -13
right_child=1 10 3 5 -6 8 -8 -9 9 -11 11 13 -14 -15 -16
leaf_value=-0.031037623840251289 -0.012844862062469209 -0.0051195754306021003 -0.032413687382279899 0.059656605449255058 -0.031918235347160047 0.055383525861516403 -0.031546758065159095 0.0335780163040591 -0.033148009011829009 0.067647974134648736 0.0020276034595671285 -0.028641160580518479 -0.021275566668851699 0.00095621372898470043 0.037680993024492723
leaf_weight=1.5184620115905989 2.6810214212164283 80.868092016782612 2.7345383036881676 1.106859024614095 5.0549895390868205 6.0223991018719953 1.6623470522463319 2.9088123738765717 1.2262770533561709 1.0659321565181015 60.072041071951389 2.7036155313253394 29.334233269095421 359.82604117784649 12.894825633615254
leaf_count=50 34 1107 44 8 101 39 32 20 16 7 724 39 464 3519 96
internal_value=-3.33599e-05 4.92111e-05 0.00784211 0.0209833 -0.00921683 0.0341571 0.00490747 0.0113125 0.0438988 0.0137245 -0.000300138 0.000538315 -0.00561818 0.00200447 0.0261856
internal_weight=571.68 570.162 24.4632 13.8184 10.6448 11.0838 2.76921 5.58983 8.31461 2.29221 545.699 464.831 89.4063 375.424 15.5984
internal_count=6300 6250 301 146 155 102 40 54 62 23 5949 4842 1188 3654 135
is_linear=0
shrinkage=0.03


Tree=221
num_leaves=16
num_cat=0
split_feature=10 9 9 1 2 6 10 4 15 10 2 1 6 3 7
split_gain=1.61398 1.66168 3.56458 4.29581 1.86005 2.49204 6.49007 4.27699 8.61703 9.04042 8.35681 3.58941 6.39965 3.34483 3.11156
threshold=-9.1350585052644827e-14 1516.0358796296298 1542.0966435185187 5.8500000000000023 -0.022508986441079074 -0.0022761371476032357 3.9975321653031148e-15 13.076967592592593 13.14641203703704 3.1017004339878367e-14 -0.012533283321835153 4.1500000000000012 -0.004629970729877691 1.3498263888888891 17.635416666666668
decision_type=2 2 2 2 2 2 2 2 2 2 2 2 2 2 2
left_child=-1 -2 3 -3 -4 6 -6 8 9 13 -9 12 -10 -8 -7
right_child=1 2 4 -5 5 14 7 10 11 -11 -12 -13 -14 -15 -16
leaf_value=0.030391313266882911 -0.02940206897528307 0.059793953125620553 0.014329663140986952 -0.0060079170942576978 -0.010205248346422007 -0.00056077311931674104 0.048671047090170283 0.023448204036988218 0.057242343456156017 -0.0068437733544753415 -0.022569154242481595 -0.019588311427211975 -0.034301898376866043 0.10564245211058694 0.0063205126607948766
leaf_weight=1.5649358383379866 1.7384788012132038 1.9547466933727258 7.8016398646868756 1.6437919475138185 63.753222045488656 395.72258135676384 2.0284155234694503 6.004973240196704 1.8681152239441874 1.8179143145680425 8.6937913428992015 4.2010525027289987 1.0873092003166673 1.7088240124285219 69.531403102912009
leaf_count=127 34 8 72 22 700 4377 14 35 15 20 86 64 14 13 699
internal_value=-3.33691e-05 -0.000116965 -2.73035e-05 0.029736 -0.000217131 -0.000421095 -0.00495667 0.00725088 0.0199939 0.0480289 -0.00376941 -0.00176805 0.023563 0.0747208 0.000467623
internal_weight=571.121 569.556 567.818 3.59854 564.219 556.418 91.1636 27.4104 12.7116 5.55515 14.6988 7.15648 2.95542 3.73724 465.254
internal_count=6300 6173 6139 30 6109 6037 961 261 140 47 121 93 29 27 5076
is_linear=0
shrinkage=0.03


Tree=222
num_leaves=16
num_cat=0
split_feature=12 3 4 5 0 8 9 16 15 2 2 8 16 7 10
split_gain=1.60012 1.59812 1.61794 5.44862 4.53145 5.80253 8.86805 6.03158 12.4596 5.9953 6.59217 5.96475 7.06474 4.16617 13.7564
threshold=1.0000000180025095e-35 1.9423611111111116 13.876736111111112 17.500000000000004 1.1302083333333335 1746.5000000000002 1983.127314814815 87.853877314814824 13.159664351851854 0.00097942160809293393 0.0061629236185998049 1681.0000000000002 83.487800925925953 14.951388888888891 3.8741847777034414e-15
decision_type=2 2 2 2 2 2 2 2 2 2 2 2 2 2 2
left_child=1 2 -1 4 -4 11 -7 8 -8 -10 -11 12 -6 14 -5
right_child=-2 -3 3 13 5 6 7 -9 9 10 -12 -13 -14 -15 -16
leaf_value=-0.0016255331922626689 0.034302736994324824 0.030519079770948414 -0.02694955715888132 -0.02818231441302968 -0.028981630799451111 -0.032197618005101826 -0.024802131143682831 0.051285189348696032 0.035110525674418927 -0.035615651616241001 0.024469916477472993 0.089647018414811638 0.061932488452491934 0.0012434024696771464 0.016713640264695139
leaf_weight=314.67795526282862 1.2189064882695664 1.5293697495944787 2.5706546446308485 16.54107214789838 1.4263149895705276 3.9921162761747828 6.7286764625459972 3.6963090021163216 12.352310957387092 2.7681179307401171 4.0443823114037514 1.7263060510158537 1.6699101184494791 185.96982914768159 9.7704837787896377
leaf_count=3606 14 114 24 224 28 65 71 23 77 25 29 9 10 1877 104
internal_value=-3.3084e-05 -0.000106578 -0.000189049 0.00159582 0.0116115 0.0141926 0.00977363 0.0154362 0.0103187 0.0226495 5.53943e-05 0.0449646 0.0200518 -0.000337429 -0.0115107
internal_weight=570.683 569.464 567.934 253.256 40.9751 38.4044 33.5819 29.5898 25.8935 19.1648 6.8125 4.82253 3.09623 212.281 26.3116
internal_count=6300 6286 6172 2566 361 337 290 225 202 131 54 47 38 2205 328
is_linear=0
shrinkage=0.03


Tree=223
num_leaves=16
num_cat=0
split_feature=16 17 16 15 10 10 1 9 8 0 10 4 10 3 5
split_gain=1.58751 1.89295 1.81058 3.04158 4.87871 4.31982 3.81424 3.41983 7.07845 8.87744 6.16683 4.93482 3.77656 5.2049 3.21771
threshold=67.880225694444462 0.52372685185185197 73.878420138888899 13.214062500000002 -3.0012836840295467e-15 -1.9554507755786809e-15 4.4000000000000012 2556.1626157407413 3162.5000000000005 1.5877314814814818 4.7423824639622641e-14 10.903356481481483 3.9172649979356755e-14 1.5296875000000003 15.500000000000002
decision_type=2 2 2 2 2 2 2 2 2 2 2 2 2 2 2
left_child=1 -1 3 4 -2 -6 -7 10 9 -9 -5 -11 13 -10 -8
right_child=2 -3 -4 7 5 6 14 8 12 11 -12 -13 -14 -15 -16
leaf_value=-0.0047190725072116411 -0.024339391654495543 0.042220966947519263 0.00038908940571271127 -0.026112297339319707 0.07037152889209998 -0.032076754450884794 0.060241707519712542 -0.035602127947921662 0.069452507151306228 -0.00069834834754400811 0.069271092996277206 0.048239019485776143 0.054637283991459264 -0.026564227649201865 0.00083657819671689542
leaf_weight=1.3961621001362792 14.47414615377784 1.7329014651477337 514.76759041147307 6.1270186919719007 0.77337610162794668 2.9457188937813008 0.93501538410782803 1.9149385094642664 0.54853476211428454 2.5275839152745885 0.67749607563018788 6.9644093490205705 0.67464312352240074 6.8953517992049456 6.7073023533448577
leaf_count=15 236 10 5550 112 6 59 9 17 5 18 3 53 6 119 82
internal_value=-3.29942e-05 0.0212767 -0.000150608 -0.00547633 -0.0127893 0.00192517 -0.00307432 0.00169934 0.00808193 0.0233205 -0.0166154 0.0352077 -0.013329 -0.0194888 0.00810462
internal_weight=570.062 3.12906 566.933 52.1655 25.8356 11.3614 10.588 26.33 19.5255 11.4069 6.80451 9.49199 8.11853 7.44389 7.64232
internal_count=6300 25 6275 725 392 156 150 333 218 88 115 71 130 124 91
is_linear=0
shrinkage=0.03


Tree=224
num_leaves=16
num_cat=0
split_feature=6 14 10 9 9 1 10 4 0 6 16 10 0 4 1
split_gain=1.58705 1.59374 1.58609 1.84459 3.40725 4.05294 1.78328 7.9649 14.4885 10.4195 9.71836 12.1736 8.88047 8.37253 13.4239
threshold=0.071741382505352544 12.160000000000002 -9.1350585052644827e-14 1516.0358796296298 1542.0966435185187 5.8500000000000023 -1.8142276805410288e-14 12.507523148148151 1.4259837962962965 0.0094190182117764049 89.871226851851858 -3.1256564295322239e-14 1.1876157407407411 12.807870370370372 3.9500000000000015
decision_type=2 2 2 2 2 2 2 2 2 2 2 2 2 2 2
left_child=1 -1 -3 -4 5 -5 7 -6 10 13 -9 -12 -13 14 -10
right_child=-2 2 3 4 6 -7 -8 8 9 -11 11 12 -14 -15 -16
leaf_value=0.031448704612544474 0.030492800558920452 0.030381169608699236 -0.03230030781304833 0.058172654177225634 -0.013965636650847135 -0.0058624184530420235 0.00061033965306847354 -0.017418874910431027 -0.011865698349188162 -0.016501223285581294 0.0595970307277702 -0.025518272075726562 0.033147128302428046 0.01575545502524912 0.10775161696432108
leaf_weight=1.4361100639216591 1.5287541332654644 1.5227918904274691 1.6142633650451887 1.9502559751272195 43.499963950831443 1.6356043508276341 418.90623440290801 37.536962166428566 1.3369981870055192 8.4471275582909566 3.5850462540984145 6.5484341047704202 3.5983766168355942 34.257926736958325 2.291653273627162
leaf_count=42 168 127 30 8 580 22 4444 325 14 86 21 58 21 336 18
internal_value=-3.27543e-05 -0.000114889 -0.000194871 -0.00027725 -0.000185528 0.0289646 -0.000372183 -0.0032891 0.00146926 0.0136278 -0.00951889 0.0120762 -0.00471369 0.0203453 0.0636779
internal_weight=569.697 568.168 566.732 565.209 563.595 3.58586 560.009 141.102 97.6025 46.3337 51.2688 13.7319 10.1468 37.8866 3.62865
internal_count=6300 6132 6090 5963 5933 30 5903 1459 879 454 425 100 79 368 32
is_linear=0
shrinkage=0.03


Tree=225
num_leaves=16
num_cat=0
split_feature=15 1 16 8 2 10 10 8 10 15 4 10 4 3 3
split_gain=1.61937 3.82448 3.61346 3.35062 3.00063 1.91605 9.7898 16.9275 12.8923 10.2775 9.79193 9.58698 8.88049 8.26485 7.71264
threshold=12.964872685185187 3.7999999999999994 93.068686342592613 1962.0000000000002 -0.0039139244067274192 -8.2262657544828189e-16 -3.0012836840295467e-15 2669.0000000000005 -1.4403360468863488e-15 13.213831018518521 11.55266203703704 3.5139020509704052e-15 15.186921296296299 1.3598958333333335 1.2078125000000004
decision_type=2 2 2 2 2 2 2 2 2 2 2 2 2 2 2
left_child=1 -1 5 -3 -5 6 -2 8 -8 -9 -10 14 -13 -12 -7
right_child=2 3 -4 4 -6 11 7 9 10 -11 13 12 -14 -15 -16
leaf_value=-0.033353795302701376 -0.00012824903769457097 -0.030755338200909452 -0.032184491177755736 0.047293923472742243 0.0052184388148998348 0.02723904208387189 -0.032085879683988246 0.056282313352163715 -0.031774800837326818 -0.011192277915260085 0.0045759975401956955 0.0046607578606148517 -0.010875949596852785 0.088674915370978755 -0.021657978762668229
leaf_weight=1.3538996651768664 327.79595493990928 0.95466095581650723 3.1670663850381962 3.623831572476774 2.6343890167772774 3.2092111064121118 7.200249494984746 10.491174046881495 1.78205710463226 2.5195749043487004 1.8677365556359289 124.57464505592361 45.096099298447371 2.4071793495677412 30.449275212362409
leaf_count=12 3539 10 52 27 19 46 130 69 37 31 11 1281 497 17 522
internal_value=-3.27526e-05 0.012912 -0.000230581 0.0215963 0.0295823 -4.9021e-05 0.00128389 0.0189059 -0.00495184 0.0432156 0.0273038 -0.00237007 0.000531319 0.0519316 -0.0169958
internal_weight=569.127 8.56678 560.56 7.21288 6.25822 557.393 354.064 26.268 13.2572 13.0107 6.05697 203.329 169.671 4.27492 33.6585
internal_count=6300 68 6232 56 46 6180 3834 295 195 100 65 2346 1778 28 568
is_linear=0
shrinkage=0.03


Tree=226
num_leaves=16
num_cat=0
split_feature=6 15 4 7 10 3 10 4 8 2 4 10 8 2 0
split_gain=1.59015 4.24607 5.28974 6.49805 6.20356 4.91101 4.83902 8.80948 6.7626 5.52606 11.871 10.8814 8.41657 12.0134 8.65154
threshold=0.0067595898164087989 13.210497685185187 9.7540509259259274 12.598958333333334 1.7638539448601268e-14 1.3970486111111116 9.2566766319232273e-15 15.987268518518521 2817.0000000000005 0.001560057334610407 12.767361111111112 -6.532337423504455e-15 3606.5000000000005 0.0010578938907829241 1.5485532407407412
decision_type=2 2 2 2 2 2 2 2 2 2 2 2 2 2 2
left_child=-1 2 -2 -4 6 -3 9 8 -8 10 -5 12 13 14 -12
right_child=1 5 3 4 -6 -7 7 -9 -10 -11 11 -13 -14 -15 -16
leaf_value=-0.0010984729515419352 0.054457352704895032 -0.033198954546282002 -0.011136929235838727 0.057940211359784256 -0.021086648141247492 0.016013454388054762 -0.0044863542491288735 -0.031883025359021488 0.058119855407699865 -0.0065224700246237924 0.011562120777922539 -0.012561821527746472 0.044646680700272709 0.08544568978697642 -0.032062734664797275
leaf_weight=391.76237978925928 1.6026703007519234 1.955038010142746 37.338522058911622 4.1284153033047906 8.5906670740805549 27.43918590573594 2.1727502606809121 1.9045085203833876 5.4423820688389242 32.655881548766047 19.851369796320796 19.720730509608991 7.0486865434795609 1.6799880685284723 5.1534924441948524
leaf_count=4322 8 23 494 28 102 304 28 34 35 353 178 251 54 12 74
internal_value=-3.29017e-05 0.00232979 0.0002522 -0.000344097 0.00337526 0.0127403 0.0054818 0.0258246 0.040257 0.00333575 0.00892647 0.00514101 0.0154901 0.00778856 0.00257105
internal_weight=568.447 176.684 147.29 145.687 108.349 29.3942 99.7582 9.51964 7.61513 90.2386 57.5827 53.4543 33.7335 26.6849 25.0049
internal_count=6300 1978 1651 1643 1149 327 1047 97 63 950 597 569 318 264 252
is_linear=0
shrinkage=0.03


Tree=227
num_leaves=16
num_cat=0
split_feature=4 4 10 0 10 2 5 10 10 16 6 16 10 1 17
split_gain=1.55856 1.68565 5.56256 10.1399 5.33932 3.28895 5.717 3.06868 2.9418 6.00632 2.45103 2.27278 4.35156 4.90899 5.22108
threshold=9.6574074074074101 10.026620370370372 -1.5304066061840219e-14 1.3864004629629632 -3.0408686614355864e-14 -0.0025310450840260088 12.500000000000002 -4.4365947357783763e-14 1.131130533926431e-14 84.428726851851863 0.0086803997347603447 75.612129629629649 1.2603671822465569e-14 4.450000000000002 0.58506944444444453
decision_type=2 2 2 2 2 2 2 2 2 2 2 2 2 2 2
left_child=-1 2 4 -4 7 6 -5 -2 -7 -10 -9 12 13 14 -3
right_child=1 11 3 5 -6 8 -8 10 9 -11 -12 -13 -14 -15 -16
leaf_value=-0.030994319717212688 -0.012262376971163414 0.0019385007827094382 -0.03234099723756613 0.056497416677853386 -0.031826246430748779 0.053313875863690227 -0.031592398335873163 0.0093632009266211638 -0.033052413691795172 0.064498516689310947 0.065146118674058895 0.00050885853912389716 0.011973224052009923 0.00022984962194573741 -0.023558642229307248
leaf_weight=1.4595219809561957 2.6169423945248127 10.350966950878499 2.6517338827252379 1.1229073405265801 4.8291769623756426 6.0444167489185912 1.6191917862743137 1.7116935886442664 1.1952623054385187 1.0825261352583764 1.2100536972284315 462.55436424445361 11.650397855322806 33.906811273656785 23.957266334444284
leaf_count=50 34 157 44 8 101 39 32 15 16 7 5 4842 114 442 394
internal_value=-3.30033e-05 4.67645e-05 0.00781296 0.020348 -0.0087701 0.0329757 0.00448095 0.0113325 0.0423645 0.013309 0.0324659 -0.000298061 -0.00497147 -0.00786545 -0.015866
internal_weight=567.963 566.504 24.0839 13.716 10.3679 11.0643 2.7421 5.53869 8.32221 2.27779 2.92175 542.42 79.8654 68.215 34.3082
internal_count=6300 6250 301 146 155 102 40 54 62 23 20 5949 1107 993 551
is_linear=0
shrinkage=0.03


Tree=228
num_leaves=16
num_cat=0
split_feature=12 3 8 6 16 2 8 7 2 8 8 17 2 3 6
split_gain=1.553 1.56408 3.64984 3.1446 2.08812 2.02355 3.27132 3.69439 2.01266 4.39344 4.54997 3.07909 2.67829 4.97066 2.5309
threshold=1.0000000180025095e-35 1.8295138888888893 3212.0000000000005 0.0084603156529290315 77.164826388888912 0.019117525904393206 1962.0000000000002 15.66840277777778 0.015180990272317079 3313.5000000000005 2283.5000000000005 0.65682870370370383 0.010267650821505834 1.7460069444444448 0.0012194767993534885
decision_type=2 2 2 2 2 2 2 2 2 2 2 2 2 2 2
left_child=1 5 3 4 -3 8 -7 -8 12 10 11 -10 -1 -14 -11
right_child=-2 2 -4 -5 -6 6 7 -9 9 14 -12 -13 13 -15 -16
leaf_value=9.665900476315978e-05 0.034205941056279103 -0.020317130281532449 -0.01694998505007702 0.065304231854489969 0.041768064713689448 0.028880282971527255 -0.035245219283972562 0.015780539581937592 0.050591789007231353 0.070286463013527659 -0.019944718285297917 -0.0093343946530849865 -0.014633896145984805 0.057383216114439584 0.020570244187353221
leaf_weight=521.04468645225279 1.1897834949195374 1.0494152866303914 1.9711497128009794 1.5902404394000766 0.91062393411993969 1.2936833752319197 5.3376930132508278 1.6786641292273996 1.9151418972760423 1.3774411827325819 4.6777816349640489 1.2924319468438623 18.453133638016883 0.90484671108424564 2.7844398627057672
leaf_count=5721 14 27 54 18 53 11 57 16 15 10 45 21 206 9 23
internal_value=-3.27049e-05 -0.000104642 0.0157844 0.0339588 0.00852733 -0.000261091 -0.0149549 -0.0230373 -4.00636e-05 0.0120875 -0.00107423 0.0264457 -0.000310425 -0.0112676 0.0370246
internal_weight=567.471 566.281 5.52143 3.55028 1.96004 560.76 8.31004 7.01636 552.45 12.0472 7.88536 3.20757 540.403 19.358 4.16188
internal_count=6300 6286 152 98 80 6134 84 73 6050 114 81 36 5936 215 33
is_linear=0
shrinkage=0.03


Tree=229
num_leaves=16
num_cat=0
split_feature=6 10 9 9 1 15 2 6 17 6 6 10 5 2 15
split_gain=1.54927 1.53681 1.78749 3.21227 3.74361 1.81226 1.79358 2.31359 2.66259 3.10201 2.25551 6.12627 4.04988 3.9407 4.85547
threshold=0.071741382505352544 -9.1350585052644827e-14 1516.0358796296298 1542.0966435185187 5.8500000000000023 13.131076388888891 -0.022508986441079074 -0.0097054679982228921 0.63136574074074081 -0.012986858585790996 -0.0022761371476032357 3.9975321653031148e-15 19.500000000000004 0.0033021096368138019 13.196064814814818
decision_type=2 2 2 2 2 2 2 2 2 2 2 2 2 2 2
left_child=1 -1 -3 4 -4 -6 7 8 -5 -10 11 -8 13 14 -13
right_child=-2 2 3 6 5 -7 10 -9 9 -11 -12 12 -14 -15 -16
leaf_value=0.030371975027325009 0.030484941520744095 -0.032233809840205963 0.056392955171383423 -0.018264377649037333 0.03081037064909244 -0.033324292480720982 -0.0099764832760021564 -0.020046578189849899 0.0019874752455687275 0.049842281422548901 0.00036208380610500981 0.024786807881035985 -0.028718714501655931 -0.011429421473950475 -0.012912244308528551
leaf_weight=1.484428314026444 1.4932648960966606 1.5626867059618224 1.9411746412515634 1.2062883153557775 0.70149144437164046 0.91212932392954826 62.907120202668011 1.4599778503179539 1.9924873076379293 3.1406991258263592 461.10956273460761 15.323767039924869 2.5819072984158984 5.5771818412467828 3.8466112725436679
leaf_count=127 168 30 8 18 10 12 700 19 15 19 4913 116 29 61 55
internal_value=-3.21631e-05 -0.000112712 -0.000192909 -0.000103927 0.0283239 -0.00544295 -0.000284659 0.014001 0.0218421 0.0312671 -0.000486746 -0.00482427 0.00703511 0.0107653 0.0172223
internal_weight=567.241 565.748 564.263 562.7 3.5548 1.61362 559.146 7.79945 6.33947 5.13319 551.346 90.2366 27.3295 24.7476 19.1704
internal_count=6300 6132 6005 5975 30 22 5945 71 52 34 5874 961 261 232 171
is_linear=0
shrinkage=0.03


Tree=230
num_leaves=16
num_cat=0
split_feature=15 1 16 8 2 17 3 17 8 3 10 8 8 17 17
split_gain=1.54185 3.67182 3.47109 3.17376 2.89938 1.89869 2.41754 2.7104 10.3362 7.18568 5.28576 4.69025 4.95332 4.02797 3.48965
threshold=12.964872685185187 3.7999999999999994 93.068686342592613 1962.0000000000002 -0.0039139244067274192 0.84085648148148162 1.0897569444444446 0.81655092592592604 2231.5000000000005 1.2453125000000005 -2.9704374744497782e-14 3265.0000000000005 3556.0000000000005 0.81192129629629639 0.80844907407407418
decision_type=2 2 2 2 2 2 2 2 2 2 2 2 2 2 2
left_child=1 -1 5 -3 -5 6 -2 13 -9 10 -10 -12 -13 14 -8
right_child=2 3 -4 4 -6 -7 7 8 9 -11 11 12 -14 -15 -16
leaf_value=-0.032963740356458084 -0.019702132715934764 -0.03038002304605562 -0.032031812355831669 0.046578502941446845 0.0050849856180029259 0.025235393819873431 -0.00030053743527352352 0.049927795568060811 0.041013241139970173 0.054793393956075416 -0.032689768839353199 0.040559626532871186 -0.03510943868307724 -0.029207806302695854 0.033160348549245697
leaf_weight=1.336641751229761 5.6449726847931734 0.93276866897940625 3.070808093994855 3.5718005849048491 2.6327493092976515 2.6602746006101361 521.81455270061269 4.6628958228975561 1.5532718002796162 1.7455896977335204 6.7787176067940873 1.9960180469788613 1.2764931954443453 4.3200481315143398 2.8202721269335589
leaf_count=12 76 10 52 27 19 17 5863 31 8 11 70 16 13 45 30
internal_value=-3.15219e-05 0.0126692 -0.00022428 0.0212151 0.0289717 -4.83761e-05 -0.000170092 3.1488e-05 0.0114754 -0.00195522 -0.0104916 -0.0184509 0.0110437 -0.000358221 -0.000120662
internal_weight=566.818 8.47396 558.344 7.13732 6.20455 555.273 552.613 546.968 18.013 13.3501 11.6045 10.0512 3.27251 528.955 524.635
internal_count=6300 68 6232 56 46 6180 6163 6087 149 118 107 99 29 5938 5893
is_linear=0
shrinkage=0.03


Tree=231
num_leaves=16
num_cat=0
split_feature=5 9 8 16 2 8 2 7 7 0 6 6 10 8 8
split_gain=1.52727 2.91935 3.22079 3.60218 3.70385 2.61713 3.33671 3.22697 2.05935 2.00388 4.81306 5.90165 6.20947 7.66168 5.97547
threshold=23.500000000000004 2444.6053240740744 2817.0000000000005 84.991875000000007 -0.0026539862959564313 2346.0000000000005 0.00093466801519100074 23.552083333333339 20.456597222222225 1.2152199074074075 0.0040312281618317498 0.0011215190099508295 1.0032103577992857e-15 3381.5000000000005 2669.0000000000005
decision_type=2 2 2 2 2 2 2 2 2 2 2 2 2 2 2
left_child=8 5 -3 4 -4 6 -2 -8 9 10 11 -1 13 14 -13
right_child=1 2 3 -5 -6 -7 7 -9 -10 -11 -12 12 -14 -15 -16
leaf_value=-0.0068360286359560605 0.040046898327700628 0.042599243417043062 0.027675449609974524 0.039343481692643123 -0.028216574347268056 -0.034532668093440577 -0.035426891485872941 0.041022358092138687 -0.032698530881461914 0.00052372521642104304 -0.015279540460767103 0.0087678632927653249 -0.018950825649176019 -0.033160534203924792 0.052602459997881441
leaf_weight=31.949784277006984 1.6330670327879513 3.4255580338649434 1.6731526060029871 2.1096465785522014 2.9458079445175818 2.0895288288593292 1.8548425398766997 0.67877382040023793 1.7600926347076882 473.59676177077927 25.693154605105519 4.9074293263256568 3.7603185027837744 1.7791652120649804 6.513963270932436
leaf_count=306 49 34 26 43 63 20 16 23 25 5279 258 54 41 22 41
internal_value=-3.10762e-05 0.00898745 0.0189195 0.00686405 -0.00797049 -0.00713277 0.00660786 -0.0149456 -0.000300182 -0.000196161 -0.00476611 0.000756672 0.0150593 0.0247474 0.0337681
internal_weight=566.371 16.4104 10.1542 6.72861 4.61896 6.25621 4.16668 2.53362 549.961 548.201 74.6038 48.9107 16.9609 13.2006 11.4214
internal_count=6300 274 166 132 89 108 88 39 6026 6001 722 464 158 117 95
is_linear=0
shrinkage=0.03


Tree=232
num_leaves=16
num_cat=0
split_feature=14 3 0 10 8 8 8 2 4 3 10 6 10 2 6
split_gain=1.51959 1.5054 1.73533 4.4963 4.20038 5.03455 9.29236 5.17286 8.97163 4.59994 11.5642 6.02191 9.3602 5.02963 4.53913
threshold=12.160000000000002 1.9423611111111116 1.5500578703703705 -4.1501528847619061e-14 1910.5000000000002 2849.5000000000005 2701.0000000000005 -0.0039645722119148012 13.705439814814817 1.6442708333333338 -9.1180093768749655e-15 0.0063413574996037782 -1.9554507755786809e-15 0.0049937206545254843 0.00026830945507552609
decision_type=2 2 2 2 2 2 2 2 2 2 2 2 2 2 2
left_child=-1 2 -2 -4 -5 6 9 -8 -9 13 -11 -12 -13 -6 -7
right_child=1 -3 3 4 5 14 7 8 -10 10 11 12 -14 -15 -16
leaf_value=0.031416356250551308 0.00078136353458437577 0.030491028196695871 0.018411593501249317 -0.021517972447445518 -0.015515767298548108 0.0039644398875232079 0.075124364783554026 -0.022240827327394869 0.050383712640019597 -0.021627346816641042 0.012913435446838159 0.11278881914784393 0.015855929371950999 0.033499939107468395 -0.01293385760798137
leaf_weight=1.3796029575169075 421.08776089572348 1.4433999920729537 8.2711617401801032 11.742463486269115 19.976065247319642 20.153241451829672 2.0218193456530571 2.6344676017761213 3.6546117723919451 7.5701171215623626 10.929738707840441 1.5680576921440663 2.0936834290623674 2.0803312100470057 49.311846509575844
leaf_count=42 4206 114 93 287 274 244 11 18 22 117 137 14 26 19 676
internal_value=-3.04968e-05 -0.000107346 -0.000185779 -0.0030536 -0.00438115 -0.00273165 0.00427671 0.0333812 0.0199616 -0.00119357 0.00845948 0.0240686 0.0573652 -0.0108927 -0.00803132
internal_weight=565.918 564.539 563.095 142.008 133.736 121.994 52.5289 8.3109 6.28908 44.218 22.1616 14.5915 3.66174 22.0564 69.4651
internal_count=6300 6258 6144 1938 1845 1558 638 51 40 587 294 177 40 293 920
is_linear=0
shrinkage=0.03


Tree=233
num_leaves=16
num_cat=0
split_feature=16 0 10 9 10 8 10 9 10 10 8 8 5 1 3
split_gain=1.50586 1.79198 4.11675 5.72172 10.2836 7.13601 6.89574 7.50535 6.79249 6.6097 5.9393 9.18151 7.10274 11.3099 6.83895
threshold=67.880225694444462 1.5500578703703705 6.710938785905148e-15 2109.0000000000005 5.7738841096248958e-15 2849.5000000000005 3.8741847777034414e-15 2699.06712962963 -2.8833203368255315e-14 -3.0299713635264596e-14 3449.5000000000005 3636.0000000000005 15.500000000000002 4.6000000000000005 1.521354166666667
decision_type=2 2 2 2 2 2 2 2 2 2 2 2 2 2 2
left_child=-1 -2 3 -3 5 6 7 -5 9 -7 -10 12 -12 -14 -13
right_child=1 2 -4 4 -6 8 -8 -9 10 -11 11 14 13 -15 -16
leaf_value=0.020873259809857349 0.00083203076728808765 -0.016537428977210243 -0.012263519191868672 0.0019575937760332768 0.037594076260029162 0.0010836516734993402 0.075816346349461633 0.044508010319603324 -0.02604882310764917 0.055716818016447282 -0.031979089481996924 0.10193779031173165 0.092764796646972375 -0.013222876960732136 -0.019681484828455626
leaf_weight=3.0846333540976039 421.8641724139452 16.358549620490521 33.465713076293468 27.287854926893491 7.0278109265491358 12.133514251559971 1.3999084467068303 4.3217053702101103 18.589661861769855 2.3847288014367214 1.1742233894765401 0.43102645128965278 2.3753419965505604 1.4649895993061361 12.038911771029232
leaf_count=25 4232 383 487 370 44 122 18 36 268 16 21 5 12 18 243
internal_value=-3.04859e-05 -0.000145155 -0.00308021 -0.000207684 0.00273982 -0.000190133 0.0106607 0.00777515 -0.00726988 0.0100576 -0.0142434 -0.00169176 0.0325904 0.0523332 -0.0154777
internal_weight=565.403 562.318 140.454 106.988 90.6297 83.6019 33.0095 31.6096 50.5924 14.5182 36.0742 17.4845 5.01455 3.84033 12.4699
internal_count=6300 6275 2043 1556 1173 1129 424 406 705 138 567 299 51 30 248
is_linear=0
shrinkage=0.03


Tree=234
num_leaves=16
num_cat=0
split_feature=4 4 10 0 10 2 5 16 6 7 16 10 10 10 1
split_gain=1.50248 1.59959 5.25252 9.65446 5.12193 3.08781 5.35192 2.93685 4.42522 2.73682 2.10726 4.27589 4.79499 6.40148 19.1611
threshold=9.6574074074074101 10.026620370370372 -1.5304066061840219e-14 1.3864004629629632 -3.0408686614355864e-14 -0.0025310450840260088 12.500000000000002 86.499994212962989 0.0083848518744265698 9.7482638888888911 75.612129629629649 1.2603671822465569e-14 8.6697872341492282e-15 7.8040709796474514e-15 4.450000000000002
decision_type=2 2 2 2 2 2 2 2 2 2 2 2 2 2 2
left_child=-1 2 4 -4 7 6 -5 8 -2 -7 11 12 13 -3 -15
right_child=1 10 3 5 -6 9 -8 -9 -10 -11 -12 -13 -14 14 -16
leaf_value=-0.030960821798082676 -0.034720273809365154 -0.0074833565788235247 -0.032293191500044942 0.053851861845880762 -0.031760513357742076 0.014328605342741066 -0.031513693832550968 0.050442870717324638 0.02688847184560569 0.05219960881219645 0.00048681172470944043 0.011996282936846365 -0.032803059717536449 -0.034212076107207078 0.1105110369232543
leaf_weight=1.4099428933113802 1.9275900227949021 57.777554828440771 2.5884606940671793 1.1387699507176869 4.6690577194094676 2.4243637500330788 1.5753732975572345 1.2953580617904661 2.3028216958045959 5.8896040408872068 460.68674526945688 11.607953921426086 6.2244022134691468 1.7095425054430955 1.5883314460515974
leaf_count=50 27 864 44 8 101 22 32 8 19 40 4842 114 99 17 13
internal_value=-3.06938e-05 4.671e-05 0.00765621 0.019848 -0.00862763 0.0320863 0.00430303 0.0109187 -0.0011836 0.0411564 -0.000289084 -0.00481899 -0.00771931 -0.00516294 0.0354899
internal_weight=564.816 563.406 23.8114 13.6166 10.1948 11.0281 2.71414 5.52577 4.23041 8.31397 539.595 78.9078 67.2998 61.0754 3.29787
internal_count=6300 6250 301 146 155 102 40 54 46 62 5949 1107 993 894 30
is_linear=0
shrinkage=0.03


Tree=235
num_leaves=16
num_cat=0
split_feature=12 3 0 1 7 15 1 16 10 7 10 8 16 4 6
split_gain=1.48778 1.51398 5.58645 5.47194 5.64724 5.42278 8.90694 6.43849 10.4545 7.49675 7.56957 7.71692 8.39075 7.17259 6.59646
threshold=1.0000000180025095e-35 1.3555555555555558 1.2631365740740743 5.950000000000002 11.654513888888891 13.104282407407409 3.9500000000000015 89.239259259259271 -3.1256564295322239e-14 19.463541666666671 1.2293457124256699e-14 1694.5000000000002 92.531996527777792 12.486111111111112 -0.00058953286134997012
decision_type=2 2 2 2 2 2 2 2 2 2 2 2 2 2 2
left_child=1 3 -3 5 -5 6 7 -1 -9 10 11 14 -13 -14 -10
right_child=-2 2 -4 4 -6 -7 -8 8 9 -11 -12 12 13 -15 -16
leaf_value=0.018137911165784663 0.034049867212925106 0.03186230737429159 0.00050618308528471918 -0.0091549090496362527 0.058033638205557667 -0.010859208480712836 -0.013190621426747196 0.054054469084929328 -0.020779558853381754 0.066193344431816695 0.042050749598374224 -0.025082184946069043 0.029594313565424812 -0.013955884387628794 0.041926143251321414
leaf_weight=26.055657846387476 1.1504818983376015 5.1818111576139918 388.95013685734011 1.945285566151141 2.6728072492405772 57.00024801120162 30.313752659130841 3.0096606838051221 2.2756650894880295 1.3470168886706222 2.8201726302504531 23.187516150996089 5.8718446418642989 8.0969922263175231 4.4867837140336624
leaf_count=216 14 41 4516 21 22 668 339 38 18 24 17 235 36 63 32
internal_value=-3.07121e-05 -0.000100329 0.000918435 -0.00247506 0.0297317 -0.0033794 0.000587937 0.00600171 -0.000187008 -0.00358194 -0.00559286 -0.00865221 -0.014017 0.00435058 0.0208247
internal_weight=564.366 563.215 394.132 169.083 4.61809 164.465 107.465 77.1513 51.0957 48.086 46.739 43.9188 37.1564 13.9688 6.76245
internal_count=6300 6286 4557 1729 43 1686 1018 679 463 425 401 384 334 99 50
is_linear=0
shrinkage=0.03


Tree=236
num_leaves=16
num_cat=0
split_feature=4 15 8 9 8 4 8 7 16 4 17 0 6 5 2
split_gain=1.48153 5.44753 10.068 8.78298 8.01294 7.51068 14.1153 7.07107 8.57277 8.87722 6.38571 7.43058 6.0291 5.81794 5.74889
threshold=13.876736111111112 13.182233796296297 3299.5000000000005 3259.5000000000005 2701.0000000000005 14.817129629629632 3606.5000000000005 17.487847222222225 82.291886574074098 19.526041666666668 0.67534722222222232 1.4692708333333335 0.0017907576965239596 23.500000000000004 -0.00012660834968756155
decision_type=2 2 2 2 2 2 2 2 2 2 2 2 2 2 2
left_child=-1 2 3 -2 -3 10 12 -4 -9 -10 -6 -12 -7 -11 -5
right_child=1 4 7 14 5 6 -8 8 9 13 11 -13 -14 -15 -16
leaf_value=-0.0014072068528171531 0.0022622276947246171 -0.0032755789409753457 -0.02126158925506463 0.089711019175274076 -0.0038151532739180804 0.030520783554137627 -0.012956882210534799 -0.024718352033932595 0.033311616861305807 -0.039904482409707898 0.076741301714400592 -0.017822162681917754 0.078047556755395764 0.023487372005561676 0.016306444151850754
leaf_weight=313.00822277367115 144.91324436292052 21.428686177358031 30.234834849834442 1.6804163018241527 11.765142385847868 4.4179681427776796 3.6365719973109654 7.5660901111550656 8.8618328662123513 3.3509558588266364 2.1283107846975322 1.1530071152374146 5.2651639934629202 2.1320307557471097 2.2405726239085189
leaf_count=3700 1404 352 295 20 114 41 58 110 53 24 10 13 53 35 18
internal_value=-3.06816e-05 0.00168745 -0.000513424 0.00346099 0.0105705 0.0210303 0.0374373 -0.0118572 0.00111991 0.0147482 0.00650614 0.0435131 0.0563633 -0.0152549 0.0477654
internal_weight=563.783 250.775 200.98 148.834 49.7949 28.3662 13.3197 52.1457 21.9109 14.3448 15.0465 3.28132 9.68313 5.48299 3.92099
internal_count=6300 2600 1959 1442 641 289 152 517 222 112 137 23 94 59 38
is_linear=0
shrinkage=0.03


Tree=237
num_leaves=16
num_cat=0
split_feature=0 1 1 5 15 2 4 10 14 17 15 17 1 10 2
split_gain=1.47977 1.89138 3.21388 2.76662 4.32403 2.2956 6.10665 7.95213 7.03895 5.57745 4.91262 6.62638 10.337 4.136 5.61458
threshold=1.81712962962963 6.8500000000000005 6.7500000000000009 18.500000000000004 13.164467592592596 -0.012533283321835153 10.938078703703704 5.7738841096248958e-15 12.480000000000002 0.64409722222222232 13.099479166666667 0.73321759259259267 6.4000000000000012 -7.9275263422620108e-15 -0.015121713251037635
decision_type=2 2 2 2 2 2 2 2 2 2 2 2 2 2 2
left_child=1 2 5 -3 -5 6 -1 8 9 -8 -10 13 -13 14 -12
right_child=-2 3 -4 4 -6 -7 7 -9 10 -11 11 12 -14 -15 -16
leaf_value=-0.020200628970975559 0.027573015245140196 -0.031492586318934167 0.030150843236741262 0.068626956692987573 -0.016906145583297734 -0.00065271243880998906 0.011050572027349156 0.031492676076281687 -0.029873433947678382 0.079462448182892484 -0.013802405313938721 0.08827405531471362 -0.014183684921050687 -0.033498264883166914 0.053806941706043256
leaf_weight=6.4342377791181198 1.7424141359515477 4.051036672666668 3.1790395490825167 0.75509936362504992 1.7999188825488088 510.13099496741779 3.2775578685104874 11.935643999371676 5.8316596234217313 1.5942414733581243 3.5072060185484588 1.8127630031667643 1.7339038439095018 3.8990374468266946 1.6142938076518474
leaf_count=108 110 80 19 7 34 5583 36 90 76 14 41 17 17 53 15
internal_value=-3.08793e-05 -0.000116529 7.34286e-05 -0.0160742 0.00837195 -9.98628e-05 0.006673 0.0115844 0.0013733 0.0334376 -0.00711694 0.00344294 0.0381842 -0.0102165 0.00750802
internal_weight=563.299 561.557 554.951 6.60605 2.55502 551.772 41.6405 35.2063 23.2707 4.8718 18.3989 12.5672 3.54667 9.02054 5.1215
internal_count=6300 6190 6069 121 41 6050 467 359 269 50 219 143 34 109 56
is_linear=0
shrinkage=0.03


Tree=238
num_leaves=16
num_cat=0
split_feature=10 9 9 1 15 10 4 0 6 16 10 0 8 0 4
split_gain=1.46907 1.49596 3.11053 3.4957 1.73803 1.70672 7.42702 13.5527 9.2567 9.24924 10.6561 8.01217 7.56161 10.555 9.78311
threshold=-9.1350585052644827e-14 1516.0358796296298 1542.0966435185187 5.8500000000000023 13.131076388888891 -1.8142276805410288e-14 12.507523148148151 1.4259837962962965 0.0094190182117764049 89.871226851851858 -3.1256564295322239e-14 1.1876157407407411 2105.0000000000005 1.5141782407407411 12.950810185185187
decision_type=2 2 2 2 2 2 2 2 2 2 2 2 2 2 2
left_child=-1 -2 3 -3 -5 6 -4 9 12 -8 -11 -12 -9 14 -14
right_child=1 2 5 4 -6 -7 7 8 -10 10 11 -13 13 -15 -16
leaf_value=0.030359007238597042 -0.028975992048025138 0.055224726958244576 -0.013524358196286593 0.030319182217644337 -0.033014443439086584 0.00076069489145702324 -0.017049932600390061 -0.023979323164678632 -0.015120054580466455 0.055770790271217188 -0.02513943784871794 0.03076647689914937 0.10851413568472502 0.010280508219129162 0.034063251648186611
leaf_weight=1.4279942214488972 1.6109589114785183 1.9294393807649606 42.553037436213344 0.70022036228328921 0.8801473593339324 416.38800494931638 36.975099907256663 3.3051719069480887 8.5500435428693873 3.6471177327912292 6.1745475805364531 3.6835267171263695 1.8332223519682873 21.328650175593793 11.897927436046301
leaf_count=127 34 8 583 10 12 4592 337 43 115 27 60 21 11 236 84
internal_value=-3.07814e-05 -0.000108074 -2.50064e-05 0.0281284 -0.00495294 -0.00020262 -0.00306877 0.00149939 0.0131077 -0.00928909 0.0119589 -0.00424987 0.0193986 0.0234879 0.0440031
internal_weight=562.885 561.457 559.846 3.50981 1.58037 556.336 139.948 97.3953 46.915 50.4803 13.5052 9.85807 38.365 35.0598 13.7311
internal_count=6300 6173 6139 30 22 6109 1517 934 489 445 108 81 374 331 95
is_linear=0
shrinkage=0.03


Tree=239
num_leaves=16
num_cat=0
split_feature=6 10 10 4 10 10 15 7 4 6 10 3 15 7 1
split_gain=1.47321 4.00792 6.55615 5.82563 4.43187 3.53169 4.5245 4.3573 4.66367 7.15708 11.0669 7.15315 7.73551 6.80982 6.53301
threshold=0.0067595898164087989 1.6987905100380165e-14 2.4984153184291704e-14 11.603587962962964 1.6658022672952955e-14 -4.5367928673025246e-14 13.192476851851856 10.18229166666667 12.625000000000002 0.0078683268697935828 -9.1180093768749655e-15 1.4185763888888892 13.195775462962965 12.696180555555557 4.450000000000002
decision_type=2 2 2 2 2 2 2 2 2 2 2 2 2 2 2
left_child=-1 4 -3 -4 5 6 -2 -7 9 10 -9 -12 -13 -10 -14
right_child=1 2 3 -5 -6 7 -8 8 13 -11 11 12 14 -15 -16
leaf_value=-0.0010621794561712561 -0.03096110938999469 -0.033666441204397032 0.063995566774974338 -0.0052067812869217682 0.059872290776413352 0.023245019084416601 0.016594975704083754 -0.032366449444795733 0.078030574579421572 -0.012372729038349453 -0.017082875333415459 0.10205678765716465 -0.033340342938976919 0.0055897877054434091 0.056329931995347172
leaf_weight=387.57216592296027 5.661009344737975 7.0439706817269316 1.3027035212144236 6.8607640168629587 1.2522748420014966 10.150836270302532 2.640305055771023 2.8870366709306836 1.182153645902871 31.991738870739937 1.6411411464214305 1.9497602628543971 1.0918628796935084 96.976447129389271 2.2139723356813192
leaf_count=4322 82 87 10 71 7 98 36 44 7 406 22 22 16 1050 20
internal_value=-3.09021e-05 0.00225508 -0.0124611 0.00583634 0.00365696 0.0032125 -0.0158355 0.00426606 0.00288932 -0.0055058 0.0169482 0.0375918 0.0546648 0.00646221 0.0267133
internal_weight=562.418 174.846 15.2074 8.16347 159.639 158.386 8.30131 150.085 139.934 41.7755 9.78377 6.89674 5.2556 98.1586 3.30584
internal_count=6300 1978 168 81 1810 1803 118 1685 1587 530 124 80 58 1057 36
is_linear=0
shrinkage=0.03


Tree=240
num_leaves=16
num_cat=0
split_feature=2 17 8 8 2 10 10 0 3 17 4 6 2 10 10
split_gain=1.47151 3.54986 2.17143 2.04841 6.26871 5.75511 6.77218 7.73199 5.05311 3.36514 3.26954 3.11102 7.58121 2.63431 4.96514
threshold=-0.024332006019241025 0.65104166666666674 3682.0000000000005 3821.0000000000005 -0.0013428589608771764 3.9172649979356755e-14 -4.7006737095214666e-14 1.2818865740740741 1.2383680555555558 0.7621527777777779 9.9253472222222232 0.0085335467752630043 -0.0082693509891783278 2.8739200180633419e-14 2.1280598606534423e-14
decision_type=2 2 2 2 2 2 2 2 2 2 2 2 2 2 2
left_child=1 -1 -3 13 5 6 -5 8 -8 10 -6 -9 -13 14 -2
right_child=3 2 -4 4 9 -7 7 11 -10 -11 -12 12 -14 -15 -16
leaf_value=-0.033700703570736235 0.00018469490532634159 0.011611786078429553 0.056131157869171146 0.048766753765104566 0.037644492536783584 0.051556818645088182 -0.005548189873093399 -0.032538999446115796 0.072410524434616 0.043174169119094732 -0.027816065079354815 0.094831985587785828 -0.031619767553370572 -0.012288396231356117 0.020493053401470264
leaf_weight=1.0496526695787896 499.46407468011603 2.6937162894755602 1.5553730502724645 2.0600221478380272 0.72269234061240872 2.1065791831351808 1.5605027824640321 7.3154237382113916 1.4376987889409063 0.69166856259107667 13.790033848024903 0.63850300014019001 1.2864127173088489 14.624403914902357 11.07514678686857
leaf_count=17 5560 25 8 13 7 13 13 132 7 9 221 3 27 140 105
internal_value=-3.10495e-05 0.0157037 0.027908 -0.000180795 -0.00759781 0.00526381 -0.00155645 -0.010027 0.0318346 -0.0214752 -0.0245563 -0.0236098 0.0103248 0.000265634 0.000625245
internal_weight=562.072 5.29874 4.24909 556.773 31.6095 16.4051 14.2986 12.2385 2.9982 15.2044 14.5127 9.24034 1.92492 525.164 510.539
internal_count=6300 50 33 6250 445 208 195 182 20 237 228 162 30 5805 5665
is_linear=0
shrinkage=0.03


Tree=241
num_leaves=16
num_cat=0
split_feature=6 12 14 10 9 9 1 10 4 0 6 16 10 0 4
split_gain=1.46143 1.4511 1.45297 1.45243 1.67837 2.97358 3.33449 1.69834 7.35216 12.5964 9.04068 8.80262 10.0556 7.54668 7.07046
threshold=0.071741382505352544 1.0000000180025095e-35 12.160000000000002 -9.1350585052644827e-14 1516.0358796296298 1542.0966435185187 5.8500000000000023 -1.8142276805410288e-14 12.507523148148151 1.4259837962962965 0.0094190182117764049 89.871226851851858 -3.1256564295322239e-14 1.1876157407407411 17.458333333333339
decision_type=2 2 2 2 2 2 2 2 2 2 2 2 2 2 2
left_child=1 2 -1 -4 -5 6 -6 8 -7 11 14 -10 -13 -14 -11
right_child=-2 -3 3 4 5 7 -8 -9 9 10 -12 12 13 -15 -16
leaf_value=0.03136223454095538 0.030491446091126868 0.033960292844005716 0.030349856672578022 -0.032140278374068264 0.053954900033660512 -0.013864226941056426 -0.0049538137916466775 0.00054509458257307635 -0.016912252627854809 0.011964207970114793 -0.016109259609745154 0.054535459802747044 -0.024830934439713435 0.029351346918820315 0.043686363470074603
leaf_weight=1.3116182307712723 1.4083079178817559 1.1230031922459591 1.3925460916943837 1.4884726060554374 1.9152076989412301 41.458105590660125 1.5767741715535519 413.59313236130401 36.36746596544981 30.435584876686335 8.2202476542443019 3.5847773924469939 6.0696117952465993 3.7386545240879059 7.9820368392392984
leaf_count=42 168 14 127 30 8 577 22 4435 324 307 86 21 58 21 60
internal_value=-3.07866e-05 -0.00010751 -0.000175934 -0.00025009 -0.000326671 -0.00024134 0.0273552 -0.000416091 -0.00329981 0.00124363 0.0124453 -0.00925509 0.0115372 -0.00417807 0.0185551
internal_weight=561.666 560.257 559.134 557.823 556.43 554.942 3.49198 551.45 137.856 96.3984 46.6379 49.7605 13.393 9.80827 38.4176
internal_count=6300 6132 6118 6076 5949 5919 30 5889 1454 877 453 424 100 79 367
is_linear=0
shrinkage=0.03


Tree=242
num_leaves=16
num_cat=0
split_feature=15 1 16 8 6 10 10 10 8 10 4 15 4 3 1
split_gain=1.47302 3.41367 3.23439 2.68225 1.89907 1.7898 8.95692 8.90219 15.097 12.1665 8.9852 8.8326 8.49698 7.5716 7.42812
threshold=12.964872685185187 3.7999999999999994 93.068686342592613 2849.5000000000005 -0.001311015702270835 -8.2262657544828189e-16 3.5139020509704052e-15 -3.0012836840295467e-15 2669.0000000000005 -1.4403360468863488e-15 11.55266203703704 13.213831018518521 16.225694444444446 1.3598958333333335 3.5499999999999994
decision_type=2 2 2 2 2 2 2 2 2 2 2 2 2 2 2
left_child=1 -1 5 4 -3 7 -7 -2 9 -9 -11 -10 -8 -12 -14
right_child=2 3 -4 -5 -6 6 12 8 11 10 13 -13 14 -15 -16
leaf_value=-0.032557718141175619 -0.00011348826221883766 -0.02524465248072523 -0.031849988406989438 0.037226541498290223 0.022298578147978677 -0.016636175697400696 0.0035174937509237121 -0.031995019080054907 0.05264501229109398 -0.03171394381563758 0.0037037815292974923 -0.010637604361795561 0.0077920310955259618 0.083998338535850592 -0.025227881613824974
leaf_weight=1.2748766057193259 323.1342825985048 1.4440216803923247 2.8940302468836299 3.9215552629902959 1.5873497757129373 32.845112279523164 139.82112013734877 6.9178690668195486 10.646425880957393 1.7177138198167101 1.856173302978277 2.4399291831068686 9.0525399935431796 2.4547818892169744 19.002380667254329
leaf_count=12 3539 12 52 25 19 568 1453 130 69 37 11 31 66 17 259
internal_value=-3.04621e-05 0.0125697 -0.000218007 0.0208441 -0.000349077 -5.15293e-05 -0.00230892 0.00124615 0.0181227 -0.00484611 0.0263071 0.0408461 0.00049422 0.0494258 -0.0145733
internal_weight=561.01 8.2278 552.782 6.95293 3.03137 549.888 200.721 349.167 26.0329 12.9465 6.02867 13.0864 167.876 4.31096 28.0549
internal_count=6300 68 6232 56 31 6180 2346 3834 295 195 65 100 1778 28 325
is_linear=0
shrinkage=0.03


Tree=243
num_leaves=16
num_cat=0
split_feature=6 15 6 16 3 8 0 6 5 0 4 3 7 6 1
split_gain=1.44224 3.95214 4.58831 5.44205 4.48362 4.37322 4.35326 4.98479 4.91284 4.3402 4.57276 4.645 5.65474 3.81019 4.54191
threshold=0.0067595898164087989 13.210497685185187 0.010249231408113839 88.954577546296306 1.3970486111111116 2074.5000000000005 1.4781828703703705 0.010249231408113839 13.500000000000002 1.6359375000000003 9.7540509259259274 1.6442708333333338 12.598958333333334 0.0081387015318254898 5.8000000000000034
decision_type=2 2 2 2 2 2 2 2 2 2 2 2 2 2 2
left_child=-1 2 9 5 -3 -4 7 -6 -8 10 -2 12 -12 14 -14
right_child=1 4 3 -5 6 -7 8 -9 -10 -11 11 -13 13 -15 -16
leaf_value=-0.001052192588426088 0.059408738601496786 -0.032893582139400926 0.0067410620328995892 0.021184310829075664 0.01122109592175655 -0.013299868655690264 0.041201699948449133 0.075104926515574252 0.003894032863076454 -0.024042724616714438 -0.010473079774367882 0.040432265343410885 0.0045423099855084886 0.015059734129303991 -0.034731245991091689
leaf_weight=386.29331928212196 1.4425866827368725 1.846856015734377 12.624191969167439 6.0229163505136958 2.2281774282455471 43.798151899594814 3.8153225593268898 2.1697080750018358 18.979268281953409 4.426875874400138 18.375804238952696 3.2788143251091233 18.372974788304422 33.569466373883188 3.0969303678721181
leaf_count=4322 7 23 177 78 18 542 34 17 235 87 250 33 171 274 32
internal_value=-3.05726e-05 0.00223688 0.00021386 -0.00592227 0.0123389 -0.00881582 0.015411 0.0427383 0.0101385 0.0048548 0.00649201 0.00549667 0.0039364 0.00874724 -0.00112271
internal_weight=560.341 174.048 145.009 62.4453 29.0393 56.4223 27.1925 4.39789 22.7946 82.5635 78.1366 76.694 73.4152 55.0394 21.4699
internal_count=6300 1978 1651 797 327 719 304 35 269 854 767 760 727 477 203
is_linear=0
shrinkage=0.03


Tree=244
num_leaves=16
num_cat=0
split_feature=6 4 4 10 0 10 10 2 5 10 16 6 16 10 10
split_gain=1.42424 1.41547 1.6092 4.69282 9.02234 5.09203 2.84529 2.74699 4.93644 2.64453 5.47372 2.11889 2.01215 4.08267 4.64401
threshold=0.071741382505352544 9.6574074074074101 10.026620370370372 -1.5304066061840219e-14 1.3864004629629632 -3.0408686614355864e-14 -4.4365947357783763e-14 -0.0025310450840260088 12.500000000000002 1.131130533926431e-14 84.428726851851863 0.0086803997347603447 75.612129629629649 1.2603671822465569e-14 8.6697872341492282e-15
decision_type=2 2 2 2 2 2 2 2 2 2 2 2 2 2 2
left_child=1 -1 3 5 -5 6 -3 8 -6 -9 -11 -8 13 14 -4
right_child=-2 2 12 4 7 -7 11 9 -10 10 -12 -13 -14 -15 -16
leaf_value=-0.030912598251191744 0.03048056648652183 -0.011716184157493269 -0.0051772286184032564 -0.032203272142963639 0.051304987225165598 -0.031703841134263507 0.010011835938577761 0.04980867486071007 -0.031424508006209918 -0.033028352356580935 0.059885808134980616 0.062052123335514561 0.00039243348466004346 0.011616946365247342 -0.032725882002780066
leaf_weight=1.3390372227877367 1.3735639816150058 2.5252046808600426 60.209267565514892 2.5020922860130659 1.1425883211195462 4.4730478469282406 1.6762602888047697 6.0336105627939087 1.5030699688941238 1.1797695681452753 1.1052171271294353 1.2142348438501356 456.03353143460117 11.569796533323823 6.0617130268365136
leaf_count=50 168 34 867 44 8 101 15 39 32 16 7 5 4702 113 99
internal_value=-3.02908e-05 -0.000105319 -3.12887e-05 0.00767663 0.0192004 -0.00801621 0.0115484 0.0309309 0.00430413 0.0393993 0.011913 0.0318728 -0.000368483 -0.00482634 -0.00769707
internal_weight=559.942 558.568 557.229 23.3551 13.4663 9.88875 5.4157 10.9643 2.64566 8.3186 2.28499 2.8905 533.874 77.8408 66.271
internal_count=6300 6132 6082 301 146 155 54 102 40 62 23 20 5781 1079 966
is_linear=0
shrinkage=0.03


Tree=245
num_leaves=16
num_cat=0
split_feature=2 6 6 8 10 8 2 15 10 15 0 17 4 10 10
split_gain=1.41006 2.70238 2.83141 2.36911 2.36897 1.82503 6.18661 5.4476 5.47304 6.26163 6.35098 3.2455 3.07347 2.48235 4.60349
threshold=-0.022508986441079074 -0.015206900247155134 -0.0097054679982228921 2669.0000000000005 -5.6597257848385692e-15 3821.0000000000005 -0.0013428589608771764 13.27777777777778 -4.7006737095214666e-14 13.084918981481481 1.2818865740740741 0.7621527777777779 9.9253472222222232 2.8739200180633419e-14 2.1280598606534423e-14
decision_type=2 2 2 2 2 2 2 2 2 2 2 2 2 2 2
left_child=1 -1 3 4 -3 13 7 8 -7 -10 -11 12 -8 14 -2
right_child=5 2 -4 -5 -6 6 11 -9 9 10 -12 -13 -14 -15 -16
leaf_value=-0.035737374924852697 0.0001299792241386219 0.034132535985518957 -0.019176931994171833 0.042804632934613077 -0.032094183702040945 0.047497580790047476 0.035560916632087797 0.088230069238660364 0.028992616142984141 0.035779106078812579 -0.028617100670571573 0.041876826661553727 -0.027585461827308179 -0.012039135907923762 0.019577081646957522
leaf_weight=0.92143249325454224 494.9487308927346 0.99521814659237806 1.4027594192884851 3.6343084573745728 0.95026236772537265 2.0550419832579783 0.7314255125820609 0.68810735642910081 3.5470428098924467 1.6633727476000775 8.0443257149308902 0.69925053464248854 13.451672218739985 14.475782729219643 11.203156523406504
leaf_count=10 5537 7 20 20 18 13 7 4 25 10 155 9 221 139 105
internal_value=-2.98908e-05 0.0125515 0.0189238 0.0285023 0.00178435 -0.000210201 -0.00729625 0.005655 0.00194361 -0.00511917 -0.0175831 -0.0212183 -0.024329 0.000210097 0.000560421
internal_weight=559.412 7.90398 6.98255 5.57979 1.94548 551.508 30.8802 15.9979 15.3098 13.2547 9.7077 14.8823 14.1831 520.628 506.152
internal_count=6300 75 65 45 25 6225 444 207 203 190 165 237 228 5781 5642
is_linear=0
shrinkage=0.03


Tree=246
num_leaves=16
num_cat=0
split_feature=3 8 6 2 8 7 16 2 8 8 17 2 3 17 6
split_gain=1.42061 3.3883 2.76652 1.95864 2.58695 2.59751 1.87981 1.83666 4.002 3.99398 2.65645 2.46538 4.55564 2.502 2.27585
threshold=1.8295138888888893 3212.0000000000005 0.0084603156529290315 0.019117525904393206 2684.0000000000005 12.157986111111112 77.164826388888912 0.015180990272317079 3313.5000000000005 2283.5000000000005 0.65682870370370383 0.010267650821505834 1.7460069444444448 0.63020833333333348 -0.0021139346769457495
decision_type=2 2 2 2 2 2 2 2 2 2 2 2 2 2 2
left_child=3 2 6 7 5 -5 -2 11 9 10 -9 -1 13 -13 -15
right_child=1 -3 -4 4 -6 -7 -8 8 -10 -11 -12 12 -14 14 -16
leaf_value=0.00016772072016043657 -0.019999452235557606 -0.0166643613700104 0.062355454533870404 -0.033881134349026953 -0.02918469571581541 0.022646267329695553 0.04110621414256576 0.046218287992574159 0.034768552909577775 -0.018985388833732804 -0.0094160122754509794 -0.034470798541405827 0.054368102608039516 -0.026743471488350969 -7.8510721514174801e-05
leaf_weight=514.49424857110716 0.98379245353862577 1.9013671660795806 1.5822054147720335 1.061182109639047 4.7186372131109238 2.3557443153113127 0.83994855894707143 1.9699427429586633 4.3168985447846353 4.6478909566067159 1.2706672865897415 4.1975724427029553 0.91672109346836705 4.1016704682260778 9.677779309917236
leaf_count=5733 27 54 18 15 46 23 53 15 34 46 21 54 9 49 103
internal_value=-2.96456e-05 0.0154176 0.0333273 -0.000177702 -0.014789 0.00509076 0.00814359 4.01735e-05 0.0115468 -0.00116109 0.0244037 -0.00022313 -0.0108663 -0.0141929 -0.00801576
internal_weight=559.036 5.30731 3.40595 553.729 8.13556 3.41693 1.82374 545.593 12.2054 7.8885 3.24061 533.388 18.8937 17.977 13.7794
internal_count=6300 152 98 6148 84 38 80 6064 116 82 36 5948 215 206 152
is_linear=0
shrinkage=0.03


Tree=247
num_leaves=16
num_cat=0
split_feature=16 0 10 9 10 8 10 10 9 10 15 6 8 8 5
split_gain=1.42479 1.77541 3.87542 5.39551 9.5182 6.66253 6.47117 6.15866 6.68578 5.76513 5.66562 6.33513 5.65687 8.15957 6.21371
threshold=67.880225694444462 1.5500578703703705 6.710938785905148e-15 2109.0000000000005 5.7738841096248958e-15 2849.5000000000005 -2.8833203368255315e-14 3.8741847777034414e-15 2699.06712962963 -3.0299713635264596e-14 13.218055555555557 -0.00040790628202456693 3449.5000000000005 3636.0000000000005 15.500000000000002
decision_type=2 2 2 2 2 2 2 2 2 2 2 2 2 2 2
left_child=-1 -2 3 -3 5 7 9 8 -5 10 -7 -12 -8 14 -14
right_child=1 2 -4 4 -6 6 12 -9 -10 -11 11 -13 13 -15 -16
leaf_value=0.020461080198957541 0.0008345157217117601 -0.01633961754021248 -0.012089589847783102 0.0018442994151763885 0.036088055345817653 -0.021144658460904724 -0.025839410830332577 0.070433213098847924 0.041897782680549951 0.05181966207128158 -0.034267225315798032 0.036574847125146602 -0.031874929408411724 -0.015135694362771679 0.048211442706368839
leaf_weight=3.0376073308289042 417.53771102009341 15.984304291661827 32.823790456634015 27.02503188257106 7.0312679745256892 5.5126897161826474 18.088706877082586 1.4601097721606482 4.3551513184793285 2.4347581816837183 1.4745882004499433 4.9492341466248035 1.1224697828292871 12.093311993405221 3.9062114460393786
leaf_count=25 4232 383 487 370 44 66 268 18 36 16 18 38 21 248 30
internal_value=-2.91955e-05 -0.000141181 -0.0030877 -0.000285323 0.00258339 -0.00027482 -0.00721643 0.0102056 0.00740319 0.00974805 0.00116646 0.0203131 -0.0141405 -0.00178106 0.0303351
internal_weight=558.837 555.799 138.262 105.438 89.4535 82.4223 49.582 32.8403 31.3802 14.3713 11.9365 6.42382 35.2107 17.122 5.02868
internal_count=6300 6275 2043 1556 1173 1129 705 424 406 138 122 56 567 299 51
is_linear=0
shrinkage=0.03


Tree=248
num_leaves=16
num_cat=0
split_feature=12 15 1 16 8 6 17 2 10 0 7 1 10 10 4
split_gain=1.39156 1.40362 3.26172 3.10657 2.54701 1.78928 1.73674 4.26126 4.69402 3.13254 4.80279 1.86956 1.85025 8.49014 7.97603
threshold=1.0000000180025095e-35 12.964872685185187 3.7999999999999994 93.068686342592613 2849.5000000000005 -0.001311015702270835 0.83159722222222232 0.00060224783823065555 -3.7857473522100997e-15 1.1019675925925927 18.883680555555561 4.450000000000002 -8.2262657544828189e-16 3.5139020509704052e-15 16.225694444444446
decision_type=2 2 2 2 2 2 2 2 2 2 2 2 2 2 2
left_child=1 2 -1 6 5 -4 9 8 -8 10 11 -3 -11 -14 -15
right_child=-2 3 4 -5 -6 -7 7 -9 -10 12 -12 -13 13 14 -16
leaf_value=-0.032213440697612582 0.033823751380678529 -0.033344583122614201 -0.024572382513427426 -0.031711361356699955 0.036357864934214383 0.02168337977520789 -0.022502250667253632 0.053789597202464248 0.028229359126131448 0.0013447954060142283 0.02283336493952464 0.0085275512744313556 -0.016422856859491346 0.0034409504011765186 -0.014392000001519063
leaf_weight=1.2565453429706375 1.0906835868954647 6.9006359679624421 1.437894116155803 2.8154296865686765 3.8952176594175398 1.5793116367422046 3.3825259497389197 1.8380701835267244 3.1890140362083894 333.44423609087244 2.1652495088055721 1.1147203436121342 32.144620545674115 134.84816038049757 27.110843828413635
leaf_count=12 14 100 12 52 25 19 33 13 18 3676 16 11 566 1416 317
internal_value=-2.93327e-05 -9.56072e-05 0.0122484 -0.000279298 0.0203307 -0.000360489 -0.00011726 0.0134107 0.00211661 -0.000328825 -0.0168117 -0.0275213 -1.07396e-05 -0.00233937 0.000455835
internal_weight=558.213 557.122 8.16897 548.954 6.91242 3.01721 546.138 8.40961 6.57154 537.728 10.1806 8.01536 527.548 194.104 161.959
internal_count=6300 6286 68 6218 56 31 6166 64 51 6102 127 111 5975 2299 1733
is_linear=0
shrinkage=0.03


Tree=249
num_leaves=16
num_cat=0
split_feature=6 10 9 9 1 15 2 0 10 6 10 4 2 15 10
split_gain=1.39094 1.39702 1.63342 2.80093 3.06789 1.64856 1.6335 2.44096 2.51451 2.04022 5.76804 3.94644 7.68951 7.36804 7.5931
threshold=0.071741382505352544 -9.1350585052644827e-14 1516.0358796296298 1542.0966435185187 5.8500000000000023 13.131076388888891 -0.022508986441079074 1.4006365740740743 -2.7615055831679364e-14 -0.0022761371476032357 3.9975321653031148e-15 13.076967592592593 -0.012533283321835153 13.14641203703704 1.3540337004904499e-14
decision_type=2 2 2 2 2 2 2 2 2 2 2 2 2 2 2
left_child=1 -1 -3 4 -4 -6 7 -5 -9 10 -8 13 -13 14 -12
right_child=-2 2 3 6 5 -7 9 8 -10 -11 11 12 -14 -15 -16
leaf_value=0.030340923059114584 0.030472785246021893 -0.03208752551213423 0.05248390515439149 0.067264731401815755 0.029485020232580036 -0.032738287782189492 -0.0097106362427328719 -0.036548392957625762 0.015435378029856997 0.00035456178548922681 0.07989235197750208 0.022359316220115312 -0.022387147010488384 -0.001573875539970478 0.010738788836335004
leaf_weight=1.3533059335313726 1.3423052886500944 1.4399311300367106 1.8943057209253304 0.69138804078102012 0.70223446562886216 0.84353492315858603 61.361898253671825 0.97369195520877827 5.9852183703333139 454.20081839244813 2.7794650606811064 5.8896506866440168 8.3661450035870057 6.9893668983131647 2.9411067757755518
leaf_count=127 168 30 8 3 10 12 700 9 59 4913 18 35 86 93 29
internal_value=-2.90648e-05 -0.000102648 -0.000176874 -9.3876e-05 0.0268919 -0.00447058 -0.000262608 0.0135032 0.0081618 -0.000456722 -0.00462853 0.00693606 -0.00390056 0.0190907 0.0443386
internal_weight=557.754 556.412 555.059 553.619 3.44008 1.54577 550.179 7.6503 6.95891 542.528 88.3276 26.9657 14.2558 12.7099 5.72057
internal_count=6300 6132 6005 5975 30 22 5945 71 68 5874 961 261 121 140 47
is_linear=0
shrinkage=0.03


Tree=250
num_leaves=16
num_cat=0
split_feature=3 0 10 8 8 8 2 4 6 4 7 10 10 2 10
split_gain=1.38155 1.52286 4.0844 3.80319 4.31827 7.11804 4.47721 8.1249 4.3278 5.51511 7.40947 6.83251 10.02 5.31509 4.54899
threshold=1.9423611111111116 1.5500578703703705 -4.1501528847619061e-14 1910.5000000000002 2849.5000000000005 2701.0000000000005 -0.0039645722119148012 13.705439814814817 0.00026830945507552609 11.066550925925927 11.96354166666667 -1.0828520104394046e-14 2.7881335370790493e-14 -0.022508986441079074 -2.8833203368255315e-14
decision_type=2 2 2 2 2 2 2 2 2 2 2 2 2 2 2
left_child=1 -1 -3 -4 5 -5 -7 -8 9 -6 11 -11 -13 -12 -10
right_child=-2 2 3 4 8 6 7 -9 14 10 13 12 -14 -15 -16
leaf_value=0.00080414279895679795 0.030467076029620108 0.017650186346632443 -0.020928045764420856 -0.00097546987272251965 -0.032952022835005999 0.066638000249668747 -0.02406296580884968 0.044671098080513789 0.0095444402979935668 0.1164964811878838 0.046866649445850908 -0.032889605932811504 0.087100955414662035 -0.0070397027019995688 -0.016417334309358045
leaf_weight=417.13382907863706 1.3338051436003286 8.24933640565723 11.08217631280422 43.631867725867778 3.0539978891611126 2.1323201581835747 2.6266276538372022 3.7684710223693401 7.1525602526962748 0.98902872018516097 1.9219164624810243 1.3346188068389921 1.1802594438195226 11.473399774637068 40.288995868526399
leaf_count=4233 114 95 287 591 52 11 18 22 56 9 11 24 7 148 622
internal_value=-2.86373e-05 -0.000101792 -0.00282271 -0.00411552 -0.00255706 0.00392393 0.0289925 0.0164403 -0.00757294 0.00414941 0.0108543 0.0496945 0.0234233 0.000694606 -0.0125032
internal_weight=557.353 556.019 138.886 130.636 119.554 52.1593 8.52742 6.3951 67.3948 19.9532 16.8992 3.50391 2.51488 13.3953 47.4416
internal_count=6300 6186 1953 1858 1571 642 51 40 929 251 199 40 31 159 678
is_linear=0
shrinkage=0.03


Tree=251
num_leaves=16
num_cat=0
split_feature=4 4 10 0 10 16 6 2 15 10 16 5 8 3 0
split_gain=1.37004 1.42186 4.58845 8.65178 4.7234 2.73732 4.08067 2.53372 5.57251 3.13677 4.14975 1.96574 6.31876 7.94346 8.20328
threshold=9.6574074074074101 10.026620370370372 -1.5304066061840219e-14 1.3864004629629632 -3.0408686614355864e-14 86.499994212962989 0.0083848518744265698 -0.0017359459875819553 13.194560185185187 1.131130533926431e-14 84.428726851851863 14.500000000000002 3792.5000000000005 1.4373263888888894 1.2764467592592592
decision_type=2 2 2 2 2 2 2 2 2 2 2 2 2 2 2
left_child=-1 2 4 -4 5 6 -2 8 -5 -9 -11 12 13 14 -3
right_child=1 11 3 7 -6 -7 -8 9 -10 10 -12 -13 -14 -15 -16
leaf_value=-0.030883267347142307 -0.034840650297456907 -0.018195428060645301 -0.032151182248349765 0.049206507075691373 -0.031654065514837466 0.048052385479806996 0.025273289770406979 0.050154343457155776 -0.032074802274705716 -0.03297945838295923 0.055077414289915423 0.00034352270542967867 0.02212798810574524 -0.025945735742655362 0.012874336265956887
leaf_weight=1.2921944521367539 1.8432590793818233 13.378477133810522 2.4512641318142405 1.4614894390106195 4.3336918167769927 1.3137105777859686 2.2653157785534859 5.895185556728392 1.579585265368223 1.080920875072479 0.86878768820315588 477.82451228494756 6.489569143857806 16.941919083707035 17.855783196166158
leaf_count=50 27 219 44 11 101 8 19 37 33 15 6 5130 76 290 234
internal_value=-2.87116e-05 4.30509e-05 0.00733073 0.0187678 -0.00830469 0.010357 -0.00169605 0.0302335 0.00698763 0.0392448 0.00625857 -0.000273003 -0.00566196 -0.0094054 -0.000433683
internal_weight=556.876 555.583 23.0932 13.3372 9.75598 5.42229 4.10857 10.886 3.04107 7.84489 1.94971 532.49 54.6657 48.1762 31.2343
internal_count=6300 6250 301 146 155 54 46 102 44 58 21 5949 819 743 453
is_linear=0
shrinkage=0.03


Tree=252
num_leaves=16
num_cat=0
split_feature=16 17 0 10 9 10 8 10 7 10 9 8 8 3 1
split_gain=1.36241 1.70304 1.64425 3.66436 5.02032 8.64411 6.09403 5.87036 7.50916 5.48088 5.82944 5.06101 8.01704 6.48642 5.73536
threshold=67.880225694444462 0.52372685185185197 1.5500578703703705 6.710938785905148e-15 2109.0000000000005 5.7738841096248958e-15 2849.5000000000005 -2.7259532804892743e-14 17.916666666666668 3.8741847777034414e-15 2699.06712962963 3449.5000000000005 3636.0000000000005 1.521354166666667 4.6000000000000005
decision_type=2 2 2 2 2 2 2 2 2 2 2 2 2 2 2
left_child=1 -1 -2 4 -4 6 9 8 -8 10 -6 -9 14 -14 -13
right_child=2 -3 3 -5 5 -7 7 11 -10 -11 -12 12 13 -15 -16
leaf_value=-0.0052563479540982134 0.0007976841293082103 0.040156174986140131 -0.015960327187810687 -0.011818528398989645 0.0017819746082004164 0.034363174573581574 0.0026332281599810024 -0.025538049157217146 0.090051282666275642 0.06525107029103519 0.038937235211430207 0.051536858899103331 0.093524995185317261 -0.022525728869543175 -0.016150188150428863
leaf_weight=1.3317146450281134 416.85284315771423 1.6818362735211849 15.584672308526931 32.332612238824368 26.94829019531608 7.0542235514149061 15.431810672394931 17.198207652196288 0.93812722712755281 1.5255669918842603 4.4243356317747375 3.3834960646927348 0.45399889536201854 9.5826740218326432 1.6891065505333243
leaf_count=15 4232 10 383 487 370 44 164 262 9 18 36 30 5 214 21
internal_value=-2.86821e-05 0.020088 -0.000138228 -0.00299539 -0.000258009 0.00250309 -0.000252003 -0.00699287 0.00764298 0.00972204 0.00702181 -0.0144087 -0.00174073 -0.0172763 0.028998
internal_weight=556.414 3.01355 553.4 136.547 104.215 88.6298 81.5756 48.6774 16.3699 32.8982 31.3726 32.3075 15.1093 10.0367 5.0726
internal_count=6300 25 6275 2043 1556 1173 1129 705 173 424 406 532 270 219 51
is_linear=0
shrinkage=0.03


Tree=253
num_leaves=16
num_cat=0
split_feature=12 14 7 1 10 9 8 10 1 7 10 6 8 2 8
split_gain=1.3643 1.36042 1.3691 8.65483 12.8367 7.01909 6.80315 6.45896 6.49526 6.33818 12.2004 5.90919 5.17867 5.94539 9.44478
threshold=1.0000000180025095e-35 12.160000000000002 17.635416666666668 3.9500000000000015 -7.1216790350036654e-15 2248.0000000000005 3286.5000000000005 -3.6869847417112602e-14 3.9000000000000008 17.916666666666668 -8.5559763199691403e-15 -0.0017462720223624638 2271.5000000000005 -0.00095951747834881738 2036.0000000000002
decision_type=2 2 2 2 2 2 2 2 2 2 2 2 2 2 2
left_child=1 -1 -3 7 5 -5 -7 -4 9 10 -9 -11 13 14 -13
right_child=-2 2 3 4 -6 6 -8 8 -10 11 -12 12 -14 -15 -16
leaf_value=0.031302406582375479 0.03378052552656087 -0.0007802769251310217 -0.02618036428383913 -0.0305624809399253 -0.03126828235175165 0.098250344911453541 0.017184143495341891 -0.0087956552956171621 0.038782994091265663 -0.020730694745692606 0.091347028849461442 0.040311070051667557 0.016943720928567725 -0.033110538251543704 -0.040140274423147451
leaf_weight=1.2393135749734927 1.0721125025302161 472.98457109602168 4.2379758467432103 2.2355181495659071 13.227253691293297 1.1217470676638184 5.4991096281446517 2.1347034834325314 7.2132701564114532 6.9024742841720572 2.2478431314229956 3.7676495732739568 25.275649076327682 4.7184670688584429 2.0160613059997559
leaf_count=42 14 5418 56 43 222 25 69 20 57 42 13 30 193 45 11
internal_value=-2.87925e-05 -9.41241e-05 -0.000164412 0.00344977 -0.0125526 0.0153998 0.0309189 0.00948917 0.0122743 0.00821136 0.0425683 0.00468348 0.00958653 -0.00812005 0.0122677
internal_weight=555.894 554.822 553.582 80.5977 22.0836 8.85637 6.62086 58.5141 54.2761 47.0628 4.38255 42.6803 35.7778 10.5022 5.78371
internal_count=6300 6286 6244 826 359 137 94 467 411 354 33 321 279 86 41
is_linear=0
shrinkage=0.03


Tree=254
num_leaves=16
num_cat=0
split_feature=5 9 8 16 2 8 2 7 2 4 5 0 15 2 10
split_gain=1.36323 2.72208 2.95293 3.3397 3.59783 2.47041 3.09773 1.91965 2.04024 6.19788 9.05879 5.444 6.55775 5.22943 3.91383
threshold=23.500000000000004 2444.6053240740744 2817.0000000000005 84.991875000000007 -0.0026539862959564313 2346.0000000000005 0.00093466801519100074 20.456597222222225 -0.012533283321835153 15.527199074074076 19.500000000000004 1.5975694444444448 13.171990740740743 -0.022508986441079074 -1.3171640396441542e-14
decision_type=2 2 2 2 2 2 2 2 2 2 2 2 2 2 2
left_child=7 5 -3 4 -4 6 -2 8 9 14 11 -11 -13 -12 -1
right_child=1 2 3 -5 -6 -7 -8 -9 -10 10 13 12 -14 -15 -16
leaf_value=-0.017531539171579576 0.039072066125337784 0.041243068230392775 0.027585068304803648 0.039121670752374618 -0.028153204712541045 -0.034396836319519807 -0.014893322726248458 -0.032546400585789143 -0.00073613032737794462 0.069888541111540484 0.034302359819259089 -0.025929247118271128 0.055144945316261122 -0.032712454618825632 0.0057149785578537501
leaf_weight=9.1007062960416061 1.5796441982965905 3.3512735366821271 1.6443611858412612 1.9682850961107758 2.8464453243650505 2.0081050619482994 2.4299337659031153 1.6546929460018862 493.66537235630676 3.8062983406707627 1.6276894658803938 1.6377505641430619 1.9876563064754007 2.9425301868468523 22.970119561068714
leaf_count=135 49 34 26 43 63 20 39 25 5488 25 16 11 12 45 269
internal_value=-2.86286e-05 0.00864923 0.0183931 0.00653743 -0.00774399 -0.00723572 0.0063673 -0.000283273 -0.000183995 0.00600055 0.0243908 0.0448296 0.0185203 -0.00884504 -0.000881663
internal_weight=555.221 15.828 9.81037 6.45909 4.49081 6.01768 4.00958 539.393 537.738 44.0728 12.0019 7.43171 3.62541 4.57022 32.0708
internal_count=6300 274 166 132 89 108 88 6026 6001 513 109 48 23 61 404
is_linear=0
shrinkage=0.03


Tree=255
num_leaves=16
num_cat=0
split_feature=3 0 1 6 2 4 7 17 7 16 7 1 8 15 8
split_gain=1.36528 5.28119 4.8665 5.33977 4.95878 6.29264 7.32884 7.26468 7.44907 9.95332 7.15516 6.38287 5.88229 6.15626 5.87077
threshold=1.3555555555555558 1.2631365740740743 5.950000000000002 0.009793992815312489 -0.0016250387924009182 17.651041666666671 14.560763888888891 0.76562500000000011 13.36979166666667 90.16280671296299 18.602430555555561 3.9500000000000015 2097.0000000000005 13.024971064814816 1636.0000000000002
decision_type=2 2 2 2 2 2 2 2 2 2 2 2 2 2 2
left_child=2 -2 4 -4 14 6 7 -6 12 11 -7 -10 13 -9 -1
right_child=1 -3 3 -5 5 10 -8 8 9 -11 -12 -13 -14 -15 -16
leaf_value=0.035250324734746784 0.030838121990917348 0.00053647850620168859 0.0052819350483422926 0.073605700625029594 -0.017612628740227388 0.044362868861608444 -0.031953492366407876 0.061155285930314864 0.10479471227378555 -0.0040190697265626782 -0.0021976925823508618 0.022855646531508837 -0.02085138869017009 -0.033626381760616261 0.00012626044625827174
leaf_weight=4.5388083439320317 5.2474616207182398 383.15082803461701 3.0971940103918305 1.5420595563482491 25.978832552209496 3.5183287160471108 14.657552309334276 1.8532494623214035 1.8872575685381883 3.5249335067346692 19.076241141650826 1.5652274861931799 8.2638142742216569 0.9243823681026696 75.932103392900899
leaf_count=73 42 4523 28 15 325 25 166 11 15 38 168 12 92 16 751
internal_value=-2.81465e-05 0.000945869 -0.00230217 0.0279923 -0.00317122 -0.0083992 -0.0135809 -0.00746024 0.00717705 0.0314417 0.00505252 0.0676466 -0.00815651 0.0296124 0.00210737
internal_weight=554.758 388.398 166.36 4.63925 161.721 81.2498 58.6552 43.9977 18.0189 6.97742 22.5946 3.45249 11.0414 2.77763 80.4709
internal_count=6300 4565 1735 43 1692 868 675 509 184 65 193 27 119 27 824
is_linear=0
shrinkage=0.03


Tree=256
num_leaves=16
num_cat=0
split_feature=6 10 9 9 1 10 4 0 17 0 2 6 8 0 10
split_gain=1.35187 1.34708 1.58677 2.69954 2.95962 1.58451 6.68548 11.6918 8.53776 9.49862 8.69582 8.40155 6.75902 9.44569 9.26893
threshold=0.071741382505352544 -9.1350585052644827e-14 1516.0358796296298 1542.0966435185187 5.8500000000000023 -1.8142276805410288e-14 12.507523148148151 1.4259837962962965 0.79803240740740755 1.1799189814814817 -0.0045124939439201541 0.0094190182117764049 2105.0000000000005 1.5141782407407411 -2.7872693796250004e-14
decision_type=2 2 2 2 2 2 2 2 2 2 2 2 2 2 2
left_child=1 -1 -3 4 -4 6 -5 8 -8 -10 -11 12 -9 14 -14
right_child=-2 2 3 5 -6 -7 7 11 9 10 -12 -13 13 -15 -16
leaf_value=0.03032953442430935 0.03047235295378236 -0.032021901119709206 0.051745260579006719 -0.013212687500575155 -0.0044220027129665421 0.000675709848744507 -0.015854541809525162 -0.023733679527413502 -0.012652215486624254 0.094947652720850442 0.015332136290853437 -0.015862455836408013 0.022371459936240432 0.0090184332740308095 0.072997942063111318
leaf_weight=1.3061959915794421 1.3047631448134769 1.4042507167905558 1.8791952431201928 40.876227026805282 1.5331996837630866 410.11345182033256 37.657825033180416 3.2328554578125468 5.9542990280315262 1.852736175060272 3.7012635581195354 8.0621982309967262 9.0261268662288767 21.419860966037959 5.0902403481304637
leaf_count=127 168 30 8 582 22 4473 341 43 57 9 23 86 66 236 29
internal_value=-2.84186e-05 -0.000100369 -0.0001724 -9.11418e-05 0.0265091 -0.000257088 -0.00305202 0.00127444 -0.00894359 0.0136707 0.0418908 0.0120019 0.0177964 0.0215746 0.0406269
internal_weight=554.415 553.11 551.804 550.399 3.41239 546.987 136.874 95.9974 49.1661 11.5083 5.554 46.8313 38.7691 35.5362 14.1164
internal_count=6300 6132 6005 5975 30 5945 1472 890 430 89 32 460 374 331 95
is_linear=0
shrinkage=0.03


Tree=257
num_leaves=16
num_cat=0
split_feature=6 10 10 4 10 10 1 10 1 7 2 1 1 7 16
split_gain=1.35112 3.80582 6.18892 5.36015 3.99941 3.49138 7.93141 7.40372 6.47045 5.42371 8.95655 9.14065 7.74161 6.85991 7.33649
threshold=0.0067595898164087989 1.6987905100380165e-14 2.4984153184291704e-14 11.603587962962964 1.6658022672952955e-14 1.1599327130195827e-14 5.4000000000000012 7.0475468602841363e-15 4.450000000000002 13.630208333333334 -0.0015305025485770243 3.7000000000000015 4.4000000000000012 13.414930555555557 84.870694444444453
decision_type=2 2 2 2 2 2 2 2 2 2 2 2 2 2 2
left_child=5 4 -3 -4 -2 7 9 -1 -9 13 11 -11 -13 14 -7
right_child=1 2 3 -5 -6 6 -8 8 -10 10 -12 12 -14 -15 -16
leaf_value=-0.00088112458987191309 0.0031217240766449506 -0.033532847201417679 0.060469038997132331 -0.0054816192590761027 0.057088672997307986 0.025649959841952362 -0.025679440580624241 -0.026005782503011964 0.0079674709213934849 0.062771417901372722 -0.019624815890425525 -0.025669247929748253 0.024988521653039268 0.059471162993644439 -0.010129755340775346
leaf_weight=296.96531417826191 155.88881760975346 6.7554436046630135 1.3288744473829845 6.7071800446137786 1.2457740753889073 15.034093035385018 6.4371751686558119 19.889819301664833 6.7604122888296834 2.9617723561823395 11.645753869786857 4.7219753339886648 6.3882221281528473 3.3281301744282237 7.851208481937646
leaf_count=3412 1803 87 10 71 7 125 85 271 84 18 131 58 34 21 83
internal_value=-2.83788e-05 0.00218013 -0.0123679 0.00542425 0.00354958 -0.0010224 0.00573101 -0.00224047 -0.0173877 0.00962452 -0.00016364 0.0159421 0.00345832 0.0192276 0.0133751
internal_weight=553.91 171.926 14.7915 8.03605 157.135 381.984 58.3683 323.616 26.6502 51.9312 25.7177 14.072 11.1102 26.2134 22.8853
internal_count=6300 1978 168 81 1810 4322 555 3767 355 470 241 110 92 229 208
is_linear=0
shrinkage=0.03


Tree=258
num_leaves=16
num_cat=0
split_feature=12 15 2 1 16 17 10 0 7 8 6 1 2 10 10
split_gain=1.33997 1.3454 3.17537 3.93787 2.97008 1.60589 3.87194 2.83526 4.53588 2.46706 1.96263 1.85912 1.78194 1.7238 8.01761
threshold=1.0000000180025095e-35 12.964872685185187 -0.0039139244067274192 3.8500000000000019 93.068686342592613 0.83159722222222232 -1.4457661589187166e-14 1.1019675925925927 18.883680555555561 2602.5000000000005 -0.0001577929747241043 4.450000000000002 -0.0024603759346456824 -8.2262657544828189e-16 3.5139020509704052e-15
decision_type=2 2 2 2 2 2 2 2 2 2 2 2 2 2 2
left_child=1 2 -1 -4 5 7 12 8 11 -8 -11 -3 -7 -9 -15
right_child=-2 4 3 -5 -6 6 9 13 -10 10 -12 -13 -14 14 -16
leaf_value=0.029955358604535104 0.033737520535115847 -0.033152540892152957 -0.038120957776425594 0.022845123788052545 -0.031596196770195338 -0.03408498756411555 0.058818679126372321 0.0012886155943570366 0.022356180485462972 -0.016069414256095725 0.02928478234241871 0.0089893191185618782 0.01489085508470301 -0.01610931890495939 0.00043372657453421382
leaf_weight=4.2372128251008689 1.0557061210274685 6.5565818287432176 1.915772982873021 1.8983690482564268 2.7109260456636539 1.7675799522548916 1.6075224690139274 331.34887892892584 2.134583636187017 1.2650582790374758 2.6733610779047012 1.100260275416076 1.0753902951255438 31.548322167946026 160.53487881831825
leaf_count=36 14 100 15 17 52 18 9 3676 16 9 17 11 11 566 1733
internal_value=-2.8664e-05 -9.31984e-05 0.0120805 -0.00777701 -0.000273266 -0.000116486 0.0129073 -0.000321381 -0.0163159 0.0274998 0.0147166 -0.0270969 -0.0155592 -2.21851e-05 -0.00228335
internal_weight=553.43 552.375 8.05135 3.81414 544.323 541.612 8.38891 533.224 9.79143 5.54594 3.93842 7.65684 2.84297 523.432 192.083
internal_count=6300 6286 68 32 6218 6166 64 6102 127 35 26 111 29 5975 2299
is_linear=0
shrinkage=0.03


Tree=259
num_leaves=16
num_cat=0
split_feature=3 0 9 8 14 10 8 8 1 8 4 8 7 10 2
split_gain=1.32786 1.38467 3.73733 3.67279 5.6715 4.24297 3.69733 5.76584 8.28664 6.70293 7.8503 6.30819 4.52847 7.35076 5.45964
threshold=1.9423611111111116 1.5500578703703705 1910.5000000000002 3162.5000000000005 12.480000000000002 -4.7006737095214666e-14 3430.5000000000005 3636.0000000000005 4.6000000000000005 3533.5000000000005 15.586226851851853 3621.5000000000005 11.460069444444446 5.0177080014496199e-15 -0.024332006019241025
decision_type=2 2 2 2 2 2 2 2 2 2 2 2 2 2 2
left_child=1 -1 -3 4 -4 -6 -5 8 9 10 -8 -10 13 -9 -14
right_child=-2 2 3 6 5 -7 7 12 11 -11 -12 -13 14 -15 -16
leaf_value=0.00076449920450522859 0.030451257094207998 -0.019581529588109846 0.0098771660642741361 -0.019038325862454086 0.053205856322380021 -0.0084597360529713606 -0.031747575051356995 -0.0099842977778883298 -0.027721403102684495 0.099521091985821902 0.064588030131661409 0.036675839961968992 0.038646246210980589 0.067679501030628531 -0.024054580328044139
leaf_weight=414.71987529401667 1.2834142982028414 10.883517888840286 44.007602647645399 16.915758737828583 1.036516255699097 32.223280204227194 1.3709612116217633 3.6170379798859384 4.1366854193620384 1.4742951355874536 1.7119476348161695 2.0462216436862946 1.3668520897626901 1.5741752609610555 14.601955263409758
leaf_count=4233 114 306 496 278 13 395 27 73 48 8 7 9 7 8 278
internal_value=-2.83243e-05 -9.92304e-05 -0.00271451 -0.00125854 0.00281126 -0.00653797 -0.00770036 -0.00168815 0.0162142 0.0469082 0.0217478 -0.00640925 -0.0107748 0.0135663 -0.0186877
internal_weight=552.97 551.687 136.967 126.083 77.2674 33.2598 48.8159 31.9001 10.7401 4.5572 3.08291 6.18291 21.16 5.19121 15.9688
internal_count=6300 6186 1953 1647 904 408 743 465 99 42 34 57 366 81 285
is_linear=0
shrinkage=0.03


Tree=260
num_leaves=16
num_cat=0
split_feature=6 10 9 9 17 10 4 0 17 0 6 2 10 8 0
split_gain=1.3132 1.30498 1.53349 2.57032 2.84983 1.56788 6.35309 10.9393 8.16084 8.72506 7.89297 7.82617 6.70121 6.28626 8.63475
threshold=0.071741382505352544 -9.1350585052644827e-14 1516.0358796296298 1542.0966435185187 0.72511574074074081 -1.8142276805410288e-14 12.507523148148151 1.4259837962962965 0.79803240740740755 1.1799189814814817 0.0094190182117764049 -0.0045124939439201541 -2.2019408600322164e-14 2105.0000000000005 1.5141782407407411
decision_type=2 2 2 2 2 2 2 2 2 2 2 2 2 2 2
left_child=1 -1 -3 4 -4 6 -5 8 12 -10 13 -11 -8 -9 -15
right_child=-2 2 3 5 -6 -7 7 10 9 11 -12 -13 -14 14 -16
leaf_value=0.030319951855354854 0.030460587421059854 -0.031964646160325121 0.048677643591585648 -0.013003380773393797 -0.0074485880469259665 0.00067734923083768485 -0.024173610051941099 -0.023460476104790174 -0.012209656342676352 0.089527679008905348 -0.015651461084802153 0.014710001495037244 0.0032271919640011093 0.038674158275374688 0.008608960438297673
leaf_weight=1.2664107256568957 1.2685017064213742 1.3617524094879616 2.0140329077839847 40.475250114221126 1.3667058944702146 408.88763290015049 25.610923469066616 3.1622828468680373 5.8803274934180063 1.9037698358297346 7.9883752167224875 3.7112435698509216 11.70369033329189 14.353751863352953 21.437657252885401
leaf_count=127 168 30 12 582 18 4473 252 43 57 9 86 23 89 95 236
internal_value=-2.83024e-05 -9.84776e-05 -0.000168536 -8.95958e-05 0.0259879 -0.000251325 -0.00303875 0.00117339 -0.00877081 0.0133302 0.0115133 0.0400769 -0.0155794 0.017084 0.0206663
internal_weight=552.392 551.124 549.857 548.496 3.38074 545.115 136.227 95.752 48.81 11.4953 46.9421 5.61501 37.3146 38.9537 35.7914
internal_count=6300 6132 6005 5975 30 5945 1472 890 430 89 460 32 341 374 331
is_linear=0
shrinkage=0.03


Tree=261
num_leaves=16
num_cat=0
split_feature=6 15 7 2 1 17 10 3 5 0 9 1 5 1 10
split_gain=1.32127 3.68536 4.20459 5.90342 6.3255 6.3833 6.12189 5.46575 5.35424 6.77023 6.69322 8.86838 14.2188 8.68017 6.94352
threshold=0.0067595898164087989 13.210497685185187 13.536458333333334 -0.0024603759346456824 4.2500000000000009 0.68692129629629639 -8.0290617796622776e-15 1.3925347222222226 17.500000000000004 1.5485532407407412 2637.0000000000005 6.1000000000000005 19.500000000000004 3.9500000000000015 -1.2672551558546637e-14
decision_type=2 2 2 2 2 2 2 2 2 2 2 2 2 2 2
left_child=-1 2 3 4 5 -2 7 -6 -4 10 13 -12 -13 14 -10
right_child=1 -3 8 -5 6 -7 -8 -9 9 -11 11 12 -14 -15 -16
leaf_value=-0.0010135320604897123 -0.032788575805466257 0.012003871930634357 0.015600763657399474 -0.013734450840629329 -0.022884004105476766 0.040953697033214428 -0.021752856402630409 0.034923413833949389 -0.020054164129014205 -0.020860731060653098 0.0062967101667180175 0.13053764589814756 0.016570447953509655 -0.026423178662458007 0.038735568644220959
leaf_weight=380.48775297822431 1.2724775616079593 28.524847284890711 26.615247312001884 35.21033239364624 2.1708670109510431 6.2233190145343542 8.7155480440705979 4.5729918098077178 3.0015981032047421 11.866877210326491 23.078724144957963 1.4276015833020199 3.17965072626248 10.989324765512718 4.5472065764479366
leaf_count=4322 16 327 228 438 27 53 108 46 30 223 242 9 27 161 43
internal_value=-2.83345e-05 0.00215873 0.000193114 -0.0060175 0.00581931 0.0284353 -0.00514649 0.016315 0.00445778 -0.000647545 0.00454168 0.013883 0.0518843 -0.00940919 0.0153593
internal_weight=551.884 171.397 142.872 58.1655 22.9552 7.4958 15.4594 6.74386 84.7062 58.091 46.2241 27.686 4.60725 18.5381 7.5488
internal_count=6300 1978 1651 688 250 69 181 73 963 735 512 278 36 234 73
is_linear=0
shrinkage=0.03


Tree=262
num_leaves=16
num_cat=0
split_feature=12 2 4 10 14 8 16 10 2 10 15 17 1 2 0
split_gain=1.29384 1.31156 4.79331 5.68191 7.30547 6.18311 4.7876 5.45002 5.77417 3.91864 4.47383 7.42388 10.3344 5.98985 3.84458
threshold=1.0000000180025095e-35 -0.012533283321835153 10.903356481481483 5.7738841096248958e-15 12.480000000000002 2669.0000000000005 79.37932291666668 1.2293457124256699e-14 -0.01682529130581362 -3.926124045145619e-15 13.099479166666667 0.72974537037037046 6.4000000000000012 -0.012788514993402516 1.6487847222222223
decision_type=2 2 2 2 2 2 2 2 2 2 2 2 2 2 2
left_child=1 2 -1 4 5 -4 -5 -8 -9 10 -6 13 -13 -12 -7
right_child=-2 -3 3 6 9 14 7 8 -10 -11 11 12 -14 -15 -16
leaf_value=-0.019757986258991417 0.033654605583180092 -0.00052928826209782277 -0.015633703240720193 -0.005204498003201395 -0.028537666531241391 0.089272722072630317 0.061782830040301918 0.055625892167410838 -0.0093658458964402495 -0.032740239290344419 -0.018296436426330571 0.090051112050920396 -0.013506128663389865 0.068907704896231534 0.02933072246721067
leaf_weight=6.1732215732336035 1.0244412031024683 505.30235891067423 2.1160290502011803 3.434970796108245 3.9292375966906574 1.3305941941216586 4.1624362147413176 2.0030129980295888 3.1892461050301799 4.6638218183070412 6.381153270136565 1.9748638439923527 1.5464526163414118 0.79749402962624838 3.4858736097812653
leaf_count=117 14 5737 40 45 53 8 26 12 23 77 86 14 13 6 29
internal_value=-2.87024e-05 -9.13857e-05 0.0048053 0.00869185 0.000696836 0.0271111 0.0250858 0.0362082 0.015706 -0.00879451 -0.00116056 0.00889285 0.044572 -0.00860871 0.0458903
internal_weight=551.515 550.491 45.1884 39.0152 26.2255 6.9325 12.7897 9.3547 5.19226 19.293 14.6292 10.7 3.52132 7.17865 4.81647
internal_count=6300 6286 549 432 326 77 106 61 35 249 172 119 27 92 37
is_linear=0
shrinkage=0.03


Tree=263
num_leaves=16
num_cat=0
split_feature=15 1 16 8 6 17 3 7 17 8 3 10 8 8 17
split_gain=1.29126 3.0656 2.86081 2.42925 1.60487 1.52667 2.18059 2.84768 2.5192 9.1788 6.42902 4.30062 4.3129 4.08947 3.82238
threshold=12.964872685185187 3.7999999999999994 93.068686342592613 2849.5000000000005 -0.001311015702270835 0.84085648148148162 1.0897569444444446 18.602430555555561 0.81655092592592604 2231.5000000000005 1.2453125000000005 -2.9704374744497782e-14 3265.0000000000005 3556.0000000000005 0.81192129629629639
decision_type=2 2 2 2 2 2 2 2 2 2 2 2 2 2 2
left_child=1 -1 5 4 -3 6 7 -2 14 -10 11 -11 -13 -14 -8
right_child=2 3 -4 -5 -6 -7 8 -9 9 10 -12 12 13 -15 -16
leaf_value=-0.032010038486815752 -0.027186308963109154 -0.023958233891386575 -0.031462667462863109 0.035507962779128148 0.020490360951879078 0.022473011814366665 -0.00012114602699614783 0.04273663980645509 0.047228675255357538 0.038964952058588541 0.051314572813440686 -0.032115234339964473 0.0356936944279065 -0.034921230457156137 -0.02901396492328669
leaf_weight=1.2110830387100566 4.6838847724720827 1.4008295340463517 2.6224205112084737 3.8408469734713435 1.5291156740859153 2.6943579278886309 511.01100674830377 0.59025414660572995 4.6689433511346605 1.3792912513017643 1.7550284075550724 6.315875640138982 2.072955932701007 1.1462335959076879 4.1544473723042747
leaf_count=12 72 12 52 25 19 17 5893 4 31 8 11 70 16 13 45
internal_value=-2.84736e-05 0.0119501 -0.000204524 0.0198132 -0.000760857 -5.28563e-05 -0.000165715 -0.0193609 2.44024e-05 0.011272 -0.00197876 -0.0105483 -0.0177107 0.0105503 -0.000354146
internal_weight=551.077 7.98188 543.095 6.77079 2.92995 540.472 537.778 5.27414 532.504 17.3383 12.6694 10.9144 9.53507 3.21919 515.165
internal_count=6300 68 6232 56 31 6180 6163 76 6087 149 118 107 99 29 5938
is_linear=0
shrinkage=0.03


Tree=264
num_leaves=16
num_cat=0
split_feature=3 0 10 15 4 8 8 8 2 4 3 10 6 10 2
split_gain=1.28746 1.31959 3.59628 3.43466 8.42857 3.38974 3.91093 6.16431 4.10404 7.29734 3.93287 10.9351 5.22936 7.14319 4.56011
threshold=1.9423611111111116 1.5500578703703705 -4.1501528847619061e-14 13.23715277777778 14.542245370370372 1910.5000000000002 2849.5000000000005 2701.0000000000005 -0.0039645722119148012 13.705439814814817 1.6442708333333338 -9.1180093768749655e-15 0.0063413574996037782 -1.9554507755786809e-15 0.0049937206545254843
decision_type=2 2 2 2 2 2 2 2 2 2 2 2 2 2 2
left_child=1 -1 3 4 -3 -4 7 10 -9 -10 14 -12 -13 -14 -7
right_child=-2 2 5 -5 -6 6 -8 8 9 -11 11 12 13 -15 -16
leaf_value=0.00074569551060717253 0.030437149287350366 -0.031876966383546181 -0.020258858812376476 0.053246888386208724 0.037260402581382933 -0.014635386768315965 -0.0073098731594056126 0.062502221027776819 -0.024129100349217208 0.041115759957972793 -0.02184938271973513 0.012522268013502175 0.099395677302727886 0.015967841002100098 0.032489606649357336
leaf_weight=413.51611712970771 1.2456190560478706 2.8727461583912355 10.465241856407372 1.7962913415394721 3.5457211476750672 19.187726189382378 65.481639198958874 2.1787559986114502 2.5827023237943632 3.8318058380391449 7.3358704876154688 10.841520646587012 1.6867144089192154 2.0417366530746213 2.0450192261487237
leaf_count=4233 114 44 287 19 32 277 929 11 18 22 117 138 14 26 19
internal_value=-2.80751e-05 -9.71458e-05 -0.00266186 0.0165784 0.00631624 -0.00389977 -0.00243917 0.00372612 0.0269288 0.0148459 -0.000895891 0.00802208 0.0230621 0.0537098 -0.0100966
internal_weight=550.655 549.41 135.893 8.21476 6.41847 127.679 117.213 51.7319 8.59326 6.41451 43.1386 21.9058 14.57 3.72845 21.2327
internal_count=6300 6186 1953 95 76 1858 1571 642 51 40 591 295 178 40 296
is_linear=0
shrinkage=0.03


Tree=265
num_leaves=16
num_cat=0
split_feature=3 16 15 4 8 6 7 5 6 5 4 16 16 15 10
split_gain=1.28219 8.60688 3.63469 5.29521 5.38915 4.63486 4.16022 6.53488 6.2976 5.53432 6.66281 9.19235 5.96133 8.32768 6.67762
threshold=1.3102430555555553 89.671689814814826 13.099479166666667 12.57465277777778 2917.0000000000005 0.0019781891818877813 14.578125000000002 17.500000000000004 0.001548961033451773 17.500000000000004 13.332754629629632 79.54288194444446 83.971875000000026 13.111805555555557 -2.606650871985763e-14
decision_type=2 2 2 2 2 2 2 2 2 2 2 2 2 2 2
left_child=-1 2 3 4 -2 -5 9 8 -8 12 11 -11 -4 -14 -15
right_child=1 -3 6 5 -6 -7 7 -9 -10 10 -12 -13 13 14 -16
leaf_value=-0.0026074185987373251 0.060112044955176941 0.041963000949944936 -0.0015642083345561268 -0.025035353807017807 -0.0051984782138914274 -0.0031630166348688934 -0.00071262235162337223 0.0040454283124587362 0.052596974826674747 -0.019489625431706178 -0.017160351347824763 0.079081518975754092 -0.028164133683768126 -0.020606513430853974 0.019107529246382531
leaf_weight=131.86056623281911 1.9403595556505013 4.5190385668538502 183.88889489648864 14.689938054420052 2.7467581331729889 21.453462334349751 3.287953711114822 103.56624216167256 5.0692028398625553 1.7992794010788196 28.768884696532041 1.6163937002420423 4.4841130054555824 4.2588947098702183 36.187834666110575
leaf_count=1374 22 37 2228 150 25 190 27 1269 36 27 432 10 55 59 359
internal_value=-2.79101e-05 0.000785272 0.000335531 -0.00816217 0.0218386 -0.0120527 0.00126591 0.00610463 0.0316234 -0.000809018 -0.012457 0.027157 0.000829332 0.0106254 0.0149258
internal_weight=550.138 418.277 413.758 40.8305 4.68712 36.1434 372.928 111.923 8.35716 261.004 32.1846 3.41567 228.82 44.9308 40.4467
internal_count=6300 4926 4889 387 47 340 4502 1332 63 3170 469 37 2701 473 418
is_linear=0
shrinkage=0.03


Tree=266
num_leaves=16
num_cat=0
split_feature=4 4 10 0 10 16 6 2 15 10 6 16 10 10 10
split_gain=1.29627 1.4816 4.09568 8.20726 4.67158 2.7001 3.86676 2.37186 5.15271 2.99065 3.89257 1.82745 3.80602 4.48557 6.0833
threshold=9.6574074074074101 10.026620370370372 -1.5304066061840219e-14 1.3864004629629632 -3.0408686614355864e-14 86.499994212962989 0.0083848518744265698 -0.0017359459875819553 13.194560185185187 1.131130533926431e-14 0.005251877105673851 75.612129629629649 1.2603671822465569e-14 8.6697872341492282e-15 7.8040709796474514e-15
decision_type=2 2 2 2 2 2 2 2 2 2 2 2 2 2 2
left_child=-1 2 4 -4 5 6 -2 8 -5 -9 -11 12 13 14 -3
right_child=1 11 3 7 -6 -7 -8 9 -10 10 -12 -13 -14 -15 -16
leaf_value=-0.030844184678964832 -0.034711809061385823 -0.0072817631250589867 -0.032095241612789011 0.04689337839704693 -0.031576949778543896 0.048415864449804696 0.024675917329905084 0.048829345370567198 -0.031973522776044178 -0.031966404470506277 0.053960141751068509 0.00044425735459552404 0.011407944412642507 -0.032681624094052626 0.034680561757014394
leaf_weight=1.2257782826200116 1.7481287093833087 55.5340172839351 2.3762486912310115 1.4645263180136674 4.1048736833035964 1.3097867667675016 2.2654515597969294 5.8757709283381692 1.5187417324632404 1.08076198073104 0.84583188965916623 450.03249252168462 11.383877399377523 5.7556619327515355 3.2937139300629488
leaf_count=50 27 864 44 11 101 8 19 37 33 16 5 4842 114 99 30
internal_value=-2.80147e-05 4.08415e-05 0.00756394 0.0183753 -0.00752882 0.0110148 -0.00119061 0.0294948 0.0067433 0.038194 0.0057579 -0.000282253 -0.00458613 -0.00740534 -0.00493233
internal_weight=549.816 548.59 22.5901 13.1619 9.42824 5.32337 4.01358 10.7856 2.98327 7.80236 1.92659 526 75.9673 64.5834 58.8277
internal_count=6300 6250 301 146 155 54 46 102 44 58 21 5949 1107 993 894
is_linear=0
shrinkage=0.03


Tree=267
num_leaves=16
num_cat=0
split_feature=16 15 0 9 8 0 6 4 8 10 10 3 15 16 8
split_gain=1.27788 1.87499 1.42874 5.51948 4.68956 6.11305 4.69531 4.93276 4.60876 4.25658 6.5327 5.24474 4.38048 7.11477 4.35868
threshold=67.880225694444462 13.283043981481482 1.6022569444444448 2088.5000000000005 2201.0000000000005 1.6250000000000002 0.0063413574996037782 13.854745370370372 2452.0000000000005 1.0085889998209678e-14 5.7738841096248958e-15 1.612326388888889 13.245717592592595 79.00603009259261 3858.5000000000005
decision_type=2 2 2 2 2 2 2 2 2 2 2 2 2 2 2
left_child=1 -1 -2 -4 5 -5 7 -7 -6 10 -10 -12 -11 14 -14
right_child=2 -3 3 4 8 6 -8 -9 9 12 11 -13 13 -15 -16
leaf_value=0.037221895836568708 0.00054930659024958375 -0.013053124732556551 -0.024043572793858145 -0.036454334187084658 -0.030692593538628816 -0.030489247183963897 0.069186714150892073 0.03653108797838206 -0.0014701326660795557 -0.031278964449175578 0.08807286735217415 0.017950343010954248 -0.035612648959482039 0.083786706499504551 0.032354451368425213
leaf_weight=1.9152937680482858 455.96137008164078 1.0248891450464723 10.485494386870412 1.3942298581823687 5.1458396753296247 1.4432091633789239 2.1458977959118783 3.1361093977466226 48.007707027252764 7.5790168023668212 1.17004720494151 5.3462459843140095 2.4460382163524632 0.85728007555007923 1.3007602198049424
leaf_count=12 4821 13 308 20 118 32 21 29 662 139 9 62 34 4 16
internal_value=-2.78295e-05 0.019697 -0.000133965 -0.00357806 -0.000894748 0.0207163 0.0325686 0.0154091 -0.00333682 -0.00122657 0.00235564 0.0305413 -0.0172583 0.00582183 -0.0120168
internal_weight=549.359 2.94018 546.419 90.4579 79.9724 8.11945 6.72522 4.57932 71.8529 66.7071 54.524 6.51629 12.1831 4.60408 3.7468
internal_count=6300 25 6275 1454 1146 102 82 61 1044 926 733 71 193 54 50
is_linear=0
shrinkage=0.03


Tree=268
num_leaves=16
num_cat=0
split_feature=3 16 8 8 1 9 16 3 6 1 7 3 1 0 4
split_gain=1.28746 5.37093 3.96978 3.94936 4.88469 4.18379 3.45964 3.33748 2.95073 3.38117 3.26869 2.53986 2.46588 2.40172 2.23226
threshold=1.736979166666667 79.747349537037053 3636.0000000000005 3207.5000000000005 7.1500000000000012 2699.06712962963 72.255104166666698 1.7050347222222226 0.0065270586764367968 4.6000000000000005 11.017361111111112 1.8491319444444447 6.8500000000000005 1.6693865740740745 14.676504629629632
decision_type=2 2 2 2 2 2 2 2 2 2 2 2 2 2 2
left_child=7 3 -3 5 -5 8 -7 12 10 -10 -2 -6 -1 -11 -8
right_child=1 2 -4 4 11 6 14 -9 9 13 -12 -13 -14 -15 -16
leaf_value=0.00020824241218441082 0.042520164186893555 0.057256762892154388 -0.029142144696555964 -0.027629943191628682 0.10298373956562014 0.056068891115614819 -0.01781554281124988 -0.015950721093620147 0.0771505875593477 0.043930429464295109 -0.025187976614208366 -0.0012647606071830642 -0.02456853858438381 -0.029491373075967331 0.035171299336355592
leaf_weight=510.0759409472812 0.74403740791604445 2.7439573758747424 0.57974620047025371 5.817582835443317 0.41143609583377827 2.55850550532341 1.4649490127339961 12.033173965290187 0.74514321237802539 0.67407230054959633 4.6655958732590079 0.43033152865245938 3.6409423295408478 0.98968925001099706 1.3988478896208105
leaf_count=5615 8 76 13 108 2 20 16 201 5 8 103 20 70 22 13
internal_value=-2.78384e-05 0.00688465 0.0421864 0.000988603 -0.0178565 0.0104665 0.0307163 -0.000333183 -0.00357702 0.0240413 -0.0158754 0.0496894 3.26382e-05 0.00025544 0.00806637
internal_weight=548.974 23.2239 3.3237 19.9002 6.65935 13.2408 5.4223 525.75 7.81854 2.4089 5.40963 0.841768 513.717 1.66376 2.8638
internal_count=6300 414 89 325 130 195 49 5886 146 35 111 22 5685 30 29
is_linear=0
shrinkage=0.03


Tree=269
num_leaves=16
num_cat=0
split_feature=2 4 10 14 8 16 10 2 10 15 17 1 2 0 8
split_gain=1.27622 4.54421 5.2464 6.9341 5.5281 4.41473 4.99607 5.29732 3.80527 4.229 6.77935 9.17607 5.41854 3.51311 3.17519
threshold=-0.012533283321835153 10.903356481481483 5.7738841096248958e-15 12.480000000000002 2669.0000000000005 79.37932291666668 1.2293457124256699e-14 -0.019220562986579499 -3.926124045145619e-15 13.099479166666667 0.72974537037037046 6.4000000000000012 -0.012788514993402516 1.6487847222222223 1934.5000000000002
decision_type=2 2 2 2 2 2 2 2 2 2 2 2 2 2 2
left_child=1 -1 3 4 -3 -4 -7 -8 9 -5 12 -12 14 -6 -11
right_child=-2 2 5 8 13 6 7 -9 -10 10 11 -13 -14 -15 -16
leaf_value=-0.019435627300701325 -0.0004578037897313869 -0.014912201541238691 -0.0050922850964166049 -0.028259248586840029 0.084857621221924737 0.05937199519801966 0.061021853613347686 -0.0048763240727352089 -0.032642172666822851 0.012490768852549858 0.083744032282979233 -0.01332322049662773 0.06420728184055019 0.028080378115607593 -0.032892106991960504
leaf_weight=6.0067566903308025 504.0151161220856 2.0416466072201755 3.3617169614881268 3.7887371182441738 1.3586184317246077 4.1822656248696131 1.5814778059720982 3.5902536110952505 4.4935783464461556 2.0747374729253352 2.0515702536795293 1.5303033669479189 0.81874477956443836 3.5270479354076087 4.1886684875935316
leaf_count=117 5750 40 45 53 8 26 10 25 77 25 14 13 6 30 61
internal_value=-2.73983e-05 0.00483695 0.00861517 0.000860567 0.0265449 0.0243941 0.0349911 0.0152749 -0.00853033 -0.0010336 0.00863919 0.0422735 -0.00837171 0.0438691 -0.0178591
internal_weight=548.611 44.5961 38.5894 25.8737 6.92731 12.7157 9.354 5.17173 18.9463 14.4528 10.664 3.58187 7.08215 4.88567 6.26341
internal_count=6300 550 433 327 78 106 61 35 249 172 119 27 92 38 86
is_linear=0
shrinkage=0.03


Tree=270
num_leaves=16
num_cat=0
split_feature=5 9 8 16 2 15 8 2 7 2 4 5 2 0 15
split_gain=1.28426 2.57173 2.78297 3.26803 3.30394 3.6252 2.31436 2.92018 1.80076 1.81534 5.16457 7.6059 4.45436 4.1327 5.63701
threshold=23.500000000000004 2444.6053240740744 2817.0000000000005 84.991875000000007 -0.0026539862959564313 13.107291666666667 2346.0000000000005 0.00093466801519100074 20.456597222222225 -0.012533283321835153 15.527199074074076 19.500000000000004 -0.022508986441079074 1.5975694444444448 13.171990740740743
decision_type=2 2 2 2 2 2 2 2 2 2 2 2 2 2 2
left_child=8 6 -3 4 5 -4 7 -2 9 10 -1 13 -13 -12 -15
right_child=1 2 3 -5 -6 -7 -8 -9 -10 -11 11 12 -14 14 -16
leaf_value=-0.00071611405040473346 0.038411468898359238 0.040310457892093275 0.062810783087901528 0.038911376428831579 -0.02791229825160978 -0.027557746872453555 -0.034227805537017597 -0.014690829714109588 -0.032415638564769811 -0.00070029702760624488 0.061948610987056237 0.029445093976749558 -0.032556570203396022 -0.024820205207145292 0.051260161486947821
leaf_weight=31.013465661555529 1.5262256423011415 3.3062788594979775 0.97331717610359081 1.9321233397349713 2.7659819410182545 0.67770016798749566 1.9186724722385404 2.3939061262644827 1.5642541255801905 488.19673336157575 3.9608010603114945 1.6925792582333086 2.716672258451581 1.5805771034210923 1.9675874710083006
leaf_count=404 49 34 4 43 63 22 20 39 25 5488 25 16 45 11 12
internal_value=-2.72051e-05 0.00848687 0.0179913 0.00636869 -0.00786642 0.0257168 -0.00723022 0.0059835 -0.00027485 -0.000180191 0.00573418 0.0225191 -0.00875599 0.0408838 0.0173692
internal_weight=548.187 15.4942 9.6554 6.34912 4.417 1.65102 5.8388 3.92013 532.693 531.128 42.9317 11.9182 4.40925 7.50897 3.54816
internal_count=6300 274 166 132 89 26 108 88 6026 6001 513 109 61 48 23
is_linear=0
shrinkage=0.03


Tree=271
num_leaves=16
num_cat=0
split_feature=10 10 16 15 6 8 3 4 3 4 10 8 2 8 16
split_gain=1.2682 1.28566 11.5134 12.6289 5.22353 5.15028 9.41193 10.4042 4.89265 4.87435 3.83196 7.54121 3.80492 3.1082 2.87801
threshold=-9.1350585052644827e-14 -3.3416832136077819e-14 89.871226851851858 13.218055555555557 -0.00033685199945531792 3430.5000000000005 1.4453125000000002 15.851273148148151 1.485243055555556 9.7864583333333339 -3.1256564295322239e-14 2405.5000000000005 0.0052649604708225207 3332.5000000000005 79.747349537037053
decision_type=2 2 2 2 2 2 2 2 2 2 2 2 2 2 2
left_child=-1 2 3 5 -5 9 -7 8 -8 -2 11 -3 13 -13 -12
right_child=1 10 -4 4 -6 6 7 -9 -10 -11 14 12 -14 -15 -16
leaf_value=0.030314211794123243 0.020400206489692874 -0.031741835283360248 0.056116234067722467 -0.015882899792306421 0.037563657194944831 -0.026573818846254767 0.03949113869340682 0.069938046575976492 -0.019917798900934536 -0.028564989991645973 -0.003164741710088272 0.047863894484319242 0.0086533338142331939 0.12242637353755385 0.0017216871646761696
leaf_weight=1.2370711634866882 2.0026536621153381 1.3882158417254675 2.6603990092407903 2.1848830841481686 6.6697496490087342 7.5917789004743126 1.7726235836744288 2.5604649931192398 4.2125002462416887 21.188607604242861 161.83384237787686 1.3800785616040236 1.2093188553117213 0.79187794169411052 329.04671419621445
leaf_count=127 24 30 20 23 52 72 12 19 53 236 2203 12 10 14 3393
internal_value=-2.66206e-05 -9.53017e-05 -0.00463849 -0.00799301 0.0243757 -0.0152807 -0.00226613 0.0193285 -0.00232256 -0.0243367 0.000370737 0.0271314 0.0513023 0.0750488 0.000110726
internal_weight=547.731 546.494 50.8437 48.1833 8.85463 39.3286 16.1374 8.54559 5.98512 23.1913 495.65 4.76949 3.38128 2.17196 490.881
internal_count=6300 6173 511 491 75 416 156 84 65 260 5662 66 36 26 5596
is_linear=0
shrinkage=0.03


Tree=272
num_leaves=16
num_cat=0
split_feature=3 16 8 15 15 4 8 10 8 10 1 17 9 10 1
split_gain=1.29022 8.02807 3.43501 6.11371 3.40184 4.98721 4.94565 4.55076 4.06657 5.30404 4.90237 4.68306 10.4651 5.31815 7.95182
threshold=1.3102430555555553 89.671689814814826 1589.5000000000002 13.00953125 13.099479166666667 12.57465277777778 2917.0000000000005 -3.9572157584075958e-14 3821.0000000000005 -2.7259532804892743e-14 5.200000000000002 0.72743055555555569 1831.0000000000002 -3.5402092558165528e-15 4.7999999999999998
decision_type=2 2 2 2 2 2 2 2 2 2 2 2 2 2 2
left_child=2 4 3 -1 5 6 -2 -7 11 10 -10 -6 -13 -14 -15
right_child=1 -3 -4 -5 8 7 -8 -9 9 -11 -12 12 13 14 -16
leaf_value=0.070606305261825889 0.05734803179757892 0.040455406168122689 -0.0036562390265794651 0.001173014650602569 0.00097266486410998662 0.031348121202861609 -0.0049994701523288733 -0.014407166836501322 -0.012508035650211682 -0.021619082338096382 0.036234421634890615 -0.027316941671579987 0.031490976616468498 -0.0080374156793505229 0.068909827817579039
leaf_weight=1.5662437230348576 1.9706644797697652 4.5426972419954827 125.70257059228607 4.206996290711686 318.0837631735485 2.0772939268499604 2.7331805527210236 33.598406505770981 4.1406618077307966 14.757616193033753 3.3673641430214047 4.81105534359813 16.021195082459606 8.2152853533625549 1.4172284766100336
leaf_count=24 22 37 1272 78 3836 20 25 320 46 292 30 68 141 76 13
internal_value=-2.66678e-05 0.000792531 -0.00261704 0.0200098 0.000354352 -0.00791463 0.0211209 -0.011743 0.0012548 -0.0111752 0.00935305 0.00204884 0.0132852 0.0208997 0.00328381
internal_weight=547.212 415.736 131.476 5.77324 411.194 40.3795 4.70385 35.6757 370.814 22.2656 7.50803 348.549 30.4648 25.6537 9.63251
internal_count=6300 4926 1374 102 4889 387 47 340 4502 368 76 4134 298 230 89
is_linear=0
shrinkage=0.03


Tree=273
num_leaves=16
num_cat=0
split_feature=5 9 8 16 2 8 2 2 7 0 6 6 10 8 9
split_gain=1.27393 2.48673 2.57396 3.11341 3.16789 2.2393 2.77972 1.74511 1.7283 1.72014 4.40725 5.03073 5.43995 6.43489 4.75261
threshold=23.500000000000004 2444.6053240740744 2817.0000000000005 84.991875000000007 -0.0026539862959564313 2346.0000000000005 0.00093466801519100074 0.0051110188279894714 20.456597222222225 1.2152199074074075 0.0040312281618317498 0.0011215190099508295 1.0032103577992857e-15 3381.5000000000005 2669.0000000000005
decision_type=2 2 2 2 2 2 2 2 2 2 2 2 2 2 2
left_child=8 5 -3 4 -4 6 -2 -8 9 10 11 -1 13 14 -13
right_child=1 2 3 -5 -6 -7 7 -9 -10 -11 -12 12 -14 -15 -16
leaf_value=-0.0063925970856566925 0.037728984541969469 0.039491005510952637 0.025620629090457411 0.038671269048053729 -0.027358628266152329 -0.034076722915811868 -0.032285621837506551 0.022294705839620205 -0.032324626981783441 0.00049138825171204915 -0.014874947179169722 0.00851371682612489 -0.018437636176662789 -0.032827789357257511 0.0480067176772161
leaf_weight=30.227762534283102 1.5117751054931425 3.2727146253455413 1.6287851342931379 1.8972631937358526 2.698992421850563 1.863827373832464 1.5974215180613103 0.78694781661033619 1.5097272507846344 459.09284617728554 24.340386146679521 4.7397046685218829 3.5873946808278552 1.6061487533152092 6.5079808924347162
leaf_count=306 49 34 26 43 63 20 24 15 25 5279 258 53 41 22 42
internal_value=-2.66914e-05 0.00852013 0.0179518 0.00662796 -0.00741957 -0.00703204 0.00590552 -0.0142717 -0.000271993 -0.000180707 -0.00452596 0.000871585 0.014227 0.0233435 0.0313646
internal_weight=546.87 15.2577 9.49776 6.22504 4.32778 5.75997 3.89614 2.38437 531.612 530.102 71.0094 46.669 16.4412 12.8538 11.2477
internal_count=6300 274 166 132 89 108 88 39 6026 6001 722 464 158 117 95
is_linear=0
shrinkage=0.03


Tree=274
num_leaves=16
num_cat=0
split_feature=6 10 10 4 10 10 1 10 1 7 2 1 1 10 15
split_gain=1.27809 3.48437 6.02208 4.90246 3.75527 3.29712 7.47782 7.00011 6.0925 5.16781 8.24885 8.39112 6.94095 6.73731 8.77657
threshold=0.0067595898164087989 1.6987905100380165e-14 2.4984153184291704e-14 11.603587962962964 1.6658022672952955e-14 1.1599327130195827e-14 5.4000000000000012 7.0475468602841363e-15 4.450000000000002 13.630208333333334 -0.0015305025485770243 3.7000000000000015 4.4000000000000012 1.3540337004904499e-14 13.18101851851852
decision_type=2 2 2 2 2 2 2 2 2 2 2 2 2 2 2
left_child=5 4 -3 -4 -2 7 9 -1 -9 13 11 -11 -13 14 -7
right_child=1 2 3 -5 -6 6 -8 8 -10 10 -12 12 -14 -15 -16
leaf_value=-0.00087077902073782825 0.0030212579860639669 -0.033401429801254011 0.058011333546149402 -0.0050630531808261298 0.055473667045735156 0.082986535209683993 -0.025678387472044865 -0.025706510285571773 0.0074611326829701801 0.059579279358183967 -0.019263597693547369 -0.025536783720462065 0.023124787124152914 0.011644598457444512 -0.0030403997639453931
leaf_weight=292.86856991890818 154.35340776038356 6.4898705296218377 1.3351738918572662 6.548434779047966 1.2382927201688279 2.9258499685674932 6.1448244815692297 19.252642542123798 6.7255348321050397 3.0026718415319946 11.393081024289129 4.5110381208360177 6.3538805991411209 21.626117022708058 1.6802854090929029
leaf_count=3412 1803 87 10 71 7 19 85 271 84 18 131 58 34 192 18
internal_value=-2.61743e-05 0.00213316 -0.0119992 0.00561927 0.00343871 -0.00100101 0.00560216 -0.00219467 -0.0171197 0.00933497 -0.00034995 0.0151888 0.00292084 0.0186612 0.0516045
internal_weight=546.45 169.965 14.3735 7.88361 155.592 376.484 57.6377 318.847 25.9782 51.4929 25.2607 13.8676 10.8649 26.2323 4.60614
internal_count=6300 1978 168 81 1810 4322 555 3767 355 470 241 110 92 229 37
is_linear=0
shrinkage=0.03


Tree=275
num_leaves=16
num_cat=0
split_feature=12 3 0 2 1 2 4 7 7 17 7 16 8 8 8
split_gain=1.25955 1.26575 4.59703 4.37334 4.24305 4.83036 6.13652 6.80455 6.68072 6.41487 6.8532 8.29376 5.89426 5.56321 5.33024
threshold=1.0000000180025095e-35 1.3555555555555558 1.2631365740740743 0.015845289207116826 5.950000000000002 -0.0016250387924009182 17.651041666666671 14.560763888888891 18.602430555555561 0.76562500000000011 13.36979166666667 90.16280671296299 2097.0000000000005 3366.0000000000005 1636.0000000000002
decision_type=2 2 2 2 2 2 2 2 2 2 2 2 2 2 2
left_child=1 4 3 -3 5 14 7 9 -8 -7 12 -12 -11 -10 -1
right_child=-2 2 -4 -5 -6 6 8 -9 13 10 11 -13 -14 -15 -16
leaf_value=0.033759079418232689 0.033588979095613605 0.060089164817615323 0.00046533308325394894 0.0049771816507433349 0.025773583422561305 -0.017277662026946191 0.042814675734400967 -0.031740551471932582 -0.010514729899162386 0.028523977632871851 0.06124278109731332 -0.0040780551729209498 -0.022919218679679648 0.030094338963076422 0.00017781827841510949
leaf_weight=4.5107195905875406 1.0013405568897713 2.2700168564915648 376.98271478735842 3.0197547785937786 4.7038725228048852 25.310489108785987 3.5313616441562798 14.052379195578395 14.810167069314049 2.7344761611893791 3.5800563003867856 3.4211725080385804 7.5094316406175494 3.819062157534062 74.73876816406846
leaf_count=73 14 18 4516 23 43 324 25 166 136 27 27 38 88 32 750
internal_value=-2.64712e-05 -8.82342e-05 0.000855034 0.0286276 -0.00230419 -0.00314001 -0.00840114 -0.0136403 0.00498188 -0.00766332 0.00644754 0.0293235 -0.00918714 -0.00218972 0.0020892
internal_weight=545.996 544.994 382.272 5.28977 162.722 158.018 78.7686 56.608 22.1606 42.5556 17.2451 7.00123 10.2439 18.6292 79.2495
internal_count=6300 6286 4557 41 1729 1686 863 670 193 504 180 65 115 168 823
is_linear=0
shrinkage=0.03


Tree=276
num_leaves=16
num_cat=0
split_feature=14 4 4 10 0 10 10 16 2 4 10 5 8 3 0
split_gain=1.23841 1.25847 1.35672 4.08391 7.83502 4.30838 2.91 5.23074 3.20804 3.9414 2.55069 1.73327 6.20445 7.54361 7.51321
threshold=12.160000000000002 9.6574074074074101 10.026620370370372 -1.5304066061840219e-14 1.3979745370370373 -3.0408686614355864e-14 1.131130533926431e-14 83.971875000000026 -0.00089733800405004873 9.8223379629629637 -4.4365947357783763e-14 14.500000000000002 3792.5000000000005 1.4373263888888894 1.2818865740740741
decision_type=2 2 2 2 2 2 2 2 2 2 2 2 2 2 2
left_child=-1 -2 3 5 -5 10 8 -8 9 -6 -3 12 13 14 -4
right_child=1 2 11 4 6 -7 7 -9 -10 -11 -12 -13 -14 -15 -16
leaf_value=0.031215072032266162 -0.030825604309245906 -0.012426952162984476 -0.016982795211547153 -0.024573744477157395 0.059696205446111678 -0.031522995853908928 -0.032752234406392161 0.052980168113103202 0.051731347330816385 -0.031449494287502815 0.029183608098662914 0.00024976545182565907 0.022175188294227648 -0.025916539802202685 0.012820796267580309
leaf_weight=1.139538169838487 1.1964745605364431 2.4904647129587829 13.811134115792813 2.9780520368367425 0.71683129668235679 3.9837784785777348 1.50499988719821 1.1150241638533769 5.577071390580385 1.0560458190739153 2.835237879306078 467.73021295317449 6.4285912942141286 16.066777096129954 16.961653504520655
leaf_count=42 50 34 232 49 3 101 24 7 34 27 20 5095 76 288 218
internal_value=-2.66054e-05 -9.19942e-05 -2.43061e-05 0.00722914 0.0181255 -0.00792601 0.0308799 0.00373358 0.0405567 0.00540365 0.00972521 -0.000334179 -0.00546161 -0.00925468 -0.000555353
internal_weight=545.592 544.452 543.256 22.2575 12.948 9.30948 9.96997 2.62002 7.34995 1.77288 5.3257 520.998 53.2682 46.8396 30.7728
internal_count=6300 6258 6208 299 144 155 95 31 64 30 54 5909 814 738 450
is_linear=0
shrinkage=0.03


Tree=277
num_leaves=16
num_cat=0
split_feature=6 12 16 15 16 0 7 6 4 2 2 2 4 0 6
split_gain=1.23615 1.23094 1.22964 1.64887 1.41264 2.91793 5.5347 5.14757 3.87731 3.74997 3.4834 5.34593 3.60437 3.47988 3.21422
threshold=0.071741382505352544 1.0000000180025095e-35 67.880225694444462 13.283043981481482 73.878420138888899 1.6581597222222224 13.769097222222223 0.0004369308122180009 16.167245370370374 -0.0097818248391929371 -0.0038448292799460556 -0.0028691306260144587 13.705439814814817 1.6644097222222225 0.0037231774269529919
decision_type=2 2 2 2 2 2 2 2 2 2 2 2 2 2 2
left_child=1 2 3 -1 5 -4 7 9 -8 -7 -9 -12 13 -13 -15
right_child=-2 -3 4 -5 -6 6 8 10 -10 -11 11 12 -14 14 -16
leaf_value=0.035998200307726269 0.03041772200065072 0.033499612061910405 -0.011626413139689129 -0.011935735863545942 0.00021953355039449891 0.015693081330441991 -0.03118045294523265 -0.031922413971940775 0.029214903722083661 0.076982979587949613 0.074724576350895966 0.053110202620160855 0.054582078165281815 0.013811782038212339 -0.032516415703120603
leaf_weight=1.872998803853988 1.1977087550330896 0.97993411310017009 27.208615532144904 0.98580035939812649 492.34709600964561 1.8953239619731905 5.1513479133136562 2.0464950068853787 1.1748663643375037 1.7081855321303034 1.0594773516058911 0.79363347217440505 1.0373875210061667 2.2451241128146648 3.3722521821036935
leaf_count=12 168 14 380 13 5389 18 120 42 20 18 11 5 7 30 53
internal_value=-2.64537e-05 -9.34967e-05 -0.000154132 0.0194691 -0.000258012 -0.00518786 0.00336433 0.0137883 -0.0199642 0.0447466 0.00321842 0.0116712 0.00270238 -0.00569245 -0.0140002
internal_weight=545.076 543.879 542.899 2.8588 540.04 47.6927 20.4841 14.1579 6.32621 3.60351 10.5544 8.50787 7.4484 6.41101 5.61738
internal_count=6300 6132 6118 25 6093 704 324 184 140 36 148 106 95 88 83
is_linear=0
shrinkage=0.03


Tree=278
num_leaves=16
num_cat=0
split_feature=3 1 7 2 1 1 16 2 4 4 4 1 9 10 0
split_gain=1.22096 1.28999 4.17555 2.90091 2.80032 2.0701 2.99974 2.85125 5.4416 5.88278 7.04474 5.07008 4.35186 5.75282 4.17979
threshold=1.9423611111111116 6.8500000000000005 17.916666666666668 0.00097942160809293393 6.7500000000000009 6.6500000000000012 87.053848379629656 -0.012533283321835153 10.938078703703704 16.985532407407412 15.527199074074076 4.9000000000000012 1898.3512731481485 -1.3171640396441542e-14 1.4508101851851853
decision_type=2 2 2 2 2 2 2 2 2 2 2 2 2 2 2
left_child=1 4 3 -3 5 7 -7 8 -1 10 11 -10 -13 -14 -15
right_child=-2 2 -4 -5 -6 6 -8 -9 9 -11 -12 12 13 14 -16
leaf_value=-0.021454211840139591 0.030432617156066263 -0.032142261814738622 0.065226924645977027 0.018102713395025543 0.028655893142382292 -0.033337844096720463 0.019560333137828245 -0.00051654178485434268 -0.02625994485751066 -0.030149376333336215 0.040296929773021156 -0.031931681960111841 -0.013035855506466618 0.049690020060700571 0.013962600571896605
leaf_weight=4.849655929952859 1.1818915724288661 4.5788038894534102 0.5555690824985503 1.3358930740505455 3.066201899200677 3.6552230156958094 1.310814009979367 492.31421181024052 3.3813586859032609 2.6491429007146499 8.1130925044417364 1.6918311929330254 3.8995468658395209 5.0534119606017978 7.070547841489315
leaf_count=102 114 99 4 16 19 54 12 5546 56 57 50 38 49 27 57
internal_value=-2.61495e-05 -9.23818e-05 -0.0134078 -0.0207939 6.80375e-05 -9.6116e-05 -0.0193751 8.48592e-05 0.0081505 0.012657 0.0165393 0.00740287 0.0138282 0.0186597 0.0288542
internal_weight=544.707 543.525 6.47027 5.9147 537.055 533.989 4.96604 529.023 36.7086 31.8589 29.2098 21.0967 17.7153 16.0235 12.124
internal_count=6300 6186 119 115 6067 6048 66 5982 436 334 277 227 171 133 84
is_linear=0
shrinkage=0.03


Tree=279
num_leaves=16
num_cat=0
split_feature=6 15 6 16 8 3 0 6 5 4 0 3 4 7 16
split_gain=1.22237 3.42394 4.16973 4.57071 4.11209 4.02587 3.92985 4.58588 4.31031 4.65096 3.7021 3.85621 3.69035 4.94389 3.7271
threshold=0.0067595898164087989 13.210497685185187 0.010249231408113839 88.954577546296306 2074.5000000000005 1.3970486111111116 1.4781828703703705 0.010249231408113839 13.500000000000002 10.446180555555557 1.6359375000000003 1.6442708333333338 9.7540509259259274 12.598958333333334 73.994670138888907
decision_type=2 2 2 2 2 2 2 2 2 2 2 2 2 2 2
left_child=-1 2 10 4 -4 -3 7 -7 9 -8 11 12 -2 14 -14
right_child=1 5 3 -5 -6 6 8 -9 -10 -11 -12 -13 13 -15 -16
leaf_value=-0.00098187800464881437 0.053153586091137697 -0.032615778277503497 0.0067430239433130838 0.019428987783819743 -0.012953066656353963 0.010020603362217134 0.016899932600813877 0.070961660680769034 0.0034006321883220136 0.090495168806850212 -0.023617369585265238 0.037955462599170701 0.041623188806946293 0.0082214081581568968 -0.013673746782578057
leaf_weight=374.80676030181348 1.3866374306380738 1.7371768252924109 12.332102398853747 5.84203510521911 42.134726884076372 2.2397618070244816 2.5773295518010886 2.2058360702358186 18.366131947375834 1.1038230103440581 3.9698490570299318 3.2728013051673761 1.1748149450868393 54.517113879090175 16.564516211859882
leaf_count=4322 7 23 177 78 542 18 28 17 235 6 87 33 18 477 232
internal_value=-2.59704e-05 0.00208872 0.000181753 -0.00578876 -0.00849358 0.0116265 0.0145276 0.0402586 0.00933919 0.0389681 0.0046334 0.0060915 0.00467543 0.00374511 -0.0100116
internal_weight=544.231 169.425 141.195 60.3089 54.4668 28.2301 26.4929 4.4456 22.0473 3.68115 80.8857 76.9159 73.6431 72.2564 17.7393
internal_count=6300 1978 1651 797 719 327 304 35 269 34 854 767 734 727 250
is_linear=0
shrinkage=0.03


Tree=280
num_leaves=16
num_cat=0
split_feature=10 9 9 1 15 8 8 4 10 7 10 4 3 5 10
split_gain=1.21886 1.26812 2.57752 2.57537 1.8348 1.44568 5.28928 11.9071 4.52027 5.9039 17.5174 20.0584 9.31931 8.78675 7.53385
threshold=-9.1350585052644827e-14 1516.0358796296298 1542.0966435185187 5.8500000000000023 13.129513888888891 2628.0000000000005 2656.0000000000005 14.989583333333334 -8.3099769665640713e-15 15.74479166666667 -1.0364007625571203e-14 16.417245370370374 1.4206597222222224 17.500000000000004 -1.9542183941460979e-14
decision_type=2 2 2 2 2 2 2 2 2 2 2 2 2 2 2
left_child=-1 -2 3 -3 -5 8 7 -7 9 13 -11 12 -12 14 -4
right_child=1 2 5 4 -6 6 -8 -9 -10 10 11 -13 -14 -15 -16
leaf_value=0.03030287314644374 -0.028396120909217389 0.050017192912717834 -0.01486006376050482 0.035481225406565689 -0.032615377972910982 0.080673852334530227 0.00036885645834727011 0.0045779264928519662 -0.0060752569104488841 0.0033417038012469569 -0.035553609307258725 0.13208604601736629 0.071964136676719234 -0.024516031724208458 0.010878458186283317
leaf_weight=1.1899802987463761 1.4209285499528039 1.8401333093643182 14.508656866848467 0.62360314093530156 0.83017757255584002 2.4019813551567486 318.96338797919452 8.0629425207152945 116.11166318622418 25.114964384352792 1.6207773163914674 2.2204289482906461 1.3135747760534284 12.90009858086705 34.748079584678635
leaf_count=127 34 8 240 9 13 16 3320 54 1644 228 13 21 7 190 376
internal_value=-2.57449e-05 -9.22489e-05 -1.7945e-05 0.026439 -0.00340516 -0.000179938 0.00105741 0.022044 -0.00213458 0.00281593 0.013681 0.0640558 0.0125772 -0.00247524 0.00329713
internal_weight=543.871 542.681 541.26 3.29391 1.45378 537.967 329.428 10.4649 208.538 92.4266 30.2697 5.15478 2.93435 62.1568 49.2567
internal_count=6300 6173 6139 30 22 6109 3390 70 2719 1075 269 41 20 806 616
is_linear=0
shrinkage=0.03


Tree=281
num_leaves=16
num_cat=0
split_feature=3 16 8 1 8 9 3 16 2 6 1 7 10 1 2
split_gain=1.21005 5.11675 3.78669 4.20173 3.75716 3.7563 3.11146 3.04483 2.89332 2.795 3.06751 2.97141 2.23942 2.22747 2.17521
threshold=1.736979166666667 79.747349537037053 3207.5000000000005 7.1500000000000012 3636.0000000000005 2699.06712962963 1.7050347222222226 72.255104166666698 -0.0018361866679169445 0.0065270586764367968 4.6000000000000005 11.017361111111112 -4.1501528847619061e-14 6.8500000000000005 0.01072282243462225
decision_type=2 2 2 2 2 2 2 2 2 2 2 2 2 2 2
left_child=6 2 5 -4 8 9 13 -7 -3 11 -11 -2 -8 -1 -13
right_child=1 4 3 -5 -6 7 12 -9 -10 10 -12 14 -14 -15 -16
leaf_value=0.0001939199162764191 0.040801495766949643 0.13841750901732328 -0.027350672697610056 0.043114289522379896 -0.029117360899473314 0.053219653785955869 0.021216778824468749 0.0079971673724875281 0.044461212329605572 0.073103734075953095 0.00026473404912272474 -0.032502059774478426 -0.020268711171390213 -0.024023723547569209 0.031957928240554496
leaf_weight=505.54437205451541 0.72205226495862529 0.33698939718306142 5.6100079398602238 0.88122680690139521 0.56134902057237912 2.5523445592261851 1.3195727728307236 2.8209935910999775 2.3660063771530977 0.76421419158577952 1.6307220291346309 3.9362589009106159 10.406616405118255 3.4414198417216531 0.53521837387233961
leaf_count=5615 8 5 108 22 13 20 9 29 71 5 30 90 192 70 13
internal_value=-2.61272e-05 0.00675139 0.000919044 -0.0177846 0.0415078 0.0102858 -0.000321814 0.0294779 0.056175 -0.00330404 0.0235074 -0.0156678 -0.0156003 3.01765e-05 -0.0247865
internal_weight=543.429 22.7174 19.453 6.49123 3.26434 12.9618 520.712 5.37334 2.703 7.58847 2.39494 5.19353 11.7262 508.986 4.47148
internal_count=6300 414 325 130 89 195 5886 49 76 146 35 111 201 5685 103
is_linear=0
shrinkage=0.03


Tree=282
num_leaves=16
num_cat=0
split_feature=14 4 4 10 0 10 0 16 17 2 5 7 8 10 17
split_gain=1.20522 1.21616 1.28437 3.84801 7.42727 4.15006 2.50313 2.66294 2.63665 2.02139 4.06835 3.46184 1.69886 12.247 8.51659
threshold=12.160000000000002 9.6574074074074101 10.026620370370372 -1.5304066061840219e-14 1.3864004629629632 -3.0408686614355864e-14 1.3938078703703707 86.499994212962989 0.56770833333333348 -0.0025310450840260088 12.500000000000002 9.7100694444444464 1711.0000000000002 1.4548348545303486e-14 0.81655092592592604
decision_type=2 2 2 2 2 2 2 2 2 2 2 2 2 2 2
left_child=-1 -2 3 5 -5 6 7 -3 -8 10 -6 -11 13 14 -4
right_child=1 2 12 4 9 -7 8 -9 -10 11 -12 -13 -14 -15 -16
leaf_value=0.03118761133883485 -0.03079760502306618 0.0038399161829953455 -0.00087822009436199693 -0.031955491515433553 0.046192690183409706 -0.031476281626207754 0.023666009664969925 0.067814394271626374 -0.033850392314050334 -0.015231619982781717 -0.031862219918832889 0.043129420201241317 -0.00079933181541975366 0.10949048498896127 0.058034768277860381
leaf_weight=1.1110547983553249 1.1582595938816656 1.3120957314968111 33.578419932164252 2.2301568565890184 1.118726018816232 3.8445722293108719 1.2595644593238833 1.0575804859399793 1.6662295921705661 1.0516684618778507 1.2985762469470499 7.0263170117978007 481.98896235763095 0.99890807736664911 2.3639160171151152
leaf_count=42 50 19 541 44 8 101 6 6 23 11 31 50 5331 8 29
internal_value=-2.57971e-05 -8.97874e-05 -2.40184e-05 0.00709836 0.0177643 -0.00775149 0.00947297 0.0323916 -0.00908938 0.0283293 0.00426155 0.0355314 -0.000324125 0.00587612 0.00299647
internal_weight=543.065 541.954 540.796 21.8655 12.7254 9.14004 5.29547 2.36968 2.92579 10.4953 2.4173 8.07799 518.93 36.9412 35.9423
internal_count=6300 6258 6208 299 144 155 54 25 29 100 39 61 5909 578 570
is_linear=0
shrinkage=0.03


Tree=283
num_leaves=16
num_cat=0
split_feature=6 12 15 2 1 17 17 2 10 0 7 1 1 4 4
split_gain=1.2059 1.1953 1.20605 3.03411 3.57588 2.72298 1.50429 3.55436 4.0998 2.56278 4.04954 1.7828 1.60967 10.1092 15.2074
threshold=0.071741382505352544 1.0000000180025095e-35 12.964872685185187 -0.0039139244067274192 3.8500000000000019 0.84432870370370383 0.83159722222222232 0.00060224783823065555 -3.7857473522100997e-15 1.1019675925925927 18.883680555555561 4.450000000000002 3.5499999999999994 13.43865740740741 10.830439814814817
decision_type=2 2 2 2 2 2 2 2 2 2 2 2 2 2 2
left_child=1 2 3 -1 -5 6 9 8 -8 10 11 -4 13 14 -11
right_child=-2 -3 5 4 -6 -7 7 -9 -10 12 -12 -13 -14 -15 -16
leaf_value=0.029188565614075082 0.030415433984786674 0.033406536031838636 -0.032949610744155935 -0.037928939864740455 0.021156363997093735 -0.031945081632187282 -0.021790164172280614 0.049513195268355688 0.025949572318320017 0.028630347583993479 0.020997661840545381 0.0088144299481510459 -0.00094396299021781162 0.0090812347409303679 -0.023329383537491945
leaf_weight=4.1347055216319859 1.1686996275093395 0.95701546221971412 6.1073785526677948 1.8346900269389146 1.8528573326766489 2.4394474956206968 3.2377077387645841 1.8219511709176002 3.2382721751928312 6.5271708387881544 2.0657460950314999 1.0830283029936252 408.6322188670747 74.806820755824447 22.700048455037177
leaf_count=34 168 14 100 13 17 47 36 13 20 83 14 11 4790 642 298
internal_value=-2.54936e-05 -9.12006e-05 -0.000150514 0.0115437 -0.00824074 -0.000322247 -0.000176756 0.0124962 0.00208178 -0.00037824 -0.0160232 -0.0266591 -9.57706e-05 0.00323582 -0.0117255
internal_weight=542.608 541.439 540.482 7.82225 3.68755 532.66 530.22 8.29793 6.47598 521.922 9.25615 7.19041 512.666 104.034 29.2272
internal_count=6300 6132 6118 64 30 6054 6007 69 56 5938 125 111 5813 1023 381
is_linear=0
shrinkage=0.03


Tree=284
num_leaves=16
num_cat=0
split_feature=10 10 16 15 8 3 7 6 4 8 10 8 2 4 5
split_gain=1.18133 1.26112 10.875 11.6071 5.01065 8.95477 9.46404 4.70316 4.44377 4.07372 3.52233 6.93393 3.4705 2.96679 4.24778
threshold=-9.1350585052644827e-14 -3.3416832136077819e-14 89.871226851851858 13.218055555555557 3430.5000000000005 1.4453125000000002 15.852430555555557 -0.00033685199945531792 9.7864583333333339 3945.5000000000005 -3.1256564295322239e-14 2405.5000000000005 0.0052649604708225207 10.938078703703704 16.500000000000004
decision_type=2 2 2 2 2 2 2 2 2 2 2 2 2 2 2
left_child=-1 2 3 4 8 -6 9 -5 -2 -7 11 -3 -13 -9 -15
right_child=1 10 -4 7 5 6 -8 13 -10 -11 -12 12 -14 14 -16
leaf_value=0.030294130119398251 0.018035180872519485 -0.031697977521973009 0.054208742890314916 -0.015543968174395864 -0.026329147820254879 -0.011330540090933764 0.071731443825723745 0.0034948542432455803 -0.028323031473153262 0.051915654504730152 0.00012136372940900367 0.071309371876910208 0.0079092956034079193 0.083473512785961504 0.025550089381664753
leaf_weight=1.1541013417299826 2.0460012052208212 1.3395655825734127 2.676020360318943 2.1452301740646362 7.3845654577016822 5.1578756701201183 2.2411238106433302 1.8726441264152507 20.578492304775864 1.1146435961127279 486.1580840528477 2.1973939412273471 1.2021914375945923 1.8614603718742726 2.9376996057108045
leaf_count=127 24 30 20 23 72 60 18 11 236 6 5596 26 10 12 29
internal_value=-2.542e-05 -9.01103e-05 -0.00462825 -0.00795419 -0.015061 -0.00215397 0.0188151 0.0230962 -0.0241307 -9.15207e-05 0.000372265 0.0261105 0.0488893 0.0355205 0.048017
internal_weight=542.067 540.913 50.0158 47.3397 38.5227 15.8982 8.51364 8.81703 22.6245 6.27252 490.897 4.73915 3.39959 6.6718 4.79916
internal_count=6300 6173 511 491 416 156 84 75 260 66 5662 66 36 52 41
is_linear=0
shrinkage=0.03


Tree=285
num_leaves=16
num_cat=0
split_feature=3 16 3 8 2 15 4 10 8 8 10 17 9 8 4
split_gain=1.17307 7.4917 3.33345 4.20479 4.30216 3.19516 4.60003 4.27837 4.21547 4.00949 4.9201 4.1913 9.61853 4.74224 5.16962
threshold=1.3102430555555553 89.671689814814826 1.2932291666666669 1589.5000000000002 -0.0039139244067274192 13.099479166666667 12.57465277777778 -3.9572157584075958e-14 2917.0000000000005 3821.0000000000005 -4.7006737095214666e-14 0.72743055555555569 1831.0000000000002 3392.0000000000005 13.420717592592593
decision_type=2 2 2 2 2 2 2 2 2 2 2 2 2 2 2
left_child=2 5 3 4 -1 6 8 -8 -2 11 -11 -7 -13 14 -14
right_child=1 -3 -4 -5 -6 9 7 -9 -10 10 -12 12 13 -15 -16
leaf_value=0.057159839084107947 0.052985234353626273 0.039081689348068181 -0.019463424448813018 -0.0023353636538312548 0.0015764638980298388 0.0009641969268369252 0.030539919311393316 -0.014094751098083823 -0.0044332193337337442 0.019015144743664718 -0.017910422903993722 -0.027106682255365964 0.0434089320106857 -0.0024847349143123053 0.012426290495637907
leaf_weight=2.1980281437281519 2.0103725404478601 4.5400635255500665 9.665790956001727 114.73237936256919 2.9157157759182146 315.25233519775793 2.0529135351534924 33.020498058060184 2.6912920549511909 3.9641990039963302 17.965438165469095 4.6553751924075213 9.2303863749839419 6.4860561736859372 10.206230177311225
leaf_count=35 22 37 132 1151 56 3836 20 320 25 30 338 68 95 50 85
internal_value=-2.54029e-05 0.000757332 -0.00251587 -0.00114903 0.0254677 0.000330388 -0.00774683 -0.0114822 0.0201182 0.00120398 -0.0112354 0.00199278 0.0125972 0.0197275 0.0271398
internal_weight=541.587 412.075 129.512 119.846 5.11374 407.535 39.7751 35.0734 4.70166 367.76 21.9296 345.83 30.578 25.9227 19.4366
internal_count=6300 4926 1374 1242 91 4889 387 340 47 4502 368 4134 298 230 180
is_linear=0
shrinkage=0.03


Tree=286
num_leaves=16
num_cat=0
split_feature=4 2 2 15 17 10 17 0 10 17 17 1 10 15 7
split_gain=1.20053 1.17449 4.57607 3.69117 5.11782 5.5096 4.8573 4.28195 6.06206 4.61327 6.756 4.61908 5.03188 3.80241 6.64953
threshold=9.6574074074074101 -0.007564674467567303 -0.0069575259490463172 13.196064814814818 0.67418981481481499 -4.0152925036961259e-15 0.65104166666666674 1.5207754629629633 -2.7615055831679364e-14 0.71122685185185197 0.72743055555555569 5.200000000000002 -5.6597257848385692e-15 13.097222222222223 11.76215277777778
decision_type=2 2 2 2 2 2 2 2 2 2 2 2 2 2 2
left_child=-1 3 -3 4 5 6 -2 9 -9 11 -11 -6 -13 -12 -15
right_child=1 2 -4 -5 7 -7 -8 8 -10 10 13 12 -14 14 -16
leaf_value=-0.03079324076632315 -0.033375981113626538 -0.0211114015062282 -0.00013884147430315898 -0.0099139013098522005 0.046816804962965135 0.034689220614769305 0.028582284515769166 0.047584747017822081 -0.025838370988319915 -0.028131336527393989 -0.00047128879156213397 0.038377243820663008 -0.022943267236619012 0.001327834047754093 0.048721526079584902
leaf_weight=1.1389611596241582 2.4962691254913798 9.5664513994706777 441.08316310017835 15.932203810662029 4.4276445424184185 9.8417611112818104 2.0940771428868175 1.1568036731332529 8.0871487446129304 6.0150251612067214 23.602413874468766 2.1788545064628124 2.692877572029829 6.4548419164493662 4.5371558635961264
leaf_count=50 36 122 5072 256 31 87 16 11 120 81 254 20 36 61 47
internal_value=-2.54548e-05 3.94202e-05 -0.00058405 0.00317811 0.00601273 0.0220301 -0.00511114 0.0021048 -0.0166501 0.00557851 0.00121385 0.0246386 0.00448198 0.00631618 0.0208905
internal_weight=541.306 540.167 450.65 89.5171 73.5849 14.4321 4.59035 59.1528 9.24395 49.9088 40.6094 9.29938 4.87173 34.5944 10.992
internal_count=6300 6250 5194 1056 800 139 52 661 131 530 443 87 56 362 108
is_linear=0
shrinkage=0.03


Tree=287
num_leaves=16
num_cat=0
split_feature=6 10 10 4 10 2 10 15 10 4 4 10 8 10 15
split_gain=1.19561 3.17725 5.82661 4.49149 3.37459 3.3018 3.14813 3.6083 3.09222 6.66516 8.92441 8.29039 13.3654 11.5119 17.8843
threshold=0.0067595898164087989 1.6987905100380165e-14 2.4984153184291704e-14 11.603587962962964 1.6658022672952955e-14 -0.003534183082271145 -4.5367928673025246e-14 13.192476851851856 -8.3099769665640713e-15 15.695601851851853 13.914930555555557 5.9669349096589707e-15 2923.5000000000005 7.9994930928913586e-15 13.165682870370373
decision_type=2 2 2 2 2 2 2 2 2 2 2 2 2 2 2
left_child=-1 4 -3 -4 6 -5 7 -2 -8 10 11 -10 13 14 -13
right_child=1 2 3 5 -6 -7 8 -9 9 -11 -12 12 -14 -15 -16
leaf_value=-0.00097301785530229271 -0.030743205865500538 -0.033238031178986029 0.055452429189948658 0.027084555182426858 0.053013950464139446 -0.019245897637591519 0.008252862875237842 0.013461189621082632 -0.014655611094638052 -0.019145168679228792 0.022712968834280655 0.12340712450415409 0.047388034017700809 -0.033219212569551293 -0.0069229640031206723
leaf_weight=372.75147636933252 4.9994168588891617 6.225881686434148 1.3497015926986931 2.0154830613173544 1.2199636423028994 4.4212876223027706 73.037933193380013 2.4895194283453748 24.499351083301008 13.929439636645837 16.409394534304738 1.292997337877752 6.2914377381093791 6.4995257928967476 3.5473712235689163
leaf_count=4322 82 87 10 17 7 54 773 36 332 229 166 11 52 87 35
internal_value=-2.55458e-05 0.00207381 -0.0116037 0.00569463 0.00331657 -0.0047389 0.00292029 -0.0160485 0.00389657 -0.000493889 0.00394413 -0.00336611 0.012321 -0.00713431 0.0278918
internal_weight=540.98 168.229 14.0124 7.78647 154.216 6.43677 152.996 7.48894 145.507 72.4695 58.5401 42.1307 17.6313 11.3399 4.84037
internal_count=6300 1978 168 81 1810 71 1803 118 1685 912 683 517 185 133 46
is_linear=0
shrinkage=0.03


Tree=288
num_leaves=16
num_cat=0
split_feature=5 15 5 8 2 10 10 8 10 2 8 8 4 10 7
split_gain=1.19509 2.33867 1.64729 6.455 8.94034 5.47271 8.3514 10.9438 8.78055 15.9833 12.4317 12.2998 7.71202 7.59765 6.45912
threshold=23.500000000000004 13.077199074074075 17.500000000000004 1746.5000000000002 -0.0022870380913469057 -1.7840803720575218e-14 -1.0828520104394046e-14 2628.0000000000005 -1.1190243093550497e-14 -0.0010542769877896166 3201.5000000000005 1910.5000000000002 13.618634259259261 -1.2777364950816627e-14 13.592013888888891
decision_type=2 2 2 2 2 2 2 2 2 2 2 2 2 2 2
left_child=2 -2 3 4 -1 14 8 -8 10 12 11 -7 -10 -13 -5
right_child=1 -3 -4 5 -6 6 7 -9 9 -11 -12 13 -14 -15 -16
leaf_value=-0.01660522366989332 0.038806315531468877 0.0037143472729529894 -0.0023165183492277262 -0.012261377490657291 0.026151334624998648 -0.033536054628857587 -0.011392592940368887 0.0045784716284195948 0.048291347241186847 -0.016271871153591123 -0.015472988700006596 0.037223954972926479 0.15844038784370934 -0.0010340735630840188 0.0089444511177678033
leaf_weight=5.7762855975888696 1.9693448111647729 12.93980533571448 210.74884242913686 55.227186324773356 18.491610290016979 3.335278574377301 57.888183624949306 115.97210968495347 1.0658212918788201 1.5902879182249297 12.325894657522438 18.923694244585935 1.2348835021257398 6.2030760261695823 16.87788601918146
leaf_count=146 60 214 2314 744 242 39 866 1144 18 17 154 129 9 59 145
internal_value=-2.60745e-05 0.00834963 -0.000263632 0.00111022 0.0159743 -0.000130886 0.00223373 -0.000739223 0.0138024 0.0568617 0.00969477 0.020594 0.107413 0.0277791 -0.00729766
internal_weight=540.57 14.9092 525.661 314.912 24.2679 290.644 218.539 173.86 44.6789 3.89099 40.7879 28.462 2.3007 25.1268 72.1051
internal_count=6300 274 6026 3712 388 3324 2435 2010 425 44 381 227 27 188 889
is_linear=0
shrinkage=0.03


Tree=289
num_leaves=16
num_cat=0
split_feature=4 2 2 15 17 10 17 0 10 17 17 1 10 15 7
split_gain=1.1689 1.19002 4.31475 3.49207 4.73694 5.03953 4.61689 4.10715 5.72526 4.33666 6.47153 4.24168 4.65376 3.52463 6.03122
threshold=9.6574074074074101 -0.007564674467567303 -0.0069575259490463172 13.196064814814818 0.67418981481481499 -4.0152925036961259e-15 0.65104166666666674 1.5207754629629633 -2.7615055831679364e-14 0.71122685185185197 0.72743055555555569 5.200000000000002 -5.6597257848385692e-15 13.097222222222223 11.76215277777778
decision_type=2 2 2 2 2 2 2 2 2 2 2 2 2 2 2
left_child=-1 3 -3 4 5 6 -2 9 -9 11 -11 -6 -13 -12 -15
right_child=1 2 -4 -5 7 -7 -8 8 -10 10 13 12 -14 14 -16
leaf_value=-0.030770502225047677 -0.033139467648029844 -0.020724938395775303 -0.00016210353564235407 -0.0096019271146786031 0.045039641372907321 0.033291487041242948 0.027511149995692066 0.046048565000218297 -0.025468988672428236 -0.027861304110995255 -0.00032667925146645911 0.036646920172272161 -0.022519395041291069 0.0013832161018338036 0.046207711942776071
leaf_weight=1.1107405647635449 2.422644182574003 9.3796516269212571 440.28416941105388 15.772194327320902 4.4821006134152395 9.9395570214837772 2.1163877258077264 1.1541215083561835 7.9257812295109016 5.8524282386060795 23.517404888640158 2.2021227926015854 2.619901342317462 6.4398838672786933 4.6539246155880392
leaf_count=50 36 122 5072 256 31 87 16 11 120 81 254 20 36 61 47
internal_value=-2.68015e-05 3.65813e-05 -0.000591029 0.00320402 0.00595853 0.0213309 -0.00486026 0.00217638 -0.0163786 0.00556165 0.00131516 0.0240296 0.00450069 0.00624862 0.0201874
internal_weight=539.873 538.762 449.664 89.0985 73.3263 14.4786 4.53903 58.8477 9.0799 49.7678 40.4636 9.30412 4.82202 34.6112 11.0938
internal_count=6300 6250 5194 1056 800 139 52 661 131 530 443 87 56 362 108
is_linear=0
shrinkage=0.03


Tree=290
num_leaves=16
num_cat=0
split_feature=15 2 6 16 17 10 3 8 15 16 10 6 0 15 4
split_gain=1.17136 2.87359 3.44089 2.60966 1.44181 3.28738 2.50622 3.77938 3.88851 3.50526 6.30487 3.65527 4.17493 2.66082 2.17242
threshold=12.964872685185187 -0.0039139244067274192 0.001369846192316378 93.068686342592613 0.83159722222222232 -1.4457661589187166e-14 1.1800347222222227 1622.5000000000002 13.007002314814818 88.292228009259262 -3.0012836840295467e-15 0.0034217130277719113 1.1302083333333335 13.14340277777778 14.316550925925927
decision_type=2 2 2 2 2 2 2 2 2 2 2 2 2 2 2
left_child=1 -1 -3 4 6 -6 7 8 -2 10 11 12 -9 -12 -7
right_child=3 2 -4 -5 5 14 -8 9 -10 -11 13 -13 -14 -15 -16
leaf_value=0.02867785578192554 0.096441746755208113 -0.030864665357059132 0.029159222269633606 -0.031319336729896056 -0.015046566198233005 0.037676651333833806 0.00024909830498608636 -0.019462188205723142 -0.0075375037474990636 -0.020329977010704926 0.046239391010159024 -0.037885704684316984 0.052451503159306488 -0.0026402614219088183 -0.0037918032330616783
leaf_weight=4.1264962349087 0.60741632105782872 2.2460888111963864 1.3923775223083792 2.4136254675686351 2.6441410034894943 3.9159573968499881 492.86651485040784 1.9995758160948756 0.69298431370407343 15.956217401428146 2.900758158881219 3.5086462497711182 1.1412256667390464 1.5314935361966489 1.6021530702710149
leaf_count=36 6 16 16 52 29 23 5781 17 15 220 21 32 10 14 12
internal_value=-2.6796e-05 0.0115409 -0.00789457 -0.000195706 -5.3799e-05 0.0124573 -0.000249728 -0.00892542 0.0410311 -0.0113281 0.00163342 -0.0168412 0.00666801 0.0293498 0.0256365
internal_weight=539.546 7.76496 3.63847 531.781 529.367 8.16225 521.205 28.3383 1.3004 27.0379 11.0817 6.64945 3.1408 4.43225 5.51811
internal_count=6300 68 32 6232 6180 64 6116 335 21 314 94 59 27 35 35
is_linear=0
shrinkage=0.03


Tree=291
num_leaves=16
num_cat=0
split_feature=12 2 8 3 4 1 1 8 4 10 4 4 4 7 1
split_gain=1.16175 1.16152 5.46162 4.88676 5.68147 7.43296 5.72025 5.58189 5.34985 5.91878 5.17813 6.92391 6.64319 7.32727 6.26618
threshold=1.0000000180025095e-35 -0.0016250387924009182 3821.0000000000005 1.343576388888889 10.77141203703704 3.7000000000000015 4.6500000000000012 3803.5000000000005 10.026620370370372 -1.5304066061840219e-14 17.651041666666671 14.565393518518521 13.398148148148151 13.44965277777778 5.2999999999999998
decision_type=2 2 2 2 2 2 2 2 2 2 2 2 2 2 2
left_child=1 -1 3 10 5 -5 8 -8 9 -7 11 12 -3 -14 -15
right_child=-2 2 -4 4 -6 6 7 -9 -10 -11 -12 -13 13 14 -16
leaf_value=0.0014417913169853347 0.033339789993033164 -0.016391083913662653 -0.019179592960570303 0.064962936704708651 0.00010630860489640284 -0.034012144422504602 0.016883107588585904 0.080119600533590171 -0.029244456907568217 0.031611831432334973 0.0054522075509445258 -0.031476750811670798 0.069451439456529526 -0.0073327263118823354 0.043427288045351523
leaf_weight=244.72644077718724 0.93753080070018668 22.76416377350688 14.699644696433095 2.4579870216548469 181.67333925003186 1.7228984781540955 9.8010701385792327 1.4409881480969478 4.7909593060612679 4.385442739352583 20.985210903920233 12.678676706738768 1.6118723517283822 11.857695502694694 2.684261053800582
leaf_count=2896 14 303 247 18 2072 38 106 14 64 35 181 154 12 133 13
internal_value=-2.63756e-05 -8.44899e-05 -0.0013569 -0.000417388 0.0019384 0.0154689 0.00997442 0.0249887 -0.00551197 0.0131022 -0.00711237 -0.0122226 -0.00594999 0.00876373 0.00203693
internal_weight=539.218 538.281 293.554 278.855 206.273 24.5993 22.1414 11.2421 10.8993 6.10834 72.5819 51.5967 38.918 16.1538 14.542
internal_count=6300 6286 3390 3143 2347 275 257 120 137 73 796 615 461 158 146
is_linear=0
shrinkage=0.03


Tree=292
num_leaves=16
num_cat=0
split_feature=6 14 9 10 8 4 16 8 9 17 10 4 10 1 1
split_gain=1.15639 1.14227 1.1702 5.77081 4.99742 10.2522 4.88402 5.31719 7.79595 5.86149 5.79493 19.0705 14.0919 8.76898 8.01471
threshold=0.071741382505352544 12.160000000000002 2628.0000000000005 -8.3099769665640713e-15 2656.0000000000005 13.60590277777778 74.658194444444447 2498.5000000000005 2444.6053240740744 0.67881944444444453 -1.7284056048197756e-14 16.354745370370374 -1.0364007625571203e-14 4.1000000000000005 3.8500000000000019
decision_type=2 2 2 2 2 2 2 2 2 2 2 2 2 2 2
left_child=1 -1 3 6 5 -4 -3 8 10 -10 -8 13 -13 14 -12
right_child=-2 2 4 -5 -6 -7 7 -9 9 -11 11 12 -14 -15 -16
leaf_value=0.031137349822327746 0.030398638895776074 -0.018262665651955778 0.073666050805042294 -0.0063888813423068425 0.00029302245987205064 0.004668612418253169 -0.0055537458422308793 -0.019266101303547792 -0.0038725147076055025 0.058359945712481757 0.0087584395404831442 0.026086220181887772 0.10606684225089877 0.015185447995366993 -0.033955346653346388
leaf_weight=1.0521826460026193 1.1219514702679578 8.3938813577406091 2.5487862681038669 115.79767538281158 315.10265577142127 8.0903958398848754 28.129002530593425 7.0502016788814208 1.953347623348235 4.5003323890268803 7.1551617244258514 6.8717304766178131 2.7866344228386861 19.334229335188866 8.8359537450596672
leaf_count=42 168 173 24 1633 3207 61 434 87 18 25 79 36 18 180 115
internal_value=-2.65303e-05 -9.00263e-05 -0.000151264 -0.00189282 0.00097581 0.0211981 0.00358692 0.00570433 0.0079169 0.0395239 0.00512694 0.0118057 0.0491623 0.00159203 -0.0148432
internal_weight=538.724 537.602 536.55 210.808 325.742 10.6392 95.0105 86.6166 79.5664 6.45368 73.1127 44.9837 9.65836 35.3253 15.9911
internal_count=6300 6132 6090 2798 3292 85 1165 992 905 43 862 428 54 374 194
is_linear=0
shrinkage=0.03


Tree=293
num_leaves=16
num_cat=0
split_feature=10 9 9 1 15 8 8 4 2 6 10 10 8 6 16
split_gain=1.13498 1.22563 2.25688 2.54099 1.68506 1.35004 4.51161 9.58395 4.19002 5.19692 7.60222 9.52384 5.23028 6.49304 8.54589
threshold=-9.1350585052644827e-14 1516.0358796296298 1542.0966435185187 5.8500000000000023 13.129513888888891 2628.0000000000005 2656.0000000000005 14.989583333333334 -0.0053277427622868689 0.0053997905768513399 -1.0873269802499943e-14 3.8741847777034414e-15 3737.0000000000005 -0.00028243100534282588 81.29777199074077
decision_type=2 2 2 2 2 2 2 2 2 2 2 2 2 2 2
left_child=-1 -2 3 -3 -5 -4 7 -7 9 10 -8 12 13 -12 -15
right_child=1 2 5 4 -6 6 8 -9 -10 -11 11 -13 -14 14 -16
leaf_value=0.030284355583935829 -0.028298111394734544 0.048639936506340305 -0.0020738398275825061 0.032302721698652254 -0.032651677963980025 0.071268780922211464 -0.013399576654955569 0.0042803452669015057 -0.0016144775920407129 0.018973636593456595 0.018388298135490009 -0.0022875836037836725 -0.032790605255569732 0.017432044919629873 0.09829639712038743
leaf_weight=1.1095057830680151 1.3826571376994241 1.8060414940118783 205.58794019068591 0.6337298755533991 0.83052909094840288 2.5275737291667602 19.802856042981148 8.0247749330010247 236.80707167601213 21.42703262437135 8.6952186445705575 23.5673315403983 1.152455911040305 2.1345578432083121 2.6198156885802746
leaf_count=127 34 8 2719 9 13 16 243 54 2526 205 58 226 25 20 17
internal_value=-2.67643e-05 -8.93907e-05 -1.65719e-05 0.0248291 -0.00453948 -0.000169204 0.00102914 0.0203259 0.000385178 0.00634912 0.00168299 0.00950805 0.0285459 0.0338017 0.061991
internal_weight=538.109 537 535.617 3.2703 1.46426 532.347 326.759 10.5523 316.206 79.3993 57.9722 38.1694 14.602 13.4496 4.75437
internal_count=6300 6173 6139 30 22 6109 3390 70 3320 794 589 346 120 95 37
is_linear=0
shrinkage=0.03


Tree=294
num_leaves=16
num_cat=0
split_feature=3 16 8 1 8 2 10 3 5 10 10 1 6 2 10
split_gain=1.15031 4.85031 3.575 3.94048 3.4865 3.40182 3.38089 2.9301 2.56318 2.58721 2.13218 2.05163 2.02273 2.0056 4.64331
threshold=1.736979166666667 79.747349537037053 3207.5000000000005 7.1500000000000012 3636.0000000000005 -0.0030011866567536656 -2.0626794278458477e-14 1.7050347222222226 19.500000000000004 -9.1180093768749655e-15 -4.1501528847619061e-14 6.8500000000000005 0.0068222158219411267 -0.019220562986579499 -4.998512130797359e-15
decision_type=2 2 2 2 2 2 2 2 2 2 2 2 2 2 2
left_child=7 2 6 -4 5 -3 -2 11 9 -8 -9 13 -11 14 -1
right_child=1 4 3 -5 -6 -7 8 10 -10 12 -12 -13 -14 -15 -16
leaf_value=-0.0094026104368059027 0.040806270712055975 0.14669693711211057 -0.027138540642913312 0.041135660885368679 -0.02880079256258463 0.042230984287808346 -0.020394637463717946 0.020772351256008893 -0.031058588407887888 0.0052408920163364977 -0.019949380256652407 -0.023549489340503483 0.039780360568438491 -0.00011562376471631081 0.028474146318385556
leaf_weight=5.0737894028425217 2.5635341757442829 0.31809597462415773 5.4343735547736278 0.88466875068843354 0.54241102258674789 2.3766116788610807 2.0446578045375663 1.3059527371078719 1.7254720511846233 4.0344258830882609 10.160410446114836 3.3005476482212535 2.4542826469987631 488.65217765967827 6.8394784671254438
leaf_count=70 33 4 108 22 13 72 38 9 50 48 192 70 26 5480 65
internal_value=-2.6665e-05 0.00663192 0.000888346 -0.0175801 0.0405943 0.0545626 0.00998986 -0.000315817 0.00228929 0.00903233 -0.0153114 2.54342e-05 0.0183051 0.000180879 0.0123427
internal_weight=537.711 22.3785 19.1414 6.31904 3.23712 2.69471 12.8224 515.332 10.2588 8.53337 11.4664 503.866 6.48871 500.565 11.9133
internal_count=6300 414 325 130 89 76 195 5886 162 112 201 5685 74 5615 135
is_linear=0
shrinkage=0.03


Tree=295
num_leaves=16
num_cat=0
split_feature=5 9 8 16 2 8 2 7 2 4 1 17 7 9 8
split_gain=1.14688 2.243 2.50519 2.99612 2.90835 2.13025 3.45677 1.6413 1.59523 4.19068 4.29842 3.623 4.09999 3.14933 4.11127
threshold=23.500000000000004 2444.6053240740744 2817.0000000000005 84.991875000000007 -0.0026539862959564313 2210.5000000000005 0.00093466801519100074 20.456597222222225 -0.012533283321835153 10.903356481481483 6.6500000000000012 0.76331018518518523 15.52604166666667 1795.5000000000002 3105.5000000000005
decision_type=2 2 2 2 2 2 2 2 2 2 2 2 2 2 2
left_child=7 5 -3 4 -4 6 -2 8 9 -1 11 13 -13 -11 -15
right_child=1 2 3 -5 -6 -7 -8 -9 -10 10 -12 12 -14 14 -16
leaf_value=-0.018857701365087222 0.048008306784646147 0.038615061020453853 0.023493168511997075 0.038129856803160833 -0.027590268400541663 -0.027500397135334385 -0.017065889826012932 -0.03224751833552645 -0.00066098138419218603 -0.030674076784552175 -0.013901941800355163 -0.033770560943249033 0.028314217235998126 0.029792949323407886 0.004645773535847008
leaf_weight=5.5360580608248702 1.2569800415076309 3.2176812358666194 1.6295326298568387 1.8130092135397715 2.6091070370748648 2.4881289899349213 1.7680674167349932 1.4396438049152482 479.36924832407385 1.1445572515949667 6.0544391321018329 2.7338458867743602 1.4731814227998254 15.376531284768136 9.4452940858900529
leaf_count=117 45 34 26 43 63 35 28 25 5488 33 99 38 15 125 86
internal_value=-2.63267e-05 0.0082141 0.0172265 0.00585406 -0.00795139 -0.00693841 0.00997401 -0.000259431 -0.000171063 0.00545225 0.00916711 0.013796 -0.0120302 0.0179804 0.0202239
internal_weight=537.355 14.7825 9.26933 6.05165 4.23864 5.51318 3.02505 522.573 521.133 41.7639 36.2278 30.1734 4.20703 25.9664 24.8218
internal_count=6300 274 166 132 89 108 73 6026 6001 513 396 297 53 244 211
is_linear=0
shrinkage=0.03


Tree=296
num_leaves=16
num_cat=0
split_feature=12 6 6 10 17 8 4 10 8 1 10 16 10 10 8
split_gain=1.13009 1.18791 3.60399 11.447 3.35704 3.66097 4.45874 3.34826 7.70073 4.35288 6.43504 5.129 4.07036 3.73472 5.45038
threshold=1.0000000180025095e-35 -0.00028243100534282588 -5.7379263536010438e-05 3.8741847777034414e-15 0.59895833333333348 2628.0000000000005 10.903356481481483 1.1599327130195827e-14 1879.0000000000002 4.9000000000000012 6.3102686309897374e-15 79.599375000000023 6.3102686309897374e-15 1.4153870416576328e-14 2962.0000000000005
decision_type=2 2 2 2 2 2 2 2 2 2 2 2 2 2 2
left_child=1 4 3 -3 5 -1 -7 9 -9 12 -11 -12 -6 14 -10
right_child=-2 2 -4 -5 7 6 -8 8 13 10 11 -13 -14 -15 -16
leaf_value=-0.018126256547855744 0.033268837649682761 0.038268064750379985 0.00031773161855948746 -0.034586454723788046 -0.0070042945829983773 -0.033302562183818329 0.034343947909396433 0.0579769272243182 -0.0052898463821745775 -0.00090382439841257681 -0.0085620008662598834 0.068189577037878243 -0.030030251782058513 -0.0076489816369819837 0.048791688005461589
leaf_weight=2.3293035849928838 0.91593662090599437 7.2181435246020538 379.71744525129907 2.6548886112868786 78.650685495231301 1.0171991065144537 6.359161201864481 2.3695272477343705 3.679542193189266 23.325042939512063 1.1758752688765519 2.3489995375275612 7.5748379863798609 14.463040145114062 3.081881444901228
leaf_count=39 14 67 4543 31 888 16 54 14 34 295 25 12 99 145 24
internal_value=-2.58146e-05 -8.27134e-05 0.000783 0.0186773 -0.00238689 0.0146617 0.0250155 -0.00359761 0.00668206 -0.00574253 0.00480552 0.0425858 -0.00902711 0.000955428 0.0193607
internal_weight=536.882 535.966 389.59 9.87303 146.375 9.70566 7.37636 136.669 23.594 113.075 26.8499 3.52487 86.2255 21.2245 6.76142
internal_count=6300 6286 4641 98 1645 109 70 1536 217 1319 332 37 987 203 58
is_linear=0
shrinkage=0.03


Tree=297
num_leaves=16
num_cat=0
split_feature=15 1 8 2 16 17 8 3 17 10 4 10 4 4 15
split_gain=1.13003 2.76722 2.56115 2.58554 2.48932 1.4709 8.2659 5.86807 4.03833 3.92834 6.5323 2.82408 2.47083 3.65399 2.44043
threshold=12.964872685185187 3.7999999999999994 1962.0000000000002 -0.0039139244067274192 93.068686342592613 0.81655092592592604 2231.5000000000005 1.2453125000000005 0.81192129629629639 -1.7957239251065824e-14 17.327546296296301 -1.4457661589187166e-14 13.456597222222223 11.910300925925927 12.994965277777778
decision_type=2 2 2 2 2 2 2 2 2 2 2 2 2 2 2
left_child=1 -1 -3 -4 5 8 11 9 -2 10 -8 -7 13 -11 -13
right_child=4 2 3 -5 -6 6 7 -9 -10 12 -12 14 -14 -15 -16
leaf_value=-0.031668534625293045 -0.00014022153564310159 -0.030195249308811765 0.043568477862843853 0.0027933898764876588 -0.031128580362638381 0.0012116846602917492 -0.011380542760677275 0.048064891395344325 -0.029261062872594293 -0.032850785753993715 0.066954321254356491 0.019083490202480048 -0.034544383256650574 0.019862619692683749 0.064057048451584817
leaf_weight=1.143546194769441 499.71384523820598 0.83413675799965847 3.2630376527085896 2.4508219030685727 2.3305361894890657 1.5271026748232541 3.0241562239825752 1.7484762733802188 4.3229191920254371 2.2215164490044099 1.4023438650183377 1.6822000369429613 5.3084860790986568 2.5328690484166145 3.0634931847453117
leaf_count=12 5913 10 27 19 52 22 31 11 54 38 11 11 59 14 16
internal_value=-2.57929e-05 0.0113905 0.0189103 0.026079 -0.000191821 -5.48928e-05 0.00744804 -0.00385093 -0.000389979 -0.0101158 0.0134364 0.0366967 -0.020476 -0.00476805 0.0481153
internal_weight=536.569 7.69154 6.548 5.71386 528.878 526.547 22.5106 16.2378 504.037 14.4894 4.4265 6.2728 10.0629 4.75439 4.74569
internal_count=6300 68 56 46 6232 6180 213 164 5967 153 42 49 111 52 27
is_linear=0
shrinkage=0.03


Tree=298
num_leaves=16
num_cat=0
split_feature=6 5 8 8 2 7 10 1 10 10 16 8 16 3 1
split_gain=1.12337 1.15115 6.1066 8.7944 8.15778 5.77969 8.96904 12.2907 8.42341 9.35103 15.2038 6.98354 6.86585 6.1797 5.807
threshold=0.071741382505352544 17.500000000000004 1746.5000000000002 1718.5000000000002 -0.0022870380913469057 14.951388888888891 3.8741847777034414e-15 4.4000000000000012 2.125285514897248e-15 1.4757440184933179e-15 80.652146990740761 3795.5000000000005 75.68629050925928 1.4515625000000003 5.4500000000000002
decision_type=2 2 2 2 2 2 2 2 2 2 2 2 2 2 2
left_child=1 2 3 4 -1 6 11 -8 9 -7 -11 -3 -9 -13 -14
right_child=-2 5 -4 -5 -6 8 7 12 -10 10 -12 13 14 -15 -16
leaf_value=-0.021089069542406962 0.030394256299531758 -0.024514597078608553 -0.00012749982711965179 0.086657250144072717 0.021050966458923941 0.0039816331281076044 -0.030883200701102679 -0.0033962476278051536 -0.010024776088896842 -0.031276423898973504 0.17631592913665842 -0.033606355391013837 0.058555071358976044 0.068550331347457111 -0.0093205097660993171
leaf_weight=5.4356782832183006 1.090370408957823 28.791274090763185 288.31978164520115 1.4709214009344567 17.272174362326041 126.19228971912526 5.3310627695173052 4.7228056997992081 47.265878351870924 0.56597165763378032 0.72331317514181137 0.85423347353935186 5.2377534434199333 1.4169247858226297 1.4480157876387236
leaf_count=144 168 443 3324 16 228 1157 100 54 557 18 7 10 29 20 25
internal_value=-2.5371e-05 -8.73629e-05 0.00108694 0.0155686 0.0109637 -0.00173629 -0.0109799 0.00672181 0.000792295 0.0048029 0.0851868 -0.0205194 0.0242941 0.0301269 0.0438545
internal_weight=536.138 535.048 312.499 24.1788 22.7079 222.55 47.8021 16.7396 174.747 127.482 1.28928 31.0624 11.4086 2.27116 6.68577
internal_count=6300 6132 3712 388 372 2420 681 208 1739 1182 25 473 108 30 54
is_linear=0
shrinkage=0.03


Tree=299
num_leaves=16
num_cat=0
split_feature=3 16 8 1 9 8 3 16 2 6 3 1 4 0 6
split_gain=1.11643 4.51789 3.39724 3.77485 3.27913 3.24424 2.75449 2.69998 2.55499 2.48555 2.73196 2.66415 2.1048 2.0492 2.03737
threshold=1.736979166666667 79.747349537037053 3207.5000000000005 7.1500000000000012 2699.06712962963 3636.0000000000005 1.7050347222222226 72.255104166666698 -0.0030011866567536656 0.0065270586764367968 1.7421875000000002 4.6000000000000005 14.676504629629632 1.6693865740740745 -0.015206900247155134
decision_type=2 2 2 2 2 2 2 2 2 2 2 2 2 2 2
left_child=6 2 4 -4 9 8 -1 -6 -3 10 -2 -11 -9 -13 -5
right_child=1 5 3 14 7 -7 -8 12 -10 11 -12 13 -14 -15 -16
leaf_value=1.8489428648868118e-05 0.028235501867346066 0.12866279052050539 -0.026862569417438219 -0.042254050994190981 0.049926399588007854 -0.028432104900359672 -0.014984670810635037 -0.017985424519296026 0.041479703121580863 0.066725382343346185 -0.026771118121847157 0.038741852468925218 0.03400254222916866 -0.029217260413962439 0.065607009696543525
leaf_weight=502.25107138289604 1.0250773299485496 0.3471872955560692 5.2914592986926428 0.20590373873710632 2.5613885677885264 0.53090801509097207 11.260235236957667 1.4396136393770578 2.3519843353424212 0.79512972384691272 3.9207753571681678 0.69620629935525336 1.3658698853105304 0.93647160939872265 0.67198172817006696
leaf_count=5685 11 4 108 1 20 13 201 16 72 5 100 8 13 22 21
internal_value=-2.61122e-05 0.00656991 0.000968949 -0.0173042 0.00981736 0.0393597 -0.000310499 0.0276571 0.0526938 -0.00316714 -0.0153704 0.021693 0.00732529 -0.000238144 0.0403087
internal_weight=535.651 22.14 18.9099 6.16934 12.7405 3.23008 513.511 5.36687 2.69917 7.37366 4.94585 2.42781 2.80548 1.63268 0.877885
internal_count=6300 414 325 130 195 89 5886 49 76 146 111 35 29 30 22
is_linear=0
shrinkage=0.03


end of trees

feature_importances:
iso_slope_per_h=879
iso_min=597
imb_mean=341
td_slope_per_h=305
td_max=288
imb_slope_per_h=288
td_mean_24h=274
soc_mean=267
imb_max=233
td_mean=201
aux_mean=200
imb_mean_24h=187
soc_gt80_frac=145
aux_min=111
iso_mean=101
hvil_false_frac=83

parameters:
[boosting: gbdt]
[objective: binary]
[metric: binary_logloss]
[tree_learner: serial]
[device_type: cpu]
[data_sample_strategy: bagging]
[data: ]
[valid: ]
[num_iterations: 300]
[learning_rate: 0.03]
[num_leaves: 16]
[num_threads: 1]
[seed: 7]
[deterministic: 0]
[force_col_wise: 0]
[force_row_wise: 0]
[histogram_pool_size: -1]
[max_depth: -1]
[min_data_in_leaf: 10]
[min_sum_hessian_in_leaf: 0.001]
[bagging_fraction: 1]
[pos_bagging_fraction: 1]
[neg_bagging_fraction: 1]
[bagging_freq: 0]
[bagging_seed: 17422]
[bagging_by_query: 0]
[feature_fraction: 1]
[feature_fraction_bynode: 1]
[feature_fraction_seed: 7040]
[extra_trees: 0]
[extra_seed: 6516]
[early_stopping_round: 0]
[early_stopping_min_delta: 0]
[first_metric_only: 0]
[max_delta_step: 0]
[lambda_l1: 0]
[lambda_l2: 0]
[linear_lambda: 0]
[min_gain_to_split: 0]
[drop_rate: 0.1]
[max_drop: 50]
[skip_drop: 0.5]
[xgboost_dart_mode: 0]
[uniform_drop: 0]
[drop_seed: 15215]
[top_rate: 0.2]
[other_rate: 0.1]
[min_data_per_group: 100]
[max_cat_threshold: 32]
[cat_l2: 10]
[cat_smooth: 10]
[max_cat_to_onehot: 4]
[top_k: 20]
[monotone_constraints: ]
[monotone_constraints_method: basic]
[monotone_penalty: 0]
[feature_contri: ]
[forcedsplits_filename: ]
[refit_decay_rate: 0.9]
[cegb_tradeoff: 1]
[cegb_penalty_split: 0]
[cegb_penalty_feature_lazy: ]
[cegb_penalty_feature_coupled: ]
[path_smooth: 0]
[interaction_constraints: ]
[verbosity: -1]
[saved_feature_importance_type: 0]
[use_quantized_grad: 0]
[num_grad_quant_bins: 4]
[quant_train_renew_leaf: 0]
[stochastic_rounding: 1]
[linear_tree: 0]
[max_bin: 255]
[max_bin_by_feature: ]
[min_data_in_bin: 3]
[bin_construct_sample_cnt: 200000]
[data_random_seed: 61]
[is_enable_sparse: 1]
[enable_bundle: 1]
[use_missing: 1]
[zero_as_missing: 0]
[feature_pre_filter: 1]
[pre_partition: 0]
[two_round: 0]
[header: 0]
[label_column: ]
[weight_column: ]
[group_column: ]
[ignore_column: ]
[categorical_feature: ]
[forcedbins_filename: ]
[precise_float_parser: 0]
[parser_config_file: ]
[objective_seed: 15521]
[num_class: 1]
[is_unbalance: 0]
[scale_pos_weight: 1]
[sigmoid: 1]
[boost_from_average: 1]
[reg_sqrt: 0]
[alpha: 0.9]
[fair_c: 1]
[poisson_max_delta_step: 0.7]
[tweedie_variance_power: 1.5]
[lambdarank_truncation_level: 30]
[lambdarank_norm: 1]
[label_gain: ]
[lambdarank_position_bias_regularization: 0]
[eval_at: ]
[multi_error_top_k: 1]
[auc_mu_weights: ]
[num_machines: 1]
[local_listen_port: 12400]
[time_out: 120]
[machine_list_filename: ]
[machines: ]
[gpu_platform_id: -1]
[gpu_device_id: -1]
[gpu_use_dp: 0]
[num_gpu: 1]

end of parameters

pandas_categorical:[]
